<level name="levels/export66/_base.dat.xml">
	<version>66</version>
	<isLevel>true</isLevel>
	<ent>
		<class>8</class>
		<mCollidable>true</mCollidable>
		<mVisible>true</mVisible>
		<mMoving>true</mMoving>
		<mBouncy>0.750000</mBouncy>
		<mSolidColor>65280</mSolidColor>
		<mImageName>catchera</mImageName>
		<mImageDY>-16.000000</mImageDY>
		<mId>freeball</mId>
		<mover>
			<mMoveType>2</mMoveType>
			<mOrigX>326.000000</mOrigX>
			<mOrigY>556.000000</mOrigY>
			<mMoveTime>600</mMoveTime>
			<mMoveRadius>260</mMoveRadius>
			<mMovePhase>0.250000</mMovePhase>
		</mover>
		<hole>
			<mWidth>130</mWidth>
			<mHeight>20</mHeight>
		</hole>
	</ent>
	<ent>
		<class>3</class>
		<mCollidable>true</mCollidable>
		<mMoving>true</mMoving>
		<mRolly>0.000010</mRolly>
		<mBouncy>0.750000</mBouncy>
		<mId>wall</mId>
		<poly>
			<mIsRect>true</mIsRect>
			<mx>-20.000000</mx>
			<my>240.000000</my>
			<points>
				<x>-19.500000</x>
				<y>-999.500000</y>
				<x>-19.500000</x>
				<y>999.500000</y>
				<x>19.500000</x>
				<y>999.500000</y>
				<x>19.500000</x>
				<y>-999.500000</y>
				<x>-19.500000</x>
				<y>-999.500000</y>
			</points>
		</poly>
	</ent>
	<ent>
		<class>3</class>
		<mCollidable>true</mCollidable>
		<mMoving>true</mMoving>
		<mRolly>0.000010</mRolly>
		<mBouncy>0.750000</mBouncy>
		<mId>wall</mId>
		<poly>
			<mIsRect>true</mIsRect>
			<mx>669.000000</mx>
			<my>240.000000</my>
			<points>
				<x>-19.500000</x>
				<y>-999.500000</y>
				<x>-19.500000</x>
				<y>999.500000</y>
				<x>19.500000</x>
				<y>999.500000</y>
				<x>19.500000</x>
				<y>-999.500000</y>
				<x>-19.500000</x>
				<y>-999.500000</y>
			</points>
		</poly>
	</ent>
	<ent>
		<class>8</class>
		<mBouncy>0.750000</mBouncy>
		<mSolidColor>8913151</mSolidColor>
		<mImageName>bonushole</mImageName>
		<mImageDY>-17.000000</mImageDY>
		<mId>fever</mId>
		<mSubId>2</mSubId>
		<mover>
			<mMoveType>1</mMoveType>
			<mOrigX>197.000000</mOrigX>
			<mOrigY>592.000000</mOrigY>
			<mMoveTime>20</mMoveTime>
			<mMoveRadius>30</mMoveRadius>
			<mMovePhase>0.750000</mMovePhase>
			<mx>197.000000</mx>
			<my>622.000000</my>
		</mover>
		<hole>
			<mWidth>80</mWidth>
			<mHeight>18</mHeight>
			<mScore>50000</mScore>
		</hole>
	</ent>
	<ent>
		<class>8</class>
		<mSolidColor>16711935</mSolidColor>
		<mImageName>bonushole</mImageName>
		<mImageDY>-17.000000</mImageDY>
		<mId>fever</mId>
		<mSubId>1</mSubId>
		<mover>
			<mMoveType>1</mMoveType>
			<mOrigX>65.000000</mOrigX>
			<mOrigY>592.000000</mOrigY>
			<mMoveTime>20</mMoveTime>
			<mMoveRadius>30</mMoveRadius>
			<mMovePhase>0.750000</mMovePhase>
			<mx>65.000000</mx>
			<my>622.000000</my>
		</mover>
		<hole>
			<mWidth>80</mWidth>
			<mHeight>18</mHeight>
			<mScore>10000</mScore>
		</hole>
	</ent>
	<ent>
		<class>8</class>
		<mBouncy>0.750000</mBouncy>
		<mSolidColor>43520</mSolidColor>
		<mImageName>bonushole</mImageName>
		<mImageDY>-17.000000</mImageDY>
		<mId>fever</mId>
		<mSubId>3</mSubId>
		<mover>
			<mMoveType>1</mMoveType>
			<mOrigX>325.000000</mOrigX>
			<mOrigY>592.000000</mOrigY>
			<mMoveTime>20</mMoveTime>
			<mMoveRadius>30</mMoveRadius>
			<mMovePhase>0.750000</mMovePhase>
			<mx>325.000000</mx>
			<my>622.000000</my>
		</mover>
		<hole>
			<mWidth>80</mWidth>
			<mHeight>18</mHeight>
			<mScore>100000</mScore>
		</hole>
	</ent>
	<ent>
		<class>5</class>
		<mOutlineColor>7833753</mOutlineColor>
		<mImageName>bonusbumper</mImageName>
		<mImageDY>-22.000000</mImageDY>
		<mId>fever</mId>
		<mSoundId>4</mSoundId>
		<mover>
			<mMoveType>1</mMoveType>
			<mOrigX>262.000000</mOrigX>
			<mOrigY>591.000000</mOrigY>
			<mMoveTime>20</mMoveTime>
			<mMoveRadius>30</mMoveRadius>
			<mMovePhase>0.750000</mMovePhase>
			<mx>262.000000</mx>
			<my>621.000000</my>
		</mover>
		<ball>
			<mIsPeg>true</mIsPeg>
			<mRadius>37.000000</mRadius>
		</ball>
	</ent>
	<ent>
		<class>8</class>
		<mBouncy>0.750000</mBouncy>
		<mSolidColor>8913151</mSolidColor>
		<mImageName>bonushole</mImageName>
		<mImageDY>-17.000000</mImageDY>
		<mId>fever</mId>
		<mSubId>4</mSubId>
		<mover>
			<mMoveType>1</mMoveType>
			<mOrigX>452.000000</mOrigX>
			<mOrigY>592.000000</mOrigY>
			<mMoveTime>20</mMoveTime>
			<mMoveRadius>30</mMoveRadius>
			<mMovePhase>0.750000</mMovePhase>
			<mx>452.000000</mx>
			<my>622.000000</my>
		</mover>
		<hole>
			<mWidth>80</mWidth>
			<mHeight>18</mHeight>
			<mScore>50000</mScore>
		</hole>
	</ent>
	<ent>
		<class>8</class>
		<mSolidColor>16711935</mSolidColor>
		<mImageName>bonushole</mImageName>
		<mImageDY>-17.000000</mImageDY>
		<mId>fever</mId>
		<mSubId>5</mSubId>
		<mover>
			<mMoveType>1</mMoveType>
			<mOrigX>578.000000</mOrigX>
			<mOrigY>592.000000</mOrigY>
			<mMoveTime>20</mMoveTime>
			<mMoveRadius>30</mMoveRadius>
			<mMovePhase>0.750000</mMovePhase>
			<mx>578.000000</mx>
			<my>622.000000</my>
		</mover>
		<hole>
			<mWidth>80</mWidth>
			<mHeight>18</mHeight>
			<mScore>10000</mScore>
		</hole>
	</ent>
	<ent>
		<class>3</class>
		<mCollidable>true</mCollidable>
		<mMoving>true</mMoving>
		<mBouncy>0.750000</mBouncy>
		<mId>wall</mId>
		<poly>
			<mIsRect>true</mIsRect>
			<mx>325.000000</mx>
			<my>-3.000000</my>
			<points>
				<x>-324.250000</x>
				<y>-12.375000</y>
				<x>-324.250000</x>
				<y>12.375000</y>
				<x>324.250000</x>
				<y>12.375000</y>
				<x>324.250000</x>
				<y>-12.375000</y>
				<x>-324.250000</x>
				<y>-12.375000</y>
			</points>
		</poly>
	</ent>
	<ent>
		<class>3</class>
		<mCollidable>true</mCollidable>
		<mMoving>true</mMoving>
		<mBouncy>0.750000</mBouncy>
		<mImageDX>-4.412781</mImageDX>
		<mImageDY>-38.437500</mImageDY>
		<mId>freeball</mId>
		<mSoundId>1</mSoundId>
		<mover>
			<mMoveType>2</mMoveType>
			<mOrigX>255.912491</mOrigX>
			<mOrigY>546.500000</mOrigY>
			<mMoveTime>600</mMoveTime>
			<mMoveRadius>260</mMoveRadius>
			<mMovePhase>0.250000</mMovePhase>
			<mx>255.912476</mx>
			<my>546.500000</my>
		</mover>
		<poly>
			<points>
				<x>7.420868</x>
				<y>-13.833313</y>
				<x>-18.912781</x>
				<y>6.562500</y>
				<x>-19.245819</x>
				<y>30.833313</y>
				<x>13.749710</x>
				<y>7.000000</y>
				<x>7.587219</x>
				<y>-4.250000</y>
				<x>7.420868</x>
				<y>-13.833313</y>
			</points>
		</poly>
	</ent>
	<ent>
		<class>3</class>
		<mVisible>true</mVisible>
		<mMoving>true</mMoving>
		<mForeground>true</mForeground>
		<mBouncy>0.750000</mBouncy>
		<mImageName>catcherb</mImageName>
		<mImageDY>-16.000000</mImageDY>
		<mId>freeball</mId>
		<mover>
			<mMoveType>2</mMoveType>
			<mOrigX>326.000000</mOrigX>
			<mOrigY>560.000000</mOrigY>
			<mMoveTime>600</mMoveTime>
			<mMoveRadius>260</mMoveRadius>
			<mMovePhase>0.250000</mMovePhase>
		</mover>
		<poly>
			<mIsRect>true</mIsRect>
			<points>
				<x>-4.500000</x>
				<y>-29.500000</y>
				<x>-4.500000</x>
				<y>29.500000</y>
				<x>4.500000</x>
				<y>29.500000</y>
				<x>4.500000</x>
				<y>-29.500000</y>
				<x>-4.500000</x>
				<y>-29.500000</y>
			</points>
		</poly>
	</ent>
	<ent>
		<class>5</class>
		<mOutlineColor>7833753</mOutlineColor>
		<mImageName>bonusbumper</mImageName>
		<mImageDY>-22.000000</mImageDY>
		<mId>fever</mId>
		<mSoundId>4</mSoundId>
		<mover>
			<mMoveType>1</mMoveType>
			<mOrigX>386.500000</mOrigX>
			<mOrigY>591.000000</mOrigY>
			<mMoveTime>20</mMoveTime>
			<mMoveRadius>30</mMoveRadius>
			<mMovePhase>0.750000</mMovePhase>
			<mx>386.500000</mx>
			<my>621.000000</my>
		</mover>
		<ball>
			<mIsPeg>true</mIsPeg>
			<mRadius>37.000000</mRadius>
		</ball>
	</ent>
	<ent>
		<class>5</class>
		<mOutlineColor>7833753</mOutlineColor>
		<mImageName>bonusbumper</mImageName>
		<mImageDY>-22.000000</mImageDY>
		<mId>fever</mId>
		<mSoundId>4</mSoundId>
		<mover>
			<mMoveType>1</mMoveType>
			<mOrigX>512.000000</mOrigX>
			<mOrigY>591.000000</mOrigY>
			<mMoveTime>20</mMoveTime>
			<mMoveRadius>30</mMoveRadius>
			<mMovePhase>0.750000</mMovePhase>
			<mx>512.000000</mx>
			<my>621.000000</my>
		</mover>
		<ball>
			<mIsPeg>true</mIsPeg>
			<mRadius>37.000000</mRadius>
		</ball>
	</ent>
	<ent>
		<class>5</class>
		<mOutlineColor>7833753</mOutlineColor>
		<mImageName>bonusbumper</mImageName>
		<mImageDY>-22.000000</mImageDY>
		<mId>fever</mId>
		<mSoundId>4</mSoundId>
		<mover>
			<mMoveType>1</mMoveType>
			<mOrigX>646.500000</mOrigX>
			<mOrigY>588.500000</mOrigY>
			<mMoveTime>20</mMoveTime>
			<mMoveRadius>30</mMoveRadius>
			<mMovePhase>0.750000</mMovePhase>
			<mx>646.500000</mx>
			<my>618.500000</my>
		</mover>
		<ball>
			<mIsPeg>true</mIsPeg>
			<mRadius>37.000000</mRadius>
		</ball>
	</ent>
	<ent>
		<class>5</class>
		<mOutlineColor>7833753</mOutlineColor>
		<mImageName>bonusbumper</mImageName>
		<mImageDY>-22.000000</mImageDY>
		<mId>fever</mId>
		<mSoundId>4</mSoundId>
		<mover>
			<mMoveType>1</mMoveType>
			<mOrigX>133.000000</mOrigX>
			<mOrigY>591.000000</mOrigY>
			<mMoveTime>20</mMoveTime>
			<mMoveRadius>30</mMoveRadius>
			<mMovePhase>0.750000</mMovePhase>
			<mx>133.000000</mx>
			<my>621.000000</my>
		</mover>
		<ball>
			<mIsPeg>true</mIsPeg>
			<mRadius>37.000000</mRadius>
		</ball>
	</ent>
	<ent>
		<class>5</class>
		<mOutlineColor>7833753</mOutlineColor>
		<mImageName>bonusbumper</mImageName>
		<mImageDY>-22.000000</mImageDY>
		<mId>fever</mId>
		<mSoundId>4</mSoundId>
		<mover>
			<mMoveType>1</mMoveType>
			<mOrigX>0.000000</mOrigX>
			<mOrigY>591.000000</mOrigY>
			<mMoveTime>20</mMoveTime>
			<mMoveRadius>30</mMoveRadius>
			<mMovePhase>0.750000</mMovePhase>
			<mx>0.000000</mx>
			<my>621.000000</my>
		</mover>
		<ball>
			<mIsPeg>true</mIsPeg>
			<mRadius>37.000000</mRadius>
		</ball>
	</ent>
	<ent>
		<class>3</class>
		<mVisible>true</mVisible>
		<mMoving>true</mMoving>
		<mForeground>true</mForeground>
		<mForeground2>true</mForeground2>
		<mImageName>catcherc</mImageName>
		<mId>freeball</mId>
		<mover>
			<mMoveType>2</mMoveType>
			<mOrigX>326.000000</mOrigX>
			<mOrigY>556.000000</mOrigY>
			<mMoveTime>600</mMoveTime>
			<mMoveRadius>260</mMoveRadius>
			<mMovePhase>0.250000</mMovePhase>
		</mover>
		<poly>
			<mIsRect>true</mIsRect>
			<points>
				<x>-19.500000</x>
				<y>-19.500000</y>
				<x>-19.500000</x>
				<y>19.500000</y>
				<x>19.500000</x>
				<y>19.500000</y>
				<x>19.500000</x>
				<y>-19.500000</y>
				<x>-19.500000</x>
				<y>-19.500000</y>
			</points>
		</poly>
	</ent>
	<ent>
		<class>3</class>
		<mMoving>true</mMoving>
		<mForeground>true</mForeground>
		<mBouncy>0.750000</mBouncy>
		<mImageDX>-7.000000</mImageDX>
		<mImageDY>-5.000000</mImageDY>
		<mId>bumperhole</mId>
		<mSoundId>2</mSoundId>
		<mover>
			<mMoveType>2</mMoveType>
			<mOrigX>213.000000</mOrigX>
			<mOrigY>548.000000</mOrigY>
			<mMoveTime>600</mMoveTime>
			<mMoveRadius>260</mMoveRadius>
			<mMovePhase>0.250000</mMovePhase>
			<mx>212.999985</mx>
			<my>548.000000</my>
		</mover>
		<poly>
			<points>
				<x>25.000000</x>
				<y>4.333344</y>
				<x>45.333344</x>
				<y>-14.000000</y>
				<x>-72.999985</x>
				<y>1.666687</y>
				<x>-72.666641</x>
				<y>5.000000</y>
				<x>25.000000</x>
				<y>4.333344</y>
			</points>
		</poly>
	</ent>
	<ent>
		<class>3</class>
		<mCollidable>true</mCollidable>
		<mMoving>true</mMoving>
		<mBouncy>0.750000</mBouncy>
		<mImageDX>-4.412781</mImageDX>
		<mImageDY>-38.437500</mImageDY>
		<mId>freeball</mId>
		<mSoundId>1</mSoundId>
		<mover>
			<mMoveType>2</mMoveType>
			<mOrigX>393.912476</mOrigX>
			<mOrigY>546.500000</mOrigY>
			<mMoveTime>600</mMoveTime>
			<mMoveRadius>260</mMoveRadius>
			<mMovePhase>0.250000</mMovePhase>
		</mover>
		<poly>
			<points>
				<x>-7.420868</x>
				<y>-13.833313</y>
				<x>-7.587219</x>
				<y>-4.250000</y>
				<x>-13.749710</x>
				<y>7.000000</y>
				<x>18.420868</x>
				<y>29.500000</y>
				<x>18.912781</x>
				<y>6.562500</y>
				<x>-7.420868</x>
				<y>-13.833313</y>
			</points>
		</poly>
	</ent>
	<ent>
		<class>3</class>
		<mMoving>true</mMoving>
		<mForeground>true</mForeground>
		<mBouncy>0.750000</mBouncy>
		<mImageDX>7.000000</mImageDX>
		<mImageDY>-5.000000</mImageDY>
		<mId>bumperhole</mId>
		<mSoundId>2</mSoundId>
		<mover>
			<mMoveType>2</mMoveType>
			<mOrigX>437.000000</mOrigX>
			<mOrigY>548.000000</mOrigY>
			<mMoveTime>600</mMoveTime>
			<mMoveRadius>260</mMoveRadius>
			<mMovePhase>0.250000</mMovePhase>
		</mover>
		<poly>
			<points>
				<x>-25.000000</x>
				<y>4.333344</y>
				<x>72.666641</x>
				<y>5.000000</y>
				<x>72.999985</x>
				<y>1.666687</y>
				<x>-45.333344</x>
				<y>-14.000000</y>
				<x>-25.000000</x>
				<y>4.333344</y>
			</points>
		</poly>
	</ent>
	<ent>
		<class>3</class>
		<mMoving>true</mMoving>
		<mForeground>true</mForeground>
		<mForeground2>true</mForeground2>
		<mImageName>bumperc</mImageName>
		<mId>bumperhole</mId>
		<mSubId>1</mSubId>
		<mover>
			<mMoveType>2</mMoveType>
			<mOrigX>326.000000</mOrigX>
			<mOrigY>555.000000</mOrigY>
			<mMoveTime>600</mMoveTime>
			<mMoveRadius>260</mMoveRadius>
			<mMovePhase>0.250000</mMovePhase>
		</mover>
		<poly>
			<mIsRect>true</mIsRect>
			<points>
				<x>-19.500000</x>
				<y>-19.500000</y>
				<x>-19.500000</x>
				<y>19.500000</y>
				<x>19.500000</x>
				<y>19.500000</y>
				<x>19.500000</x>
				<y>-19.500000</y>
				<x>-19.500000</x>
				<y>-19.500000</y>
			</points>
			<mGrowType>5</mGrowType>
		</poly>
	</ent>
	<ent>
		<class>3</class>
		<mMoving>true</mMoving>
		<mImageName>bumpera</mImageName>
		<mId>bumperhole</mId>
		<mSubId>1</mSubId>
		<mover>
			<mMoveType>2</mMoveType>
			<mOrigX>327.000000</mOrigX>
			<mOrigY>540.000000</mOrigY>
			<mMoveTime>600</mMoveTime>
			<mMoveRadius>260</mMoveRadius>
			<mMovePhase>0.250000</mMovePhase>
		</mover>
		<poly>
			<mIsRect>true</mIsRect>
			<points>
				<x>-19.500000</x>
				<y>-19.500000</y>
				<x>-19.500000</x>
				<y>19.500000</y>
				<x>19.500000</x>
				<y>19.500000</y>
				<x>19.500000</x>
				<y>-19.500000</y>
				<x>-19.500000</x>
				<y>-19.500000</y>
			</points>
			<mGrowType>5</mGrowType>
		</poly>
	</ent>
	<ent>
		<class>3</class>
		<mMoving>true</mMoving>
		<mForeground>true</mForeground>
		<mBouncy>0.750000</mBouncy>
		<mImageName>bumperb</mImageName>
		<mImageDY>-16.000000</mImageDY>
		<mId>bumperhole</mId>
		<mSubId>1</mSubId>
		<mover>
			<mMoveType>2</mMoveType>
			<mOrigX>325.666656</mOrigX>
			<mOrigY>559.000000</mOrigY>
			<mMoveTime>600</mMoveTime>
			<mMoveRadius>260</mMoveRadius>
			<mMovePhase>0.250000</mMovePhase>
		</mover>
		<poly>
			<mIsRect>true</mIsRect>
			<points>
				<x>-4.500000</x>
				<y>-29.500000</y>
				<x>-4.500000</x>
				<y>29.500000</y>
				<x>4.500000</x>
				<y>29.500000</y>
				<x>4.500000</x>
				<y>-29.500000</y>
				<x>-4.500000</x>
				<y>-29.500000</y>
			</points>
			<mGrowType>5</mGrowType>
		</poly>
	</ent>
	<ent>
		<class>6</class>
		<mMoving>true</mMoving>
		<mBouncy>0.750000</mBouncy>
		<mImageName>catchercover</mImageName>
		<mImageDX>-1.333344</mImageDX>
		<mImageDY>-4.666687</mImageDY>
		<mId>freeballcover</mId>
		<mover>
			<mMoveType>2</mMoveType>
			<mOrigX>325.333344</mOrigX>
			<mOrigY>539.666687</mOrigY>
			<mMoveTime>600</mMoveTime>
			<mMoveRadius>260</mMoveRadius>
			<mMovePhase>0.250000</mMovePhase>
		</mover>
		<poly>
			<mGrowType>7</mGrowType>
		</poly>
		<brick>
			<mBrickType>2</mBrickType>
			<mBrickNumSubdiv>5</mBrickNumSubdiv>
			<mBrickAngle>30.000000</mBrickAngle>
			<mBrickThickness>15.000000</mBrickThickness>
			<mBrickRadius>230.000000</mBrickRadius>
			<mBrickRotation>90.000000</mBrickRotation>
			<corners>
				<point>1</point>
				<point>2</point>
				<point>0</point>
				<point>8</point>
			</corners>
		</brick>
	</ent>
</level>
