<level name="levels/export66/slides.dat.xml">
<version>66</version>
<isLevel>true</isLevel>
<ent>
<class>6</class>
<mCollidable>true</mCollidable>
<mMoving>true</mMoving>
<mImageDX>0.812244</mImageDX>
<mImageDY>-0.564232</mImageDY>
<pegInfo>
<mVariable>true</mVariable>
<mCrumble>true</mCrumble>
<mCrumbleCounter>1</mCrumbleCounter>
</pegInfo>
<poly>
<mAllowFlash>true</mAllowFlash>
<mx>555.212769</mx>
<my>390.784363</my>
</poly>
<brick>
<mLeftAnchored>true</mLeftAnchored>
<mRightAnchored>true</mRightAnchored>
<mBrickAngle>-10.000000</mBrickAngle>
<mBrickThickness>20.000191</mBrickThickness>
<mBrickRadius>-200.000000</mBrickRadius>
<mBrickRotation>95.000000</mBrickRotation>
<corners>
<point>3</point>
<point>4</point>
<point>0</point>
<point>7</point>
</corners>
</brick>
</ent>
<ent>
<class>6</class>
<mCollidable>true</mCollidable>
<mMoving>true</mMoving>
<mImageDX>-0.812234</mImageDX>
<mImageDY>-0.564224</mImageDY>
<pegInfo>
<mVariable>true</mVariable>
<mCrumble>true</mCrumble>
<mCrumbleCounter>2</mCrumbleCounter>
</pegInfo>
<poly>
<mAllowFlash>true</mAllowFlash>
<mx>522.107605</mx>
<my>390.784363</my>
</poly>
<brick>
<mLeftAnchored>true</mLeftAnchored>
<mRightAnchored>true</mRightAnchored>
<mBrickAngle>-10.000000</mBrickAngle>
<mBrickThickness>20.000183</mBrickThickness>
<mBrickRadius>-200.000000</mBrickRadius>
<mBrickRotation>85.000000</mBrickRotation>
<corners>
<point>3</point>
<point>4</point>
<point>0</point>
<point>7</point>
</corners>
</brick>
</ent>
<ent>
<class>6</class>
<mCollidable>true</mCollidable>
<mMoving>true</mMoving>
<mImageDX>-0.675546</mImageDX>
<mImageDY>-0.395149</mImageDY>
<pegInfo>
<mVariable>true</mVariable>
<mCrumbleCounter>1</mCrumbleCounter>
</pegInfo>
<poly>
<mAllowFlash>true</mAllowFlash>
<mx>489.505371</mx>
<my>385.035706</my>
</poly>
<brick>
<mLeftAnchored>true</mLeftAnchored>
<mRightAnchored>true</mRightAnchored>
<mBrickAngle>-10.000000</mBrickAngle>
<mBrickThickness>20.000202</mBrickThickness>
<mBrickRadius>-200.000000</mBrickRadius>
<mBrickRotation>75.000000</mBrickRotation>
<corners>
<point>3</point>
<point>4</point>
<point>0</point>
<point>7</point>
</corners>
</brick>
</ent>
<ent>
<class>6</class>
<mCollidable>true</mCollidable>
<mMoving>true</mMoving>
<mImageDX>-0.518322</mImageDX>
<mImageDY>-0.214073</mImageDY>
<pegInfo>
<mVariable>true</mVariable>
</pegInfo>
<poly>
<mAllowFlash>true</mAllowFlash>
<mx>458.396729</mx>
<my>373.713074</my>
</poly>
<brick>
<mLeftAnchored>true</mLeftAnchored>
<mRightAnchored>true</mRightAnchored>
<mBrickAngle>-10.000000</mBrickAngle>
<mBrickThickness>20.000202</mBrickThickness>
<mBrickRadius>-200.000000</mBrickRadius>
<mBrickRotation>65.000000</mBrickRotation>
<corners>
<point>3</point>
<point>4</point>
<point>0</point>
<point>7</point>
</corners>
</brick>
</ent>
<ent>
<class>6</class>
<mCollidable>true</mCollidable>
<mMoving>true</mMoving>
<mImageDX>-0.345345</mImageDX>
<mImageDY>-0.026497</mImageDY>
<pegInfo>
<mVariable>true</mVariable>
<mCrumbleCounter>1</mCrumbleCounter>
</pegInfo>
<poly>
<mAllowFlash>true</mAllowFlash>
<mx>429.726837</mx>
<my>357.160492</my>
</poly>
<brick>
<mLeftAnchored>true</mLeftAnchored>
<mRightAnchored>true</mRightAnchored>
<mBrickAngle>-10.000000</mBrickAngle>
<mBrickThickness>20.000195</mBrickThickness>
<mBrickRadius>-200.000000</mBrickRadius>
<mBrickRotation>55.000000</mBrickRotation>
<corners>
<point>3</point>
<point>4</point>
<point>0</point>
<point>7</point>
</corners>
</brick>
</ent>
<ent>
<class>6</class>
<mCollidable>true</mCollidable>
<mMoving>true</mMoving>
<mImageDX>-0.161900</mImageDX>
<mImageDY>0.161869</mImageDY>
<pegInfo>
<mVariable>true</mVariable>
<mCrumbleCounter>1</mCrumbleCounter>
</pegInfo>
<poly>
<mAllowFlash>true</mAllowFlash>
<mx>404.366821</mx>
<my>335.880920</my>
</poly>
<brick>
<mLeftAnchored>true</mLeftAnchored>
<mRightAnchored>true</mRightAnchored>
<mBrickAngle>-10.000000</mBrickAngle>
<mBrickThickness>20.000212</mBrickThickness>
<mBrickRadius>-200.000000</mBrickRadius>
<mBrickRotation>45.000000</mBrickRotation>
<corners>
<point>3</point>
<point>4</point>
<point>0</point>
<point>7</point>
</corners>
</brick>
</ent>
<ent>
<class>6</class>
<mCollidable>true</mCollidable>
<mMoving>true</mMoving>
<mImageDX>0.026497</mImageDX>
<mImageDY>0.345345</mImageDY>
<pegInfo>
<mVariable>true</mVariable>
<mCrumbleCounter>2</mCrumbleCounter>
</pegInfo>
<poly>
<mAllowFlash>true</mAllowFlash>
<mx>383.087219</mx>
<my>310.520905</my>
</poly>
<brick>
<mLeftAnchored>true</mLeftAnchored>
<mBrickAngle>-10.000000</mBrickAngle>
<mBrickThickness>20.000212</mBrickThickness>
<mBrickRadius>-200.000000</mBrickRadius>
<mBrickRotation>35.000000</mBrickRotation>
<corners>
<point>3</point>
<point>4</point>
<point>0</point>
<point>7</point>
</corners>
</brick>
</ent>
<ent>
<class>6</class>
<mCollidable>true</mCollidable>
<mMoving>true</mMoving>
<mImageDX>-0.812234</mImageDX>
<mImageDY>-0.564224</mImageDY>
<pegInfo>
<mVariable>true</mVariable>
<mCrumble>true</mCrumble>
<mCrumbleCounter>100</mCrumbleCounter>
</pegInfo>
<poly>
<mAllowFlash>true</mAllowFlash>
<mx>100.417236</mx>
<my>384.784363</my>
</poly>
<brick>
<mLeftAnchored>true</mLeftAnchored>
<mRightAnchored>true</mRightAnchored>
<mBrickAngle>-10.000000</mBrickAngle>
<mBrickThickness>20.000191</mBrickThickness>
<mBrickRadius>-200.000000</mBrickRadius>
<mBrickRotation>85.000000</mBrickRotation>
<corners>
<point>3</point>
<point>4</point>
<point>0</point>
<point>7</point>
</corners>
</brick>
</ent>
<ent>
<class>6</class>
<mCollidable>true</mCollidable>
<mMoving>true</mMoving>
<mImageDX>0.812244</mImageDX>
<mImageDY>-0.564232</mImageDY>
<pegInfo>
<mVariable>true</mVariable>
<mCrumble>true</mCrumble>
<mCrumbleCounter>100</mCrumbleCounter>
</pegInfo>
<poly>
<mAllowFlash>true</mAllowFlash>
<mx>133.522400</mx>
<my>384.784363</my>
</poly>
<brick>
<mLeftAnchored>true</mLeftAnchored>
<mRightAnchored>true</mRightAnchored>
<mBrickAngle>-10.000000</mBrickAngle>
<mBrickThickness>20.000183</mBrickThickness>
<mBrickRadius>-200.000000</mBrickRadius>
<mBrickRotation>95.000000</mBrickRotation>
<corners>
<point>3</point>
<point>4</point>
<point>0</point>
<point>7</point>
</corners>
</brick>
</ent>
<ent>
<class>6</class>
<mCollidable>true</mCollidable>
<mMoving>true</mMoving>
<mImageDX>0.675546</mImageDX>
<mImageDY>-0.395164</mImageDY>
<pegInfo>
<mVariable>true</mVariable>
<mCrumbleCounter>3</mCrumbleCounter>
</pegInfo>
<poly>
<mAllowFlash>true</mAllowFlash>
<mx>166.124634</mx>
<my>379.035706</my>
</poly>
<brick>
<mLeftAnchored>true</mLeftAnchored>
<mRightAnchored>true</mRightAnchored>
<mBrickAngle>-10.000000</mBrickAngle>
<mBrickThickness>20.000202</mBrickThickness>
<mBrickRadius>-200.000000</mBrickRadius>
<mBrickRotation>105.000000</mBrickRotation>
<corners>
<point>3</point>
<point>4</point>
<point>0</point>
<point>7</point>
</corners>
</brick>
</ent>
<ent>
<class>6</class>
<mCollidable>true</mCollidable>
<mMoving>true</mMoving>
<mImageDX>0.518326</mImageDX>
<mImageDY>-0.214088</mImageDY>
<pegInfo>
<mVariable>true</mVariable>
<mCrumbleCounter>3</mCrumbleCounter>
</pegInfo>
<poly>
<mAllowFlash>true</mAllowFlash>
<mx>197.233276</mx>
<my>367.713074</my>
</poly>
<brick>
<mLeftAnchored>true</mLeftAnchored>
<mRightAnchored>true</mRightAnchored>
<mBrickAngle>-10.000000</mBrickAngle>
<mBrickThickness>20.000202</mBrickThickness>
<mBrickRadius>-200.000000</mBrickRadius>
<mBrickRotation>115.000000</mBrickRotation>
<corners>
<point>3</point>
<point>4</point>
<point>0</point>
<point>7</point>
</corners>
</brick>
</ent>
<ent>
<class>6</class>
<mCollidable>true</mCollidable>
<mMoving>true</mMoving>
<mImageDX>0.345352</mImageDX>
<mImageDY>-0.026505</mImageDY>
<pegInfo>
<mVariable>true</mVariable>
<mCrumbleCounter>3</mCrumbleCounter>
</pegInfo>
<poly>
<mAllowFlash>true</mAllowFlash>
<mx>225.903198</mx>
<my>351.160492</my>
</poly>
<brick>
<mLeftAnchored>true</mLeftAnchored>
<mRightAnchored>true</mRightAnchored>
<mBrickAngle>-10.000000</mBrickAngle>
<mBrickThickness>20.000195</mBrickThickness>
<mBrickRadius>-200.000000</mBrickRadius>
<mBrickRotation>125.000000</mBrickRotation>
<corners>
<point>3</point>
<point>4</point>
<point>0</point>
<point>7</point>
</corners>
</brick>
</ent>
<ent>
<class>6</class>
<mCollidable>true</mCollidable>
<mMoving>true</mMoving>
<mImageDX>0.161884</mImageDX>
<mImageDY>0.161884</mImageDY>
<pegInfo>
<mVariable>true</mVariable>
<mCrumbleCounter>3</mCrumbleCounter>
</pegInfo>
<poly>
<mAllowFlash>true</mAllowFlash>
<mx>251.263184</mx>
<my>329.880920</my>
</poly>
<brick>
<mLeftAnchored>true</mLeftAnchored>
<mRightAnchored>true</mRightAnchored>
<mBrickAngle>-10.000000</mBrickAngle>
<mBrickThickness>20.000212</mBrickThickness>
<mBrickRadius>-200.000000</mBrickRadius>
<mBrickRotation>135.000000</mBrickRotation>
<corners>
<point>3</point>
<point>4</point>
<point>0</point>
<point>7</point>
</corners>
</brick>
</ent>
<ent>
<class>6</class>
<mCollidable>true</mCollidable>
<mMoving>true</mMoving>
<mImageDX>-0.026497</mImageDX>
<mImageDY>0.345360</mImageDY>
<pegInfo>
<mVariable>true</mVariable>
<mCrumbleCounter>1</mCrumbleCounter>
</pegInfo>
<poly>
<mAllowFlash>true</mAllowFlash>
<mx>272.542786</mx>
<my>304.520905</my>
</poly>
<brick>
<mLeftAnchored>true</mLeftAnchored>
<mBrickAngle>-10.000000</mBrickAngle>
<mBrickThickness>20.000212</mBrickThickness>
<mBrickRadius>-200.000000</mBrickRadius>
<mBrickRotation>145.000000</mBrickRotation>
<corners>
<point>3</point>
<point>4</point>
<point>0</point>
<point>7</point>
</corners>
</brick>
</ent>
<ent>
<class>6</class>
<mCollidable>true</mCollidable>
<mMoving>true</mMoving>
<mImageDX>0.675548</mImageDX>
<mImageDY>-0.395149</mImageDY>
<pegInfo>
<mVariable>true</mVariable>
<mCrumbleCounter>3</mCrumbleCounter>
</pegInfo>
<poly>
<mAllowFlash>true</mAllowFlash>
<mx>211.221436</mx>
<my>488.675232</my>
</poly>
<brick>
<mLeftAnchored>true</mLeftAnchored>
<mRightAnchored>true</mRightAnchored>
<mBrickAngle>-10.000000</mBrickAngle>
<mBrickThickness>20.000231</mBrickThickness>
<mBrickRadius>-200.000000</mBrickRadius>
<mBrickRotation>105.000000</mBrickRotation>
<corners>
<point>3</point>
<point>4</point>
<point>0</point>
<point>7</point>
</corners>
</brick>
</ent>
<ent>
<class>6</class>
<mCollidable>true</mCollidable>
<mMoving>true</mMoving>
<mImageDX>0.812248</mImageDX>
<mImageDY>-0.564224</mImageDY>
<pegInfo>
<mVariable>true</mVariable>
<mCrumble>true</mCrumble>
<mCrumbleCounter>100</mCrumbleCounter>
</pegInfo>
<poly>
<mAllowFlash>true</mAllowFlash>
<mx>178.619232</mx>
<my>494.423889</my>
</poly>
<brick>
<mLeftAnchored>true</mLeftAnchored>
<mRightAnchored>true</mRightAnchored>
<mBrickAngle>-10.000000</mBrickAngle>
<mBrickThickness>20.000229</mBrickThickness>
<mBrickRadius>-200.000000</mBrickRadius>
<mBrickRotation>95.000000</mBrickRotation>
<corners>
<point>3</point>
<point>4</point>
<point>0</point>
<point>7</point>
</corners>
</brick>
</ent>
<ent>
<class>6</class>
<mCollidable>true</mCollidable>
<mMoving>true</mMoving>
<mImageDX>-0.812236</mImageDX>
<mImageDY>-0.564224</mImageDY>
<pegInfo>
<mVariable>true</mVariable>
<mCrumble>true</mCrumble>
</pegInfo>
<poly>
<mAllowFlash>true</mAllowFlash>
<mx>145.514069</mx>
<my>494.423889</my>
</poly>
<brick>
<mLeftAnchored>true</mLeftAnchored>
<mRightAnchored>true</mRightAnchored>
<mBrickAngle>-10.000000</mBrickAngle>
<mBrickThickness>20.000214</mBrickThickness>
<mBrickRadius>-200.000000</mBrickRadius>
<mBrickRotation>85.000000</mBrickRotation>
<corners>
<point>3</point>
<point>4</point>
<point>0</point>
<point>7</point>
</corners>
</brick>
</ent>
<ent>
<class>6</class>
<mCollidable>true</mCollidable>
<mMoving>true</mMoving>
<mImageDX>-0.675546</mImageDX>
<mImageDY>-0.395149</mImageDY>
<pegInfo>
<mVariable>true</mVariable>
<mCrumbleCounter>2</mCrumbleCounter>
</pegInfo>
<poly>
<mAllowFlash>true</mAllowFlash>
<mx>112.911850</mx>
<my>488.675232</my>
</poly>
<brick>
<mLeftAnchored>true</mLeftAnchored>
<mRightAnchored>true</mRightAnchored>
<mBrickAngle>-10.000000</mBrickAngle>
<mBrickThickness>20.000198</mBrickThickness>
<mBrickRadius>-200.000000</mBrickRadius>
<mBrickRotation>75.000000</mBrickRotation>
<corners>
<point>3</point>
<point>4</point>
<point>0</point>
<point>7</point>
</corners>
</brick>
</ent>
<ent>
<class>6</class>
<mCollidable>true</mCollidable>
<mMoving>true</mMoving>
<mImageDX>-0.518322</mImageDX>
<mImageDY>-0.214073</mImageDY>
<pegInfo>
<mVariable>true</mVariable>
<mCrumbleCounter>3</mCrumbleCounter>
</pegInfo>
<poly>
<mAllowFlash>true</mAllowFlash>
<mx>81.803177</mx>
<my>477.352600</my>
</poly>
<brick>
<mLeftAnchored>true</mLeftAnchored>
<mRightAnchored>true</mRightAnchored>
<mBrickAngle>-10.000000</mBrickAngle>
<mBrickThickness>20.000196</mBrickThickness>
<mBrickRadius>-200.000000</mBrickRadius>
<mBrickRotation>65.000000</mBrickRotation>
<corners>
<point>3</point>
<point>4</point>
<point>0</point>
<point>7</point>
</corners>
</brick>
</ent>
<ent>
<class>6</class>
<mCollidable>true</mCollidable>
<mMoving>true</mMoving>
<mImageDX>-0.345345</mImageDX>
<mImageDY>-0.026497</mImageDY>
<pegInfo>
<mVariable>true</mVariable>
</pegInfo>
<poly>
<mAllowFlash>true</mAllowFlash>
<mx>53.133278</mx>
<my>460.799988</my>
</poly>
<brick>
<mLeftAnchored>true</mLeftAnchored>
<mRightAnchored>true</mRightAnchored>
<mBrickAngle>-10.000000</mBrickAngle>
<mBrickThickness>20.000198</mBrickThickness>
<mBrickRadius>-200.000000</mBrickRadius>
<mBrickRotation>55.000000</mBrickRotation>
<corners>
<point>3</point>
<point>4</point>
<point>0</point>
<point>7</point>
</corners>
</brick>
</ent>
<ent>
<class>6</class>
<mCollidable>true</mCollidable>
<mMoving>true</mMoving>
<mImageDX>-0.161903</mImageDX>
<mImageDY>0.161873</mImageDY>
<pegInfo>
<mVariable>true</mVariable>
</pegInfo>
<poly>
<mAllowFlash>true</mAllowFlash>
<mx>27.773277</mx>
<my>439.520447</my>
</poly>
<brick>
<mLeftAnchored>true</mLeftAnchored>
<mRightAnchored>true</mRightAnchored>
<mBrickAngle>-10.000000</mBrickAngle>
<mBrickThickness>20.000202</mBrickThickness>
<mBrickRadius>-200.000000</mBrickRadius>
<mBrickRotation>45.000000</mBrickRotation>
<corners>
<point>3</point>
<point>4</point>
<point>0</point>
<point>7</point>
</corners>
</brick>
</ent>
<ent>
<class>6</class>
<mCollidable>true</mCollidable>
<mMoving>true</mMoving>
<mImageDX>-0.812236</mImageDX>
<mImageDY>-0.564217</mImageDY>
<pegInfo>
<mVariable>true</mVariable>
<mCrumble>true</mCrumble>
<mCrumbleCounter>100</mCrumbleCounter>
</pegInfo>
<poly>
<mAllowFlash>true</mAllowFlash>
<mx>470.823639</mx>
<my>494.023895</my>
</poly>
<brick>
<mLeftAnchored>true</mLeftAnchored>
<mRightAnchored>true</mRightAnchored>
<mBrickAngle>-10.000000</mBrickAngle>
<mBrickThickness>20.000229</mBrickThickness>
<mBrickRadius>-200.000000</mBrickRadius>
<mBrickRotation>85.000000</mBrickRotation>
<corners>
<point>3</point>
<point>4</point>
<point>0</point>
<point>7</point>
</corners>
</brick>
</ent>
<ent>
<class>6</class>
<mCollidable>true</mCollidable>
<mMoving>true</mMoving>
<mImageDX>0.812248</mImageDX>
<mImageDY>-0.564217</mImageDY>
<pegInfo>
<mVariable>true</mVariable>
<mCrumble>true</mCrumble>
<mCrumbleCounter>100</mCrumbleCounter>
</pegInfo>
<poly>
<mAllowFlash>true</mAllowFlash>
<mx>503.928833</mx>
<my>494.023895</my>
</poly>
<brick>
<mLeftAnchored>true</mLeftAnchored>
<mRightAnchored>true</mRightAnchored>
<mBrickAngle>-10.000000</mBrickAngle>
<mBrickThickness>20.000214</mBrickThickness>
<mBrickRadius>-200.000000</mBrickRadius>
<mBrickRotation>95.000000</mBrickRotation>
<corners>
<point>3</point>
<point>4</point>
<point>0</point>
<point>7</point>
</corners>
</brick>
</ent>
<ent>
<class>6</class>
<mCollidable>true</mCollidable>
<mMoving>true</mMoving>
<mImageDX>0.675546</mImageDX>
<mImageDY>-0.395164</mImageDY>
<pegInfo>
<mVariable>true</mVariable>
<mCrumbleCounter>3</mCrumbleCounter>
</pegInfo>
<poly>
<mAllowFlash>true</mAllowFlash>
<mx>536.531006</mx>
<my>488.275238</my>
</poly>
<brick>
<mLeftAnchored>true</mLeftAnchored>
<mRightAnchored>true</mRightAnchored>
<mBrickAngle>-10.000000</mBrickAngle>
<mBrickThickness>20.000198</mBrickThickness>
<mBrickRadius>-200.000000</mBrickRadius>
<mBrickRotation>105.000000</mBrickRotation>
<corners>
<point>3</point>
<point>4</point>
<point>0</point>
<point>7</point>
</corners>
</brick>
</ent>
<ent>
<class>6</class>
<mCollidable>true</mCollidable>
<mMoving>true</mMoving>
<mImageDX>0.518326</mImageDX>
<mImageDY>-0.214088</mImageDY>
<pegInfo>
<mVariable>true</mVariable>
<mCrumbleCounter>3</mCrumbleCounter>
</pegInfo>
<poly>
<mAllowFlash>true</mAllowFlash>
<mx>567.639709</mx>
<my>476.952606</my>
</poly>
<brick>
<mLeftAnchored>true</mLeftAnchored>
<mRightAnchored>true</mRightAnchored>
<mBrickAngle>-10.000000</mBrickAngle>
<mBrickThickness>20.000196</mBrickThickness>
<mBrickRadius>-200.000000</mBrickRadius>
<mBrickRotation>115.000000</mBrickRotation>
<corners>
<point>3</point>
<point>4</point>
<point>0</point>
<point>7</point>
</corners>
</brick>
</ent>
<ent>
<class>6</class>
<mCollidable>true</mCollidable>
<mMoving>true</mMoving>
<mImageDX>0.345352</mImageDX>
<mImageDY>-0.026505</mImageDY>
<pegInfo>
<mVariable>true</mVariable>
<mCrumbleCounter>3</mCrumbleCounter>
</pegInfo>
<poly>
<mAllowFlash>true</mAllowFlash>
<mx>596.309570</mx>
<my>460.399994</my>
</poly>
<brick>
<mLeftAnchored>true</mLeftAnchored>
<mRightAnchored>true</mRightAnchored>
<mBrickAngle>-10.000000</mBrickAngle>
<mBrickThickness>20.000198</mBrickThickness>
<mBrickRadius>-200.000000</mBrickRadius>
<mBrickRotation>125.000000</mBrickRotation>
<corners>
<point>3</point>
<point>4</point>
<point>0</point>
<point>7</point>
</corners>
</brick>
</ent>
<ent>
<class>6</class>
<mCollidable>true</mCollidable>
<mMoving>true</mMoving>
<mImageDX>0.161888</mImageDX>
<mImageDY>0.161888</mImageDY>
<pegInfo>
<mVariable>true</mVariable>
<mCrumbleCounter>3</mCrumbleCounter>
</pegInfo>
<poly>
<mAllowFlash>true</mAllowFlash>
<mx>621.669556</mx>
<my>439.120453</my>
</poly>
<brick>
<mLeftAnchored>true</mLeftAnchored>
<mRightAnchored>true</mRightAnchored>
<mBrickAngle>-10.000000</mBrickAngle>
<mBrickThickness>20.000202</mBrickThickness>
<mBrickRadius>-200.000000</mBrickRadius>
<mBrickRotation>135.000000</mBrickRotation>
<corners>
<point>3</point>
<point>4</point>
<point>0</point>
<point>7</point>
</corners>
</brick>
</ent>
<ent>
<class>6</class>
<mCollidable>true</mCollidable>
<mMoving>true</mMoving>
<mImageDX>0.675548</mImageDX>
<mImageDY>-0.395149</mImageDY>
<pegInfo>
<mVariable>true</mVariable>
<mCrumbleCounter>3</mCrumbleCounter>
</pegInfo>
<poly>
<mAllowFlash>true</mAllowFlash>
<mx>194.309586</mx>
<my>255.000000</my>
</poly>
<brick>
<mLeftAnchored>true</mLeftAnchored>
<mRightAnchored>true</mRightAnchored>
<mBrickAngle>-10.000000</mBrickAngle>
<mBrickThickness>20.000231</mBrickThickness>
<mBrickRadius>-200.000000</mBrickRadius>
<mBrickRotation>105.000000</mBrickRotation>
<corners>
<point>3</point>
<point>4</point>
<point>0</point>
<point>7</point>
</corners>
</brick>
</ent>
<ent>
<class>6</class>
<mCollidable>true</mCollidable>
<mMoving>true</mMoving>
<mImageDX>0.812248</mImageDX>
<mImageDY>-0.564224</mImageDY>
<pegInfo>
<mVariable>true</mVariable>
<mCrumble>true</mCrumble>
<mCrumbleCounter>100</mCrumbleCounter>
</pegInfo>
<poly>
<mAllowFlash>true</mAllowFlash>
<mx>161.707382</mx>
<my>260.748657</my>
</poly>
<brick>
<mLeftAnchored>true</mLeftAnchored>
<mRightAnchored>true</mRightAnchored>
<mBrickAngle>-10.000000</mBrickAngle>
<mBrickThickness>20.000229</mBrickThickness>
<mBrickRadius>-200.000000</mBrickRadius>
<mBrickRotation>95.000000</mBrickRotation>
<corners>
<point>3</point>
<point>4</point>
<point>0</point>
<point>7</point>
</corners>
</brick>
</ent>
<ent>
<class>6</class>
<mCollidable>true</mCollidable>
<mMoving>true</mMoving>
<mImageDX>-0.812236</mImageDX>
<mImageDY>-0.564224</mImageDY>
<pegInfo>
<mVariable>true</mVariable>
<mCrumble>true</mCrumble>
<mCrumbleCounter>100</mCrumbleCounter>
</pegInfo>
<poly>
<mAllowFlash>true</mAllowFlash>
<mx>128.602219</mx>
<my>260.748657</my>
</poly>
<brick>
<mLeftAnchored>true</mLeftAnchored>
<mRightAnchored>true</mRightAnchored>
<mBrickAngle>-10.000000</mBrickAngle>
<mBrickThickness>20.000214</mBrickThickness>
<mBrickRadius>-200.000000</mBrickRadius>
<mBrickRotation>85.000000</mBrickRotation>
<corners>
<point>3</point>
<point>4</point>
<point>0</point>
<point>7</point>
</corners>
</brick>
</ent>
<ent>
<class>6</class>
<mCollidable>true</mCollidable>
<mMoving>true</mMoving>
<mImageDX>-0.675546</mImageDX>
<mImageDY>-0.395149</mImageDY>
<pegInfo>
<mVariable>true</mVariable>
<mCrumbleCounter>3</mCrumbleCounter>
</pegInfo>
<poly>
<mAllowFlash>true</mAllowFlash>
<mx>96.000000</mx>
<my>255.000000</my>
</poly>
<brick>
<mLeftAnchored>true</mLeftAnchored>
<mRightAnchored>true</mRightAnchored>
<mBrickAngle>-10.000000</mBrickAngle>
<mBrickThickness>20.000198</mBrickThickness>
<mBrickRadius>-200.000000</mBrickRadius>
<mBrickRotation>75.000000</mBrickRotation>
<corners>
<point>3</point>
<point>4</point>
<point>0</point>
<point>7</point>
</corners>
</brick>
</ent>
<ent>
<class>6</class>
<mCollidable>true</mCollidable>
<mMoving>true</mMoving>
<mImageDX>-0.518322</mImageDX>
<mImageDY>-0.214073</mImageDY>
<pegInfo>
<mVariable>true</mVariable>
<mCrumbleCounter>2</mCrumbleCounter>
</pegInfo>
<poly>
<mAllowFlash>true</mAllowFlash>
<mx>64.891327</mx>
<my>243.677368</my>
</poly>
<brick>
<mLeftAnchored>true</mLeftAnchored>
<mRightAnchored>true</mRightAnchored>
<mBrickAngle>-10.000000</mBrickAngle>
<mBrickThickness>20.000196</mBrickThickness>
<mBrickRadius>-200.000000</mBrickRadius>
<mBrickRotation>65.000000</mBrickRotation>
<corners>
<point>3</point>
<point>4</point>
<point>0</point>
<point>7</point>
</corners>
</brick>
</ent>
<ent>
<class>6</class>
<mCollidable>true</mCollidable>
<mMoving>true</mMoving>
<mImageDX>-0.345345</mImageDX>
<mImageDY>-0.026497</mImageDY>
<pegInfo>
<mVariable>true</mVariable>
<mCrumbleCounter>2</mCrumbleCounter>
</pegInfo>
<poly>
<mAllowFlash>true</mAllowFlash>
<mx>36.221428</mx>
<my>227.124756</my>
</poly>
<brick>
<mLeftAnchored>true</mLeftAnchored>
<mRightAnchored>true</mRightAnchored>
<mBrickAngle>-10.000000</mBrickAngle>
<mBrickThickness>20.000198</mBrickThickness>
<mBrickRadius>-200.000000</mBrickRadius>
<mBrickRotation>55.000000</mBrickRotation>
<corners>
<point>3</point>
<point>4</point>
<point>0</point>
<point>7</point>
</corners>
</brick>
</ent>
<ent>
<class>6</class>
<mCollidable>true</mCollidable>
<mMoving>true</mMoving>
<mImageDX>0.518337</mImageDX>
<mImageDY>-0.214073</mImageDY>
<pegInfo>
<mVariable>true</mVariable>
<mCrumbleCounter>3</mCrumbleCounter>
</pegInfo>
<poly>
<mAllowFlash>true</mAllowFlash>
<mx>225.418213</mx>
<my>243.677353</my>
</poly>
<brick>
<mRightAnchored>true</mRightAnchored>
<mBrickAngle>-10.000000</mBrickAngle>
<mBrickThickness>20.000231</mBrickThickness>
<mBrickRadius>-200.000000</mBrickRadius>
<mBrickRotation>115.000000</mBrickRotation>
<corners>
<point>3</point>
<point>4</point>
<point>0</point>
<point>7</point>
</corners>
</brick>
</ent>
<ent>
<class>6</class>
<mCollidable>true</mCollidable>
<mMoving>true</mMoving>
<mImageDX>-0.812236</mImageDX>
<mImageDY>-0.564217</mImageDY>
<pegInfo>
<mVariable>true</mVariable>
<mCrumble>true</mCrumble>
<mCrumbleCounter>3</mCrumbleCounter>
</pegInfo>
<poly>
<mAllowFlash>true</mAllowFlash>
<mx>488.911804</mx>
<my>259.748657</my>
</poly>
<brick>
<mLeftAnchored>true</mLeftAnchored>
<mRightAnchored>true</mRightAnchored>
<mBrickAngle>-10.000000</mBrickAngle>
<mBrickThickness>20.000229</mBrickThickness>
<mBrickRadius>-200.000000</mBrickRadius>
<mBrickRotation>85.000000</mBrickRotation>
<corners>
<point>3</point>
<point>4</point>
<point>0</point>
<point>7</point>
</corners>
</brick>
</ent>
<ent>
<class>6</class>
<mCollidable>true</mCollidable>
<mMoving>true</mMoving>
<mImageDX>0.812248</mImageDX>
<mImageDY>-0.564217</mImageDY>
<pegInfo>
<mVariable>true</mVariable>
<mCrumble>true</mCrumble>
<mCrumbleCounter>3</mCrumbleCounter>
</pegInfo>
<poly>
<mAllowFlash>true</mAllowFlash>
<mx>522.016968</mx>
<my>259.748657</my>
</poly>
<brick>
<mLeftAnchored>true</mLeftAnchored>
<mRightAnchored>true</mRightAnchored>
<mBrickAngle>-10.000000</mBrickAngle>
<mBrickThickness>20.000214</mBrickThickness>
<mBrickRadius>-200.000000</mBrickRadius>
<mBrickRotation>95.000000</mBrickRotation>
<corners>
<point>3</point>
<point>4</point>
<point>0</point>
<point>7</point>
</corners>
</brick>
</ent>
<ent>
<class>6</class>
<mCollidable>true</mCollidable>
<mMoving>true</mMoving>
<mImageDX>0.675546</mImageDX>
<mImageDY>-0.395164</mImageDY>
<pegInfo>
<mVariable>true</mVariable>
<mCrumbleCounter>3</mCrumbleCounter>
</pegInfo>
<poly>
<mAllowFlash>true</mAllowFlash>
<mx>554.619141</mx>
<my>254.000000</my>
</poly>
<brick>
<mLeftAnchored>true</mLeftAnchored>
<mRightAnchored>true</mRightAnchored>
<mBrickAngle>-10.000000</mBrickAngle>
<mBrickThickness>20.000198</mBrickThickness>
<mBrickRadius>-200.000000</mBrickRadius>
<mBrickRotation>105.000000</mBrickRotation>
<corners>
<point>3</point>
<point>4</point>
<point>0</point>
<point>7</point>
</corners>
</brick>
</ent>
<ent>
<class>6</class>
<mCollidable>true</mCollidable>
<mMoving>true</mMoving>
<mImageDX>0.518326</mImageDX>
<mImageDY>-0.214088</mImageDY>
<pegInfo>
<mVariable>true</mVariable>
<mCrumbleCounter>3</mCrumbleCounter>
</pegInfo>
<poly>
<mAllowFlash>true</mAllowFlash>
<mx>585.727844</mx>
<my>242.677368</my>
</poly>
<brick>
<mLeftAnchored>true</mLeftAnchored>
<mRightAnchored>true</mRightAnchored>
<mBrickAngle>-10.000000</mBrickAngle>
<mBrickThickness>20.000196</mBrickThickness>
<mBrickRadius>-200.000000</mBrickRadius>
<mBrickRotation>115.000000</mBrickRotation>
<corners>
<point>3</point>
<point>4</point>
<point>0</point>
<point>7</point>
</corners>
</brick>
</ent>
<ent>
<class>6</class>
<mCollidable>true</mCollidable>
<mMoving>true</mMoving>
<mImageDX>0.345352</mImageDX>
<mImageDY>-0.026505</mImageDY>
<pegInfo>
<mVariable>true</mVariable>
<mCrumbleCounter>3</mCrumbleCounter>
</pegInfo>
<poly>
<mAllowFlash>true</mAllowFlash>
<mx>614.397766</mx>
<my>226.124756</my>
</poly>
<brick>
<mLeftAnchored>true</mLeftAnchored>
<mRightAnchored>true</mRightAnchored>
<mBrickAngle>-10.000000</mBrickAngle>
<mBrickThickness>20.000198</mBrickThickness>
<mBrickRadius>-200.000000</mBrickRadius>
<mBrickRotation>125.000000</mBrickRotation>
<corners>
<point>3</point>
<point>4</point>
<point>0</point>
<point>7</point>
</corners>
</brick>
</ent>
<ent>
<class>6</class>
<mCollidable>true</mCollidable>
<mMoving>true</mMoving>
<mImageDX>-0.675543</mImageDX>
<mImageDY>-0.395134</mImageDY>
<pegInfo>
<mVariable>true</mVariable>
<mCrumbleCounter>3</mCrumbleCounter>
</pegInfo>
<poly>
<mAllowFlash>true</mAllowFlash>
<mx>456.309601</mx>
<my>254.000000</my>
</poly>
<brick>
<mLeftAnchored>true</mLeftAnchored>
<mRightAnchored>true</mRightAnchored>
<mBrickAngle>-10.000000</mBrickAngle>
<mBrickThickness>20.000233</mBrickThickness>
<mBrickRadius>-200.000000</mBrickRadius>
<mBrickRotation>75.000000</mBrickRotation>
<corners>
<point>3</point>
<point>4</point>
<point>0</point>
<point>7</point>
</corners>
</brick>
</ent>
<ent>
<class>6</class>
<mCollidable>true</mCollidable>
<mMoving>true</mMoving>
<mImageDX>-0.518324</mImageDX>
<mImageDY>-0.214088</mImageDY>
<pegInfo>
<mVariable>true</mVariable>
<mCrumbleCounter>3</mCrumbleCounter>
</pegInfo>
<poly>
<mAllowFlash>true</mAllowFlash>
<mx>425.200928</mx>
<my>242.677368</my>
</poly>
<brick>
<mLeftAnchored>true</mLeftAnchored>
<mBrickAngle>-10.000000</mBrickAngle>
<mBrickThickness>20.000231</mBrickThickness>
<mBrickRadius>-200.000000</mBrickRadius>
<mBrickRotation>65.000000</mBrickRotation>
<corners>
<point>3</point>
<point>4</point>
<point>0</point>
<point>7</point>
</corners>
</brick>
</ent>
<ent>
<class>6</class>
<mCollidable>true</mCollidable>
<mMoving>true</mMoving>
<mImageDX>-0.000004</mImageDX>
<mImageDY>0.380165</mImageDY>
<pegInfo>
<mVariable>true</mVariable>
<mCrumbleCounter>2</mCrumbleCounter>
</pegInfo>
<poly>
<mAllowFlash>true</mAllowFlash>
<mx>328.000000</mx>
<my>385.000000</my>
</poly>
<brick>
<mLeftAnchored>true</mLeftAnchored>
<mRightAnchored>true</mRightAnchored>
<mBrickAngle>15.000000</mBrickAngle>
<mBrickThickness>20.000135</mBrickThickness>
<mBrickRadius>100.000000</mBrickRadius>
<mBrickRotation>90.000000</mBrickRotation>
<corners>
<point>3</point>
<point>4</point>
<point>0</point>
<point>7</point>
</corners>
</brick>
</ent>
<ent>
<class>6</class>
<mCollidable>true</mCollidable>
<mMoving>true</mMoving>
<mImageDX>1.044326</mImageDX>
<mImageDY>0.470039</mImageDY>
<pegInfo>
<mVariable>true</mVariable>
<mCrumbleCounter>1</mCrumbleCounter>
</pegInfo>
<poly>
<mAllowFlash>true</mAllowFlash>
<mx>356.442993</mx>
<my>388.744568</my>
</poly>
<brick>
<mLeftAnchored>true</mLeftAnchored>
<mRightAnchored>true</mRightAnchored>
<mBrickAngle>15.000000</mBrickAngle>
<mBrickThickness>20.000143</mBrickThickness>
<mBrickRadius>100.000000</mBrickRadius>
<mBrickRotation>75.000015</mBrickRotation>
<corners>
<point>3</point>
<point>4</point>
<point>0</point>
<point>7</point>
</corners>
</brick>
</ent>
<ent>
<class>6</class>
<mCollidable>true</mCollidable>
<mMoving>true</mMoving>
<mImageDX>0.712214</mImageDX>
<mImageDY>0.071678</mImageDY>
<pegInfo>
<mVariable>true</mVariable>
<mCrumbleCounter>1</mCrumbleCounter>
</pegInfo>
<poly>
<mAllowFlash>true</mAllowFlash>
<mx>382.947662</mx>
<my>399.723145</my>
</poly>
<brick>
<mLeftAnchored>true</mLeftAnchored>
<mRightAnchored>true</mRightAnchored>
<mBrickAngle>15.000000</mBrickAngle>
<mBrickThickness>20.000139</mBrickThickness>
<mBrickRadius>100.000000</mBrickRadius>
<mBrickRotation>60.000015</mBrickRotation>
<corners>
<point>3</point>
<point>4</point>
<point>0</point>
<point>7</point>
</corners>
</brick>
</ent>
<ent>
<class>6</class>
<mCollidable>true</mCollidable>
<mMoving>true</mMoving>
<mImageDX>0.331566</mImageDX>
<mImageDY>-0.331568</mImageDY>
<pegInfo>
<mVariable>true</mVariable>
</pegInfo>
<poly>
<mAllowFlash>true</mAllowFlash>
<mx>405.707764</mx>
<my>417.187561</my>
</poly>
<brick>
<mRightAnchored>true</mRightAnchored>
<mBrickAngle>15.000000</mBrickAngle>
<mBrickThickness>20.000135</mBrickThickness>
<mBrickRadius>100.000000</mBrickRadius>
<mBrickRotation>45.000061</mBrickRotation>
<corners>
<point>3</point>
<point>4</point>
<point>0</point>
<point>7</point>
</corners>
</brick>
</ent>
<ent>
<class>6</class>
<mCollidable>true</mCollidable>
<mMoving>true</mMoving>
<mImageDX>-1.044321</mImageDX>
<mImageDY>0.470039</mImageDY>
<pegInfo>
<mVariable>true</mVariable>
<mCrumbleCounter>1</mCrumbleCounter>
</pegInfo>
<poly>
<mAllowFlash>true</mAllowFlash>
<mx>299.556976</mx>
<my>388.744568</my>
</poly>
<brick>
<mLeftAnchored>true</mLeftAnchored>
<mRightAnchored>true</mRightAnchored>
<mBrickAngle>15.000000</mBrickAngle>
<mBrickThickness>20.000143</mBrickThickness>
<mBrickRadius>100.000000</mBrickRadius>
<mBrickRotation>104.999969</mBrickRotation>
<corners>
<point>3</point>
<point>4</point>
<point>0</point>
<point>7</point>
</corners>
</brick>
</ent>
<ent>
<class>6</class>
<mCollidable>true</mCollidable>
<mMoving>true</mMoving>
<mImageDX>-0.712217</mImageDX>
<mImageDY>0.071678</mImageDY>
<pegInfo>
<mVariable>true</mVariable>
</pegInfo>
<poly>
<mAllowFlash>true</mAllowFlash>
<mx>273.052338</mx>
<my>399.723145</my>
</poly>
<brick>
<mLeftAnchored>true</mLeftAnchored>
<mRightAnchored>true</mRightAnchored>
<mBrickAngle>15.000000</mBrickAngle>
<mBrickThickness>20.000139</mBrickThickness>
<mBrickRadius>100.000000</mBrickRadius>
<mBrickRotation>119.999977</mBrickRotation>
<corners>
<point>3</point>
<point>4</point>
<point>0</point>
<point>7</point>
</corners>
</brick>
</ent>
<ent>
<class>6</class>
<mCollidable>true</mCollidable>
<mMoving>true</mMoving>
<mImageDX>-0.331570</mImageDX>
<mImageDY>-0.331560</mImageDY>
<pegInfo>
<mVariable>true</mVariable>
</pegInfo>
<poly>
<mAllowFlash>true</mAllowFlash>
<mx>250.292236</mx>
<my>417.187561</my>
</poly>
<brick>
<mLeftAnchored>true</mLeftAnchored>
<mBrickAngle>15.000000</mBrickAngle>
<mBrickThickness>20.000153</mBrickThickness>
<mBrickRadius>100.000000</mBrickRadius>
<mBrickRotation>135.000000</mBrickRotation>
<corners>
<point>3</point>
<point>4</point>
<point>0</point>
<point>7</point>
</corners>
</brick>
</ent>
<ent>
<class>5</class>
<mCollidable>true</mCollidable>
<mMoving>true</mMoving>
<pegInfo>
<mVariable>true</mVariable>
<mCrumbleCounter>3</mCrumbleCounter>
</pegInfo>
<ball>
<mIsPeg>true</mIsPeg>
<mCollidesWithOtherBalls>true</mCollidesWithOtherBalls>
<mx>85.000000</mx>
<my>429.000000</my>
<mRadius>10.000000</mRadius>
</ball>
</ent>
<ent>
<class>5</class>
<mCollidable>true</mCollidable>
<mMoving>true</mMoving>
<pegInfo>
<mVariable>true</mVariable>
<mCrumbleCounter>3</mCrumbleCounter>
</pegInfo>
<ball>
<mIsPeg>true</mIsPeg>
<mCollidesWithOtherBalls>true</mCollidesWithOtherBalls>
<mx>132.000000</mx>
<my>438.000000</my>
<mRadius>10.000000</mRadius>
</ball>
</ent>
<ent>
<class>5</class>
<mCollidable>true</mCollidable>
<mMoving>true</mMoving>
<pegInfo>
<mVariable>true</mVariable>
</pegInfo>
<ball>
<mIsPeg>true</mIsPeg>
<mCollidesWithOtherBalls>true</mCollidesWithOtherBalls>
<mx>185.000000</mx>
<my>435.000000</my>
<mRadius>10.000000</mRadius>
</ball>
</ent>
<ent>
<class>5</class>
<mCollidable>true</mCollidable>
<mMoving>true</mMoving>
<pegInfo>
<mVariable>true</mVariable>
<mCrumbleCounter>1</mCrumbleCounter>
</pegInfo>
<ball>
<mIsPeg>true</mIsPeg>
<mCollidesWithOtherBalls>true</mCollidesWithOtherBalls>
<mx>299.000000</mx>
<my>434.000000</my>
<mRadius>10.000000</mRadius>
</ball>
</ent>
<ent>
<class>5</class>
<mCollidable>true</mCollidable>
<mMoving>true</mMoving>
<pegInfo>
<mVariable>true</mVariable>
<mCrumbleCounter>1</mCrumbleCounter>
</pegInfo>
<ball>
<mIsPeg>true</mIsPeg>
<mCollidesWithOtherBalls>true</mCollidesWithOtherBalls>
<mx>354.000000</mx>
<my>430.000000</my>
<mRadius>10.000000</mRadius>
</ball>
</ent>
<ent>
<class>5</class>
<mCollidable>true</mCollidable>
<mMoving>true</mMoving>
<pegInfo>
<mVariable>true</mVariable>
<mCrumbleCounter>3</mCrumbleCounter>
</pegInfo>
<ball>
<mIsPeg>true</mIsPeg>
<mCollidesWithOtherBalls>true</mCollidesWithOtherBalls>
<mx>480.000000</mx>
<my>436.000000</my>
<mRadius>10.000000</mRadius>
</ball>
</ent>
<ent>
<class>5</class>
<mCollidable>true</mCollidable>
<mMoving>true</mMoving>
<pegInfo>
<mVariable>true</mVariable>
<mCrumbleCounter>2</mCrumbleCounter>
</pegInfo>
<ball>
<mIsPeg>true</mIsPeg>
<mCollidesWithOtherBalls>true</mCollidesWithOtherBalls>
<mx>524.000000</mx>
<my>438.000000</my>
<mRadius>10.000000</mRadius>
</ball>
</ent>
<ent>
<class>5</class>
<mCollidable>true</mCollidable>
<mMoving>true</mMoving>
<pegInfo>
<mVariable>true</mVariable>
<mCrumbleCounter>2</mCrumbleCounter>
</pegInfo>
<ball>
<mIsPeg>true</mIsPeg>
<mCollidesWithOtherBalls>true</mCollidesWithOtherBalls>
<mx>571.000000</mx>
<my>430.000000</my>
<mRadius>10.000000</mRadius>
</ball>
</ent>
<ent>
<class>5</class>
<mCollidable>true</mCollidable>
<mMoving>true</mMoving>
<pegInfo>
<mVariable>true</mVariable>
</pegInfo>
<ball>
<mIsPeg>true</mIsPeg>
<mCollidesWithOtherBalls>true</mCollidesWithOtherBalls>
<mx>25.000000</mx>
<my>282.000000</my>
<mRadius>10.000000</mRadius>
</ball>
</ent>
<ent>
<class>5</class>
<mCollidable>true</mCollidable>
<mMoving>true</mMoving>
<pegInfo>
<mVariable>true</mVariable>
<mCrumbleCounter>1</mCrumbleCounter>
</pegInfo>
<ball>
<mIsPeg>true</mIsPeg>
<mCollidesWithOtherBalls>true</mCollidesWithOtherBalls>
<mx>429.000000</mx>
<my>292.000000</my>
<mRadius>10.000000</mRadius>
</ball>
</ent>
<ent>
<class>5</class>
<mCollidable>true</mCollidable>
<mMoving>true</mMoving>
<pegInfo>
<mVariable>true</mVariable>
<mCrumbleCounter>3</mCrumbleCounter>
</pegInfo>
<ball>
<mIsPeg>true</mIsPeg>
<mCollidesWithOtherBalls>true</mCollidesWithOtherBalls>
<mx>481.000000</mx>
<my>314.000000</my>
<mRadius>10.000000</mRadius>
</ball>
</ent>
<ent>
<class>5</class>
<mCollidable>true</mCollidable>
<mMoving>true</mMoving>
<pegInfo>
<mVariable>true</mVariable>
<mCrumbleCounter>2</mCrumbleCounter>
</pegInfo>
<ball>
<mIsPeg>true</mIsPeg>
<mCollidesWithOtherBalls>true</mCollidesWithOtherBalls>
<mx>582.000000</mx>
<my>309.000000</my>
<mRadius>10.000000</mRadius>
</ball>
</ent>
<ent>
<class>5</class>
<mCollidable>true</mCollidable>
<mMoving>true</mMoving>
<pegInfo>
<mVariable>true</mVariable>
<mCrumbleCounter>1</mCrumbleCounter>
</pegInfo>
<ball>
<mIsPeg>true</mIsPeg>
<mCollidesWithOtherBalls>true</mCollidesWithOtherBalls>
<mx>626.000000</mx>
<my>289.000000</my>
<mRadius>10.000000</mRadius>
</ball>
</ent>
<ent>
<class>5</class>
<mCollidable>true</mCollidable>
<mMoving>true</mMoving>
<pegInfo>
<mVariable>true</mVariable>
</pegInfo>
<ball>
<mIsPeg>true</mIsPeg>
<mCollidesWithOtherBalls>true</mCollidesWithOtherBalls>
<mx>298.000000</mx>
<my>487.000000</my>
<mRadius>10.000000</mRadius>
</ball>
</ent>
<ent>
<class>5</class>
<mCollidable>true</mCollidable>
<mMoving>true</mMoving>
<pegInfo>
<mVariable>true</mVariable>
</pegInfo>
<ball>
<mIsPeg>true</mIsPeg>
<mCollidesWithOtherBalls>true</mCollidesWithOtherBalls>
<mx>357.000000</mx>
<my>487.000000</my>
<mRadius>10.000000</mRadius>
</ball>
</ent>
<ent>
<class>5</class>
<mCollidable>true</mCollidable>
<mMoving>true</mMoving>
<pegInfo>
<mVariable>true</mVariable>
<mCrumbleCounter>3</mCrumbleCounter>
</pegInfo>
<ball>
<mIsPeg>true</mIsPeg>
<mCollidesWithOtherBalls>true</mCollidesWithOtherBalls>
<mx>62.000000</mx>
<my>183.000000</my>
<mRadius>10.000000</mRadius>
</ball>
</ent>
<ent>
<class>5</class>
<mCollidable>true</mCollidable>
<mMoving>true</mMoving>
<pegInfo>
<mVariable>true</mVariable>
<mCrumbleCounter>3</mCrumbleCounter>
</pegInfo>
<ball>
<mIsPeg>true</mIsPeg>
<mCollidesWithOtherBalls>true</mCollidesWithOtherBalls>
<mx>115.000000</mx>
<my>182.000000</my>
<mRadius>10.000000</mRadius>
</ball>
</ent>
<ent>
<class>5</class>
<mCollidable>true</mCollidable>
<mMoving>true</mMoving>
<pegInfo>
<mVariable>true</mVariable>
</pegInfo>
<ball>
<mIsPeg>true</mIsPeg>
<mCollidesWithOtherBalls>true</mCollidesWithOtherBalls>
<mx>163.000000</mx>
<my>184.000000</my>
<mRadius>10.000000</mRadius>
</ball>
</ent>
<ent>
<class>5</class>
<mCollidable>true</mCollidable>
<mMoving>true</mMoving>
<pegInfo>
<mVariable>true</mVariable>
<mCrumbleCounter>2</mCrumbleCounter>
</pegInfo>
<ball>
<mIsPeg>true</mIsPeg>
<mCollidesWithOtherBalls>true</mCollidesWithOtherBalls>
<mx>217.000000</mx>
<my>184.000000</my>
<mRadius>10.000000</mRadius>
</ball>
</ent>
<ent>
<class>5</class>
<mCollidable>true</mCollidable>
<mMoving>true</mMoving>
<pegInfo>
<mVariable>true</mVariable>
</pegInfo>
<ball>
<mIsPeg>true</mIsPeg>
<mCollidesWithOtherBalls>true</mCollidesWithOtherBalls>
<mx>86.000000</mx>
<my>145.000000</my>
<mRadius>10.000000</mRadius>
</ball>
</ent>
<ent>
<class>5</class>
<mCollidable>true</mCollidable>
<mMoving>true</mMoving>
<pegInfo>
<mVariable>true</mVariable>
<mCrumbleCounter>1</mCrumbleCounter>
</pegInfo>
<ball>
<mIsPeg>true</mIsPeg>
<mCollidesWithOtherBalls>true</mCollidesWithOtherBalls>
<mx>132.000000</mx>
<my>146.000000</my>
<mRadius>10.000000</mRadius>
</ball>
</ent>
<ent>
<class>5</class>
<mCollidable>true</mCollidable>
<mMoving>true</mMoving>
<pegInfo>
<mVariable>true</mVariable>
<mCrumbleCounter>1</mCrumbleCounter>
</pegInfo>
<ball>
<mIsPeg>true</mIsPeg>
<mCollidesWithOtherBalls>true</mCollidesWithOtherBalls>
<mx>190.000000</mx>
<my>147.000000</my>
<mRadius>10.000000</mRadius>
</ball>
</ent>
<ent>
<class>5</class>
<mCollidable>true</mCollidable>
<mMoving>true</mMoving>
<pegInfo>
<mVariable>true</mVariable>
<mCrumbleCounter>2</mCrumbleCounter>
</pegInfo>
<ball>
<mIsPeg>true</mIsPeg>
<mCollidesWithOtherBalls>true</mCollidesWithOtherBalls>
<mx>431.000000</mx>
<my>181.000000</my>
<mRadius>10.000000</mRadius>
</ball>
</ent>
<ent>
<class>5</class>
<mCollidable>true</mCollidable>
<mMoving>true</mMoving>
<pegInfo>
<mVariable>true</mVariable>
<mCrumbleCounter>1</mCrumbleCounter>
</pegInfo>
<ball>
<mIsPeg>true</mIsPeg>
<mCollidesWithOtherBalls>true</mCollidesWithOtherBalls>
<mx>488.000000</mx>
<my>182.000000</my>
<mRadius>10.000000</mRadius>
</ball>
</ent>
<ent>
<class>5</class>
<mCollidable>true</mCollidable>
<mMoving>true</mMoving>
<pegInfo>
<mVariable>true</mVariable>
<mCrumbleCounter>1</mCrumbleCounter>
</pegInfo>
<ball>
<mIsPeg>true</mIsPeg>
<mCollidesWithOtherBalls>true</mCollidesWithOtherBalls>
<mx>537.000000</mx>
<my>183.000000</my>
<mRadius>10.000000</mRadius>
</ball>
</ent>
<ent>
<class>5</class>
<mCollidable>true</mCollidable>
<mMoving>true</mMoving>
<pegInfo>
<mVariable>true</mVariable>
<mCrumbleCounter>3</mCrumbleCounter>
</pegInfo>
<ball>
<mIsPeg>true</mIsPeg>
<mCollidesWithOtherBalls>true</mCollidesWithOtherBalls>
<mx>597.000000</mx>
<my>181.000000</my>
<mRadius>10.000000</mRadius>
</ball>
</ent>
<ent>
<class>5</class>
<mCollidable>true</mCollidable>
<mMoving>true</mMoving>
<pegInfo>
<mVariable>true</mVariable>
<mCrumbleCounter>1</mCrumbleCounter>
</pegInfo>
<ball>
<mIsPeg>true</mIsPeg>
<mCollidesWithOtherBalls>true</mCollidesWithOtherBalls>
<mx>565.000000</mx>
<my>138.000000</my>
<mRadius>10.000000</mRadius>
</ball>
</ent>
<ent>
<class>5</class>
<mCollidable>true</mCollidable>
<mMoving>true</mMoving>
<pegInfo>
<mVariable>true</mVariable>
<mCrumbleCounter>1</mCrumbleCounter>
</pegInfo>
<ball>
<mIsPeg>true</mIsPeg>
<mCollidesWithOtherBalls>true</mCollidesWithOtherBalls>
<mx>507.000000</mx>
<my>139.000000</my>
<mRadius>10.000000</mRadius>
</ball>
</ent>
<ent>
<class>5</class>
<mCollidable>true</mCollidable>
<mMoving>true</mMoving>
<pegInfo>
<mVariable>true</mVariable>
<mCrumbleCounter>2</mCrumbleCounter>
</pegInfo>
<ball>
<mIsPeg>true</mIsPeg>
<mCollidesWithOtherBalls>true</mCollidesWithOtherBalls>
<mx>460.000000</mx>
<my>137.000000</my>
<mRadius>10.000000</mRadius>
</ball>
</ent>
<ent>
<class>5</class>
<mCollidable>true</mCollidable>
<mMoving>true</mMoving>
<pegInfo>
<mVariable>true</mVariable>
<mCrumbleCounter>1</mCrumbleCounter>
</pegInfo>
<ball>
<mIsPeg>true</mIsPeg>
<mCollidesWithOtherBalls>true</mCollidesWithOtherBalls>
<mx>294.000000</mx>
<my>187.000000</my>
<mRadius>10.000000</mRadius>
</ball>
</ent>
<ent>
<class>5</class>
<mCollidable>true</mCollidable>
<mMoving>true</mMoving>
<pegInfo>
<mVariable>true</mVariable>
<mCrumbleCounter>1</mCrumbleCounter>
</pegInfo>
<ball>
<mIsPeg>true</mIsPeg>
<mCollidesWithOtherBalls>true</mCollidesWithOtherBalls>
<mx>353.000000</mx>
<my>184.000000</my>
<mRadius>10.000000</mRadius>
</ball>
</ent>
<ent>
<class>5</class>
<mCollidable>true</mCollidable>
<mMoving>true</mMoving>
<pegInfo>
<mVariable>true</mVariable>
<mCrumbleCounter>2</mCrumbleCounter>
</pegInfo>
<ball>
<mIsPeg>true</mIsPeg>
<mCollidesWithOtherBalls>true</mCollidesWithOtherBalls>
<mx>325.000000</mx>
<my>222.000000</my>
<mRadius>10.000000</mRadius>
</ball>
</ent>
<ent>
<class>5</class>
<mCollidable>true</mCollidable>
<mMoving>true</mMoving>
<pegInfo>
<mVariable>true</mVariable>
<mCrumbleCounter>3</mCrumbleCounter>
</pegInfo>
<ball>
<mIsPeg>true</mIsPeg>
<mCollidesWithOtherBalls>true</mCollidesWithOtherBalls>
<mx>324.000000</mx>
<my>275.000000</my>
<mRadius>10.000000</mRadius>
</ball>
</ent>
<ent>
<class>5</class>
<mCollidable>true</mCollidable>
<mMoving>true</mMoving>
<pegInfo>
<mVariable>true</mVariable>
<mCrumbleCounter>3</mCrumbleCounter>
</pegInfo>
<ball>
<mIsPeg>true</mIsPeg>
<mCollidesWithOtherBalls>true</mCollidesWithOtherBalls>
<mx>326.000000</mx>
<my>323.000000</my>
<mRadius>10.000000</mRadius>
</ball>
</ent>
<ent>
<class>5</class>
<mCollidable>true</mCollidable>
<mMoving>true</mMoving>
<pegInfo>
<mVariable>true</mVariable>
</pegInfo>
<ball>
<mIsPeg>true</mIsPeg>
<mCollidesWithOtherBalls>true</mCollidesWithOtherBalls>
<mx>111.000000</mx>
<my>107.000000</my>
<mRadius>10.000000</mRadius>
</ball>
</ent>
<ent>
<class>5</class>
<mCollidable>true</mCollidable>
<mMoving>true</mMoving>
<pegInfo>
<mVariable>true</mVariable>
<mCrumbleCounter>1</mCrumbleCounter>
</pegInfo>
<ball>
<mIsPeg>true</mIsPeg>
<mCollidesWithOtherBalls>true</mCollidesWithOtherBalls>
<mx>163.000000</mx>
<my>107.000000</my>
<mRadius>10.000000</mRadius>
</ball>
</ent>
<ent>
<class>5</class>
<mCollidable>true</mCollidable>
<mMoving>true</mMoving>
<pegInfo>
<mVariable>true</mVariable>
</pegInfo>
<ball>
<mIsPeg>true</mIsPeg>
<mCollidesWithOtherBalls>true</mCollidesWithOtherBalls>
<mx>485.000000</mx>
<my>101.000000</my>
<mRadius>10.000000</mRadius>
</ball>
</ent>
<ent>
<class>5</class>
<mCollidable>true</mCollidable>
<mMoving>true</mMoving>
<pegInfo>
<mVariable>true</mVariable>
</pegInfo>
<ball>
<mIsPeg>true</mIsPeg>
<mCollidesWithOtherBalls>true</mCollidesWithOtherBalls>
<mx>533.000000</mx>
<my>102.000000</my>
<mRadius>10.000000</mRadius>
</ball>
</ent>
<ent>
<class>5</class>
<mCollidable>true</mCollidable>
<mMoving>true</mMoving>
<pegInfo>
<mVariable>true</mVariable>
</pegInfo>
<ball>
<mIsPeg>true</mIsPeg>
<mCollidesWithOtherBalls>true</mCollidesWithOtherBalls>
<mx>135.000000</mx>
<my>71.000000</my>
<mRadius>10.000000</mRadius>
</ball>
</ent>
<ent>
<class>5</class>
<mCollidable>true</mCollidable>
<mMoving>true</mMoving>
<pegInfo>
<mVariable>true</mVariable>
</pegInfo>
<ball>
<mIsPeg>true</mIsPeg>
<mCollidesWithOtherBalls>true</mCollidesWithOtherBalls>
<mx>508.000000</mx>
<my>67.000000</my>
<mRadius>10.000000</mRadius>
</ball>
</ent>
<ent>
<class>5</class>
<mCollidable>true</mCollidable>
<mMoving>true</mMoving>
<pegInfo>
<mVariable>true</mVariable>
<mCrumbleCounter>2</mCrumbleCounter>
</pegInfo>
<ball>
<mIsPeg>true</mIsPeg>
<mCollidesWithOtherBalls>true</mCollidesWithOtherBalls>
<mx>531.000000</mx>
<my>317.000000</my>
<mRadius>10.000000</mRadius>
</ball>
</ent>
<ent>
<class>5</class>
<mCollidable>true</mCollidable>
<mMoving>true</mMoving>
<pegInfo>
<mVariable>true</mVariable>
<mCrumbleCounter>1</mCrumbleCounter>
</pegInfo>
<ball>
<mIsPeg>true</mIsPeg>
<mCollidesWithOtherBalls>true</mCollidesWithOtherBalls>
<mx>70.000000</mx>
<my>305.000000</my>
<mRadius>10.000000</mRadius>
</ball>
</ent>
<ent>
<class>5</class>
<mCollidable>true</mCollidable>
<mMoving>true</mMoving>
<pegInfo>
<mVariable>true</mVariable>
<mCrumbleCounter>1</mCrumbleCounter>
</pegInfo>
<ball>
<mIsPeg>true</mIsPeg>
<mCollidesWithOtherBalls>true</mCollidesWithOtherBalls>
<mx>121.000000</mx>
<my>316.000000</my>
<mRadius>10.000000</mRadius>
</ball>
</ent>
<ent>
<class>5</class>
<mCollidable>true</mCollidable>
<mMoving>true</mMoving>
<pegInfo>
<mVariable>true</mVariable>
<mCrumbleCounter>3</mCrumbleCounter>
</pegInfo>
<ball>
<mIsPeg>true</mIsPeg>
<mCollidesWithOtherBalls>true</mCollidesWithOtherBalls>
<mx>172.000000</mx>
<my>310.000000</my>
<mRadius>10.000000</mRadius>
</ball>
</ent>
<ent>
<class>5</class>
<mCollidable>true</mCollidable>
<mMoving>true</mMoving>
<pegInfo>
<mVariable>true</mVariable>
<mCrumbleCounter>1</mCrumbleCounter>
</pegInfo>
<ball>
<mIsPeg>true</mIsPeg>
<mCollidesWithOtherBalls>true</mCollidesWithOtherBalls>
<mx>220.000000</mx>
<my>294.000000</my>
<mRadius>10.000000</mRadius>
</ball>
</ent>
<ent>
<class>5</class>
<mCollidable>true</mCollidable>
<mMoving>true</mMoving>
<pegInfo>
<mVariable>true</mVariable>
<mCrumbleCounter>1</mCrumbleCounter>
</pegInfo>
<ball>
<mIsPeg>true</mIsPeg>
<mCollidesWithOtherBalls>true</mCollidesWithOtherBalls>
<mx>326.000000</mx>
<my>153.000000</my>
<mRadius>10.000000</mRadius>
</ball>
</ent>
<ent>
<class>5</class>
<mCollidable>true</mCollidable>
<mMoving>true</mMoving>
<pegInfo>
<mVariable>true</mVariable>
<mCrumbleCounter>1</mCrumbleCounter>
</pegInfo>
<ball>
<mIsPeg>true</mIsPeg>
<mCollidesWithOtherBalls>true</mCollidesWithOtherBalls>
<mx>329.000000</mx>
<my>456.000000</my>
<mRadius>10.000000</mRadius>
</ball>
</ent>
<ent>
<class>6</class>
<mCollidable>true</mCollidable>
<mMoving>true</mMoving>
<mImageDX>-0.060654</mImageDX>
<mImageDY>0.109287</mImageDY>
<pegInfo>
<mVariable>true</mVariable>
<mCrumbleCounter>1</mCrumbleCounter>
</pegInfo>
<poly>
<mAllowFlash>true</mAllowFlash>
<mx>8.563560</mx>
<my>203.456421</my>
</poly>
<brick>
<mLeftAnchored>true</mLeftAnchored>
<mBrickAngle>-12.000000</mBrickAngle>
<mBrickThickness>20.000202</mBrickThickness>
<mBrickRadius>-200.000000</mBrickRadius>
<mBrickRotation>44.000000</mBrickRotation>
<corners>
<point>3</point>
<point>4</point>
<point>0</point>
<point>7</point>
</corners>
</brick>
</ent>
<ent>
<class>6</class>
<mCollidable>true</mCollidable>
<mMoving>true</mMoving>
<mImageDX>0.060665</mImageDX>
<mImageDY>0.109295</mImageDY>
<pegInfo>
<mVariable>true</mVariable>
</pegInfo>
<poly>
<mAllowFlash>true</mAllowFlash>
<mx>642.055603</mx>
<my>202.456406</my>
</poly>
<brick>
<mRightAnchored>true</mRightAnchored>
<mBrickAngle>-12.000000</mBrickAngle>
<mBrickThickness>20.000212</mBrickThickness>
<mBrickRadius>-200.000000</mBrickRadius>
<mBrickRotation>136.000000</mBrickRotation>
<corners>
<point>3</point>
<point>4</point>
<point>0</point>
<point>7</point>
</corners>
</brick>
</ent>
<ent>
<class>6</class>
<mCollidable>true</mCollidable>
<mMoving>true</mMoving>
<mImageDX>0.182426</mImageDX>
<mImageDY>0.349277</mImageDY>
<pegInfo>
<mVariable>true</mVariable>
<mCrumbleCounter>2</mCrumbleCounter>
</pegInfo>
<poly>
<mAllowFlash>true</mAllowFlash>
<mx>4.645546</mx>
<my>411.408936</my>
</poly>
<brick>
<mLeftAnchored>true</mLeftAnchored>
<mBrickAngle>-12.000000</mBrickAngle>
<mBrickThickness>20.000179</mBrickThickness>
<mBrickRadius>-200.000000</mBrickRadius>
<mBrickRotation>34.000000</mBrickRotation>
<corners>
<point>3</point>
<point>4</point>
<point>0</point>
<point>7</point>
</corners>
</brick>
</ent>
<ent>
<class>6</class>
<mCollidable>true</mCollidable>
<mMoving>true</mMoving>
<mImageDX>-0.182411</mImageDX>
<mImageDY>0.349285</mImageDY>
<pegInfo>
<mVariable>true</mVariable>
</pegInfo>
<poly>
<mAllowFlash>true</mAllowFlash>
<mx>644.797241</mx>
<my>411.008942</my>
</poly>
<brick>
<mRightAnchored>true</mRightAnchored>
<mBrickAngle>-12.000000</mBrickAngle>
<mBrickThickness>20.000212</mBrickThickness>
<mBrickRadius>-200.000000</mBrickRadius>
<mBrickRotation>146.000000</mBrickRotation>
<corners>
<point>3</point>
<point>4</point>
<point>0</point>
<point>7</point>
</corners>
</brick>
</ent>
<ent>
<class>6</class>
<mCollidable>true</mCollidable>
<mMoving>true</mMoving>
<mImageDX>-0.675543</mImageDX>
<mImageDY>-0.395134</mImageDY>
<pegInfo>
<mVariable>true</mVariable>
<mCrumbleCounter>2</mCrumbleCounter>
</pegInfo>
<poly>
<mAllowFlash>true</mAllowFlash>
<mx>438.221436</mx>
<my>488.275238</my>
</poly>
<brick>
<mLeftAnchored>true</mLeftAnchored>
<mBrickAngle>-10.000000</mBrickAngle>
<mBrickThickness>20.000233</mBrickThickness>
<mBrickRadius>-200.000000</mBrickRadius>
<mBrickRotation>75.000000</mBrickRotation>
<corners>
<point>3</point>
<point>4</point>
<point>0</point>
<point>7</point>
</corners>
</brick>
</ent>
</level>
