<level name="levels/export66/scary.dat.xml">
<version>66</version>
<isLevel>true</isLevel>
<ent>
<class>6</class>
<mCollidable>true</mCollidable>
<mMoving>true</mMoving>
<mImageDX>-0.607689</mImageDX>
<mImageDY>0.000028</mImageDY>
<pegInfo>
<mVariable>true</mVariable>
</pegInfo>
<poly>
<mAllowFlash>true</mAllowFlash>
<mx>527.000000</mx>
<my>403.000000</my>
</poly>
<brick>
<mLeftAnchored>true</mLeftAnchored>
<mBrickNumSubdiv>3</mBrickNumSubdiv>
<mBrickAngle>20.000000</mBrickAngle>
<mBrickThickness>20.000153</mBrickThickness>
<mBrickRadius>80.000000</mBrickRadius>
<mBrickRotation>359.999969</mBrickRotation>
<corners>
<point>4</point>
<point>5</point>
<point>0</point>
<point>9</point>
</corners>
</brick>
</ent>
<ent>
<class>6</class>
<mCollidable>true</mCollidable>
<mMoving>true</mMoving>
<mImageDX>-0.690933</mImageDX>
<mImageDY>1.164124</mImageDY>
<pegInfo>
<mVariable>true</mVariable>
</pegInfo>
<poly>
<mAllowFlash>true</mAllowFlash>
<mx>521.572327</mx>
<my>433.781830</my>
</poly>
<brick>
<mLeftAnchored>true</mLeftAnchored>
<mRightAnchored>true</mRightAnchored>
<mBrickNumSubdiv>3</mBrickNumSubdiv>
<mBrickAngle>20.000000</mBrickAngle>
<mBrickThickness>20.000137</mBrickThickness>
<mBrickRadius>80.000000</mBrickRadius>
<mBrickRotation>-20.000000</mBrickRotation>
<corners>
<point>4</point>
<point>5</point>
<point>0</point>
<point>9</point>
</corners>
</brick>
</ent>
<ent>
<class>6</class>
<mCollidable>true</mCollidable>
<mMoving>true</mMoving>
<mImageDX>0.068779</mImageDX>
<mImageDY>0.451351</mImageDY>
<pegInfo>
<mVariable>true</mVariable>
</pegInfo>
<poly>
<mAllowFlash>true</mAllowFlash>
<mx>505.943970</mx>
<my>460.850922</my>
</poly>
<brick>
<mLeftAnchored>true</mLeftAnchored>
<mRightAnchored>true</mRightAnchored>
<mBrickNumSubdiv>3</mBrickNumSubdiv>
<mBrickAngle>20.000000</mBrickAngle>
<mBrickThickness>20.000153</mBrickThickness>
<mBrickRadius>80.000000</mBrickRadius>
<mBrickRotation>-40.000000</mBrickRotation>
<corners>
<point>4</point>
<point>5</point>
<point>0</point>
<point>9</point>
</corners>
</brick>
</ent>
<ent>
<class>6</class>
<mCollidable>true</mCollidable>
<mMoving>true</mMoving>
<mImageDX>0.820198</mImageDX>
<mImageDY>-0.315876</mImageDY>
<pegInfo>
<mVariable>true</mVariable>
</pegInfo>
<poly>
<mAllowFlash>true</mAllowFlash>
<mx>481.999939</mx>
<my>480.942352</my>
</poly>
<brick>
<mLeftAnchored>true</mLeftAnchored>
<mRightAnchored>true</mRightAnchored>
<mBrickNumSubdiv>3</mBrickNumSubdiv>
<mBrickAngle>20.000000</mBrickAngle>
<mBrickThickness>20.000170</mBrickThickness>
<mBrickRadius>80.000000</mBrickRadius>
<mBrickRotation>-60.000000</mBrickRotation>
<corners>
<point>4</point>
<point>5</point>
<point>0</point>
<point>9</point>
</corners>
</brick>
</ent>
<ent>
<class>6</class>
<mCollidable>true</mCollidable>
<mMoving>true</mMoving>
<mImageDX>1.472682</mImageDX>
<mImageDY>-1.044994</mImageDY>
<pegInfo>
<mVariable>true</mVariable>
<mCrumble>true</mCrumble>
</pegInfo>
<poly>
<mAllowFlash>true</mAllowFlash>
<mx>452.628235</mx>
<my>491.632782</my>
</poly>
<brick>
<mLeftAnchored>true</mLeftAnchored>
<mRightAnchored>true</mRightAnchored>
<mBrickNumSubdiv>3</mBrickNumSubdiv>
<mBrickAngle>20.000000</mBrickAngle>
<mBrickThickness>20.000162</mBrickThickness>
<mBrickRadius>80.000000</mBrickRadius>
<mBrickRotation>-80.000000</mBrickRotation>
<corners>
<point>4</point>
<point>5</point>
<point>0</point>
<point>9</point>
</corners>
</brick>
</ent>
<ent>
<class>6</class>
<mCollidable>true</mCollidable>
<mMoving>true</mMoving>
<mImageDX>-1.472684</mImageDX>
<mImageDY>-1.044994</mImageDY>
<pegInfo>
<mVariable>true</mVariable>
<mCrumble>true</mCrumble>
</pegInfo>
<poly>
<mAllowFlash>true</mAllowFlash>
<mx>421.371521</mx>
<my>491.632782</my>
</poly>
<brick>
<mLeftAnchored>true</mLeftAnchored>
<mRightAnchored>true</mRightAnchored>
<mBrickNumSubdiv>3</mBrickNumSubdiv>
<mBrickAngle>20.000000</mBrickAngle>
<mBrickThickness>20.000153</mBrickThickness>
<mBrickRadius>80.000000</mBrickRadius>
<mBrickRotation>-100.000000</mBrickRotation>
<corners>
<point>4</point>
<point>5</point>
<point>0</point>
<point>9</point>
</corners>
</brick>
</ent>
<ent>
<class>6</class>
<mCollidable>true</mCollidable>
<mMoving>true</mMoving>
<mImageDX>-0.820194</mImageDX>
<mImageDY>-0.315868</mImageDY>
<pegInfo>
<mVariable>true</mVariable>
</pegInfo>
<poly>
<mAllowFlash>true</mAllowFlash>
<mx>391.999878</mx>
<my>480.942352</my>
</poly>
<brick>
<mLeftAnchored>true</mLeftAnchored>
<mRightAnchored>true</mRightAnchored>
<mBrickNumSubdiv>3</mBrickNumSubdiv>
<mBrickAngle>20.000000</mBrickAngle>
<mBrickThickness>20.000162</mBrickThickness>
<mBrickRadius>80.000000</mBrickRadius>
<mBrickRotation>-120.000000</mBrickRotation>
<corners>
<point>4</point>
<point>5</point>
<point>0</point>
<point>9</point>
</corners>
</brick>
</ent>
<ent>
<class>6</class>
<mCollidable>true</mCollidable>
<mMoving>true</mMoving>
<mImageDX>0.820194</mImageDX>
<mImageDY>0.315876</mImageDY>
<pegInfo>
<mVariable>true</mVariable>
</pegInfo>
<poly>
<mAllowFlash>true</mAllowFlash>
<mx>366.298096</mx>
<my>462.945770</my>
</poly>
<brick>
<mLeftAnchored>true</mLeftAnchored>
<mRightAnchored>true</mRightAnchored>
<mBrickTextureFlip>true</mBrickTextureFlip>
<mBrickNumSubdiv>3</mBrickNumSubdiv>
<mBrickAngle>20.000000</mBrickAngle>
<mBrickThickness>20.000126</mBrickThickness>
<mBrickRadius>80.000000</mBrickRadius>
<mBrickRotation>60.000000</mBrickRotation>
<corners>
<point>4</point>
<point>5</point>
<point>0</point>
<point>9</point>
</corners>
</brick>
</ent>
<ent>
<class>6</class>
<mCollidable>true</mCollidable>
<mMoving>true</mMoving>
<mImageDX>1.472681</mImageDX>
<mImageDY>1.044991</mImageDY>
<pegInfo>
<mVariable>true</mVariable>
</pegInfo>
<poly>
<mAllowFlash>true</mAllowFlash>
<mx>336.926392</mx>
<my>452.255341</my>
</poly>
<brick>
<mLeftAnchored>true</mLeftAnchored>
<mRightAnchored>true</mRightAnchored>
<mBrickTextureFlip>true</mBrickTextureFlip>
<mBrickNumSubdiv>3</mBrickNumSubdiv>
<mBrickAngle>20.000000</mBrickAngle>
<mBrickThickness>20.000134</mBrickThickness>
<mBrickRadius>80.000000</mBrickRadius>
<mBrickRotation>80.000000</mBrickRotation>
<corners>
<point>4</point>
<point>5</point>
<point>0</point>
<point>9</point>
</corners>
</brick>
</ent>
<ent>
<class>6</class>
<mCollidable>true</mCollidable>
<mMoving>true</mMoving>
<mImageDX>-1.472684</mImageDX>
<mImageDY>1.044994</mImageDY>
<pegInfo>
<mVariable>true</mVariable>
</pegInfo>
<poly>
<mAllowFlash>true</mAllowFlash>
<mx>305.669708</mx>
<my>452.255341</my>
</poly>
<brick>
<mLeftAnchored>true</mLeftAnchored>
<mRightAnchored>true</mRightAnchored>
<mBrickTextureFlip>true</mBrickTextureFlip>
<mBrickNumSubdiv>3</mBrickNumSubdiv>
<mBrickAngle>20.000000</mBrickAngle>
<mBrickThickness>20.000153</mBrickThickness>
<mBrickRadius>80.000000</mBrickRadius>
<mBrickRotation>100.000000</mBrickRotation>
<corners>
<point>4</point>
<point>5</point>
<point>0</point>
<point>9</point>
</corners>
</brick>
</ent>
<ent>
<class>6</class>
<mCollidable>true</mCollidable>
<mMoving>true</mMoving>
<mImageDX>-0.820194</mImageDX>
<mImageDY>0.315868</mImageDY>
<pegInfo>
<mVariable>true</mVariable>
</pegInfo>
<poly>
<mAllowFlash>true</mAllowFlash>
<mx>276.298035</mx>
<my>462.945770</my>
</poly>
<brick>
<mLeftAnchored>true</mLeftAnchored>
<mRightAnchored>true</mRightAnchored>
<mBrickTextureFlip>true</mBrickTextureFlip>
<mBrickNumSubdiv>3</mBrickNumSubdiv>
<mBrickAngle>20.000000</mBrickAngle>
<mBrickThickness>20.000162</mBrickThickness>
<mBrickRadius>80.000000</mBrickRadius>
<mBrickRotation>120.000000</mBrickRotation>
<corners>
<point>4</point>
<point>5</point>
<point>0</point>
<point>9</point>
</corners>
</brick>
</ent>
<ent>
<class>6</class>
<mCollidable>true</mCollidable>
<mMoving>true</mMoving>
<mImageDX>0.820196</mImageDX>
<mImageDY>-0.315876</mImageDY>
<pegInfo>
<mVariable>true</mVariable>
</pegInfo>
<poly>
<mAllowFlash>true</mAllowFlash>
<mx>250.596252</mx>
<my>480.942352</my>
</poly>
<brick>
<mLeftAnchored>true</mLeftAnchored>
<mRightAnchored>true</mRightAnchored>
<mBrickNumSubdiv>3</mBrickNumSubdiv>
<mBrickAngle>20.000000</mBrickAngle>
<mBrickThickness>20.000126</mBrickThickness>
<mBrickRadius>80.000000</mBrickRadius>
<mBrickRotation>300.000000</mBrickRotation>
<corners>
<point>4</point>
<point>5</point>
<point>0</point>
<point>9</point>
</corners>
</brick>
</ent>
<ent>
<class>6</class>
<mCollidable>true</mCollidable>
<mMoving>true</mMoving>
<mImageDX>1.472681</mImageDX>
<mImageDY>-1.044994</mImageDY>
<pegInfo>
<mVariable>true</mVariable>
<mCrumble>true</mCrumble>
</pegInfo>
<poly>
<mAllowFlash>true</mAllowFlash>
<mx>221.224548</mx>
<my>491.632782</my>
</poly>
<brick>
<mLeftAnchored>true</mLeftAnchored>
<mRightAnchored>true</mRightAnchored>
<mBrickNumSubdiv>3</mBrickNumSubdiv>
<mBrickAngle>20.000000</mBrickAngle>
<mBrickThickness>20.000128</mBrickThickness>
<mBrickRadius>80.000000</mBrickRadius>
<mBrickRotation>-80.000000</mBrickRotation>
<corners>
<point>4</point>
<point>5</point>
<point>0</point>
<point>9</point>
</corners>
</brick>
</ent>
<ent>
<class>6</class>
<mCollidable>true</mCollidable>
<mMoving>true</mMoving>
<mImageDX>-1.472684</mImageDX>
<mImageDY>-1.044994</mImageDY>
<pegInfo>
<mVariable>true</mVariable>
<mCrumble>true</mCrumble>
</pegInfo>
<poly>
<mAllowFlash>true</mAllowFlash>
<mx>189.967865</mx>
<my>491.632782</my>
</poly>
<brick>
<mLeftAnchored>true</mLeftAnchored>
<mRightAnchored>true</mRightAnchored>
<mBrickNumSubdiv>3</mBrickNumSubdiv>
<mBrickAngle>20.000000</mBrickAngle>
<mBrickThickness>20.000153</mBrickThickness>
<mBrickRadius>80.000000</mBrickRadius>
<mBrickRotation>-100.000000</mBrickRotation>
<corners>
<point>4</point>
<point>5</point>
<point>0</point>
<point>9</point>
</corners>
</brick>
</ent>
<ent>
<class>6</class>
<mCollidable>true</mCollidable>
<mMoving>true</mMoving>
<mImageDX>-0.820194</mImageDX>
<mImageDY>-0.315868</mImageDY>
<pegInfo>
<mVariable>true</mVariable>
</pegInfo>
<poly>
<mAllowFlash>true</mAllowFlash>
<mx>160.596161</mx>
<my>480.942352</my>
</poly>
<brick>
<mLeftAnchored>true</mLeftAnchored>
<mRightAnchored>true</mRightAnchored>
<mBrickNumSubdiv>3</mBrickNumSubdiv>
<mBrickAngle>20.000000</mBrickAngle>
<mBrickThickness>20.000162</mBrickThickness>
<mBrickRadius>80.000000</mBrickRadius>
<mBrickRotation>-120.000000</mBrickRotation>
<corners>
<point>4</point>
<point>5</point>
<point>0</point>
<point>9</point>
</corners>
</brick>
</ent>
<ent>
<class>6</class>
<mCollidable>true</mCollidable>
<mMoving>true</mMoving>
<mImageDX>-0.068794</mImageDX>
<mImageDY>0.451332</mImageDY>
<pegInfo>
<mVariable>true</mVariable>
</pegInfo>
<poly>
<mAllowFlash>true</mAllowFlash>
<mx>136.652161</mx>
<my>460.850952</my>
</poly>
<brick>
<mLeftAnchored>true</mLeftAnchored>
<mRightAnchored>true</mRightAnchored>
<mBrickNumSubdiv>3</mBrickNumSubdiv>
<mBrickAngle>20.000000</mBrickAngle>
<mBrickThickness>20.000135</mBrickThickness>
<mBrickRadius>80.000000</mBrickRadius>
<mBrickRotation>-140.000000</mBrickRotation>
<corners>
<point>4</point>
<point>5</point>
<point>0</point>
<point>9</point>
</corners>
</brick>
</ent>
<ent>
<class>6</class>
<mCollidable>true</mCollidable>
<mMoving>true</mMoving>
<mImageDX>0.690922</mImageDX>
<mImageDY>1.164114</mImageDY>
<pegInfo>
<mVariable>true</mVariable>
</pegInfo>
<poly>
<mAllowFlash>true</mAllowFlash>
<mx>121.023819</mx>
<my>433.781860</my>
</poly>
<brick>
<mLeftAnchored>true</mLeftAnchored>
<mRightAnchored>true</mRightAnchored>
<mBrickNumSubdiv>3</mBrickNumSubdiv>
<mBrickAngle>20.000000</mBrickAngle>
<mBrickThickness>20.000132</mBrickThickness>
<mBrickRadius>80.000000</mBrickRadius>
<mBrickRotation>-160.000000</mBrickRotation>
<corners>
<point>4</point>
<point>5</point>
<point>0</point>
<point>9</point>
</corners>
</brick>
</ent>
<ent>
<class>6</class>
<mCollidable>true</mCollidable>
<mMoving>true</mMoving>
<mImageDX>0.607685</mImageDX>
<pegInfo>
<mVariable>true</mVariable>
</pegInfo>
<poly>
<mAllowFlash>true</mAllowFlash>
<mx>115.596161</mx>
<my>403.000031</my>
</poly>
<brick>
<mRightAnchored>true</mRightAnchored>
<mBrickNumSubdiv>3</mBrickNumSubdiv>
<mBrickAngle>20.000000</mBrickAngle>
<mBrickThickness>20.000130</mBrickThickness>
<mBrickRadius>80.000000</mBrickRadius>
<mBrickRotation>-180.000000</mBrickRotation>
<corners>
<point>4</point>
<point>5</point>
<point>0</point>
<point>9</point>
</corners>
</brick>
</ent>
<ent>
<class>6</class>
<mCollidable>true</mCollidable>
<mMoving>true</mMoving>
<mImageDX>-0.607689</mImageDX>
<mImageDY>0.000028</mImageDY>
<pegInfo>
<mVariable>true</mVariable>
</pegInfo>
<poly>
<mAllowFlash>true</mAllowFlash>
<mx>82.000000</mx>
<my>428.000000</my>
</poly>
<brick>
<mRightAnchored>true</mRightAnchored>
<mBrickNumSubdiv>3</mBrickNumSubdiv>
<mBrickAngle>20.000000</mBrickAngle>
<mBrickThickness>20.000153</mBrickThickness>
<mBrickRadius>80.000000</mBrickRadius>
<mBrickRotation>359.999969</mBrickRotation>
<corners>
<point>4</point>
<point>5</point>
<point>0</point>
<point>9</point>
</corners>
</brick>
</ent>
<ent>
<class>6</class>
<mCollidable>true</mCollidable>
<mMoving>true</mMoving>
<mImageDX>0.607685</mImageDX>
<mImageDY>0.000001</mImageDY>
<pegInfo>
<mVariable>true</mVariable>
</pegInfo>
<poly>
<mAllowFlash>true</mAllowFlash>
<mx>79.265411</mx>
<my>396.743286</my>
</poly>
<brick>
<mLeftAnchored>true</mLeftAnchored>
<mRightAnchored>true</mRightAnchored>
<mBrickTextureFlip>true</mBrickTextureFlip>
<mBrickNumSubdiv>3</mBrickNumSubdiv>
<mBrickAngle>20.000000</mBrickAngle>
<mBrickThickness>20.000160</mBrickThickness>
<mBrickRadius>80.000000</mBrickRadius>
<mBrickRotation>180.000000</mBrickRotation>
<corners>
<point>4</point>
<point>5</point>
<point>0</point>
<point>9</point>
</corners>
</brick>
</ent>
<ent>
<class>6</class>
<mCollidable>true</mCollidable>
<mMoving>true</mMoving>
<mImageDX>0.690922</mImageDX>
<mImageDY>-1.164115</mImageDY>
<pegInfo>
<mVariable>true</mVariable>
</pegInfo>
<poly>
<mAllowFlash>true</mAllowFlash>
<mx>84.693085</mx>
<my>365.961456</my>
</poly>
<brick>
<mLeftAnchored>true</mLeftAnchored>
<mRightAnchored>true</mRightAnchored>
<mBrickTextureFlip>true</mBrickTextureFlip>
<mBrickNumSubdiv>3</mBrickNumSubdiv>
<mBrickAngle>20.000000</mBrickAngle>
<mBrickThickness>20.000160</mBrickThickness>
<mBrickRadius>80.000000</mBrickRadius>
<mBrickRotation>160.000000</mBrickRotation>
<corners>
<point>4</point>
<point>5</point>
<point>0</point>
<point>9</point>
</corners>
</brick>
</ent>
<ent>
<class>6</class>
<mCollidable>true</mCollidable>
<mMoving>true</mMoving>
<mImageDX>-0.068787</mImageDX>
<mImageDY>-0.451336</mImageDY>
<pegInfo>
<mVariable>true</mVariable>
</pegInfo>
<poly>
<mAllowFlash>true</mAllowFlash>
<mx>100.321426</mx>
<my>338.892365</my>
</poly>
<brick>
<mLeftAnchored>true</mLeftAnchored>
<mRightAnchored>true</mRightAnchored>
<mBrickTextureFlip>true</mBrickTextureFlip>
<mBrickNumSubdiv>3</mBrickNumSubdiv>
<mBrickAngle>20.000000</mBrickAngle>
<mBrickThickness>20.000153</mBrickThickness>
<mBrickRadius>80.000000</mBrickRadius>
<mBrickRotation>140.000000</mBrickRotation>
<corners>
<point>4</point>
<point>5</point>
<point>0</point>
<point>9</point>
</corners>
</brick>
</ent>
<ent>
<class>6</class>
<mCollidable>true</mCollidable>
<mMoving>true</mMoving>
<mImageDX>-0.820194</mImageDX>
<mImageDY>0.315868</mImageDY>
<pegInfo>
<mVariable>true</mVariable>
</pegInfo>
<poly>
<mAllowFlash>true</mAllowFlash>
<mx>124.265442</mx>
<my>318.800964</my>
</poly>
<brick>
<mLeftAnchored>true</mLeftAnchored>
<mRightAnchored>true</mRightAnchored>
<mBrickTextureFlip>true</mBrickTextureFlip>
<mBrickNumSubdiv>3</mBrickNumSubdiv>
<mBrickAngle>20.000000</mBrickAngle>
<mBrickThickness>20.000160</mBrickThickness>
<mBrickRadius>80.000000</mBrickRadius>
<mBrickRotation>120.000000</mBrickRotation>
<corners>
<point>4</point>
<point>5</point>
<point>0</point>
<point>9</point>
</corners>
</brick>
</ent>
<ent>
<class>6</class>
<mCollidable>true</mCollidable>
<mMoving>true</mMoving>
<mImageDX>-1.472683</mImageDX>
<mImageDY>1.044994</mImageDY>
<pegInfo>
<mVariable>true</mVariable>
</pegInfo>
<poly>
<mAllowFlash>true</mAllowFlash>
<mx>153.637146</mx>
<my>308.110535</my>
</poly>
<brick>
<mLeftAnchored>true</mLeftAnchored>
<mRightAnchored>true</mRightAnchored>
<mBrickTextureFlip>true</mBrickTextureFlip>
<mBrickNumSubdiv>3</mBrickNumSubdiv>
<mBrickAngle>20.000000</mBrickAngle>
<mBrickThickness>20.000164</mBrickThickness>
<mBrickRadius>80.000000</mBrickRadius>
<mBrickRotation>100.000000</mBrickRotation>
<corners>
<point>4</point>
<point>5</point>
<point>0</point>
<point>9</point>
</corners>
</brick>
</ent>
<ent>
<class>6</class>
<mCollidable>true</mCollidable>
<mMoving>true</mMoving>
<mImageDX>1.472682</mImageDX>
<mImageDY>1.044991</mImageDY>
<pegInfo>
<mVariable>true</mVariable>
</pegInfo>
<poly>
<mAllowFlash>true</mAllowFlash>
<mx>184.893829</mx>
<my>308.110535</my>
</poly>
<brick>
<mLeftAnchored>true</mLeftAnchored>
<mRightAnchored>true</mRightAnchored>
<mBrickTextureFlip>true</mBrickTextureFlip>
<mBrickNumSubdiv>3</mBrickNumSubdiv>
<mBrickAngle>20.000000</mBrickAngle>
<mBrickThickness>20.000153</mBrickThickness>
<mBrickRadius>80.000000</mBrickRadius>
<mBrickRotation>80.000000</mBrickRotation>
<corners>
<point>4</point>
<point>5</point>
<point>0</point>
<point>9</point>
</corners>
</brick>
</ent>
<ent>
<class>6</class>
<mCollidable>true</mCollidable>
<mMoving>true</mMoving>
<mImageDX>0.820198</mImageDX>
<mImageDY>0.315872</mImageDY>
<pegInfo>
<mVariable>true</mVariable>
</pegInfo>
<poly>
<mAllowFlash>true</mAllowFlash>
<mx>214.265518</mx>
<my>318.800964</my>
</poly>
<brick>
<mLeftAnchored>true</mLeftAnchored>
<mRightAnchored>true</mRightAnchored>
<mBrickTextureFlip>true</mBrickTextureFlip>
<mBrickNumSubdiv>3</mBrickNumSubdiv>
<mBrickAngle>20.000000</mBrickAngle>
<mBrickThickness>20.000162</mBrickThickness>
<mBrickRadius>80.000000</mBrickRadius>
<mBrickRotation>60.000000</mBrickRotation>
<corners>
<point>4</point>
<point>5</point>
<point>0</point>
<point>9</point>
</corners>
</brick>
</ent>
<ent>
<class>6</class>
<mCollidable>true</mCollidable>
<mMoving>true</mMoving>
<mImageDX>0.068783</mImageDX>
<mImageDY>-0.451351</mImageDY>
<pegInfo>
<mVariable>true</mVariable>
</pegInfo>
<poly>
<mAllowFlash>true</mAllowFlash>
<mx>238.209534</mx>
<my>338.892395</my>
</poly>
<brick>
<mLeftAnchored>true</mLeftAnchored>
<mRightAnchored>true</mRightAnchored>
<mBrickTextureFlip>true</mBrickTextureFlip>
<mBrickNumSubdiv>3</mBrickNumSubdiv>
<mBrickAngle>20.000000</mBrickAngle>
<mBrickThickness>20.000160</mBrickThickness>
<mBrickRadius>80.000000</mBrickRadius>
<mBrickRotation>40.000000</mBrickRotation>
<corners>
<point>4</point>
<point>5</point>
<point>0</point>
<point>9</point>
</corners>
</brick>
</ent>
<ent>
<class>6</class>
<mCollidable>true</mCollidable>
<mMoving>true</mMoving>
<mImageDX>-0.068781</mImageDX>
<mImageDY>0.451347</mImageDY>
<pegInfo>
<mVariable>true</mVariable>
</pegInfo>
<poly>
<mAllowFlash>true</mAllowFlash>
<mx>256.206116</mx>
<my>364.594208</my>
</poly>
<brick>
<mLeftAnchored>true</mLeftAnchored>
<mRightAnchored>true</mRightAnchored>
<mBrickNumSubdiv>3</mBrickNumSubdiv>
<mBrickAngle>20.000000</mBrickAngle>
<mBrickThickness>20.000168</mBrickThickness>
<mBrickRadius>80.000000</mBrickRadius>
<mBrickRotation>220.000000</mBrickRotation>
<corners>
<point>4</point>
<point>5</point>
<point>0</point>
<point>9</point>
</corners>
</brick>
</ent>
<ent>
<class>6</class>
<mCollidable>true</mCollidable>
<mMoving>true</mMoving>
<mImageDX>-0.820194</mImageDX>
<mImageDY>-0.315868</mImageDY>
<pegInfo>
<mVariable>true</mVariable>
</pegInfo>
<poly>
<mAllowFlash>true</mAllowFlash>
<mx>280.150146</mx>
<my>384.685608</my>
</poly>
<brick>
<mLeftAnchored>true</mLeftAnchored>
<mRightAnchored>true</mRightAnchored>
<mBrickNumSubdiv>3</mBrickNumSubdiv>
<mBrickAngle>20.000000</mBrickAngle>
<mBrickThickness>20.000160</mBrickThickness>
<mBrickRadius>80.000000</mBrickRadius>
<mBrickRotation>-120.000000</mBrickRotation>
<corners>
<point>4</point>
<point>5</point>
<point>0</point>
<point>9</point>
</corners>
</brick>
</ent>
<ent>
<class>6</class>
<mCollidable>true</mCollidable>
<mMoving>true</mMoving>
<mImageDX>-1.472683</mImageDX>
<mImageDY>-1.044994</mImageDY>
<pegInfo>
<mVariable>true</mVariable>
<mCrumble>true</mCrumble>
</pegInfo>
<poly>
<mAllowFlash>true</mAllowFlash>
<mx>309.521851</mx>
<my>395.376038</my>
</poly>
<brick>
<mLeftAnchored>true</mLeftAnchored>
<mRightAnchored>true</mRightAnchored>
<mBrickNumSubdiv>3</mBrickNumSubdiv>
<mBrickAngle>20.000000</mBrickAngle>
<mBrickThickness>20.000134</mBrickThickness>
<mBrickRadius>80.000000</mBrickRadius>
<mBrickRotation>-100.000000</mBrickRotation>
<corners>
<point>4</point>
<point>5</point>
<point>0</point>
<point>9</point>
</corners>
</brick>
</ent>
<ent>
<class>6</class>
<mCollidable>true</mCollidable>
<mMoving>true</mMoving>
<mImageDX>1.472681</mImageDX>
<mImageDY>-1.044991</mImageDY>
<pegInfo>
<mVariable>true</mVariable>
<mCrumble>true</mCrumble>
</pegInfo>
<poly>
<mAllowFlash>true</mAllowFlash>
<mx>340.778564</mx>
<my>395.376038</my>
</poly>
<brick>
<mLeftAnchored>true</mLeftAnchored>
<mRightAnchored>true</mRightAnchored>
<mBrickNumSubdiv>3</mBrickNumSubdiv>
<mBrickAngle>20.000000</mBrickAngle>
<mBrickThickness>20.000122</mBrickThickness>
<mBrickRadius>80.000000</mBrickRadius>
<mBrickRotation>-80.000000</mBrickRotation>
<corners>
<point>4</point>
<point>5</point>
<point>0</point>
<point>9</point>
</corners>
</brick>
</ent>
<ent>
<class>6</class>
<mCollidable>true</mCollidable>
<mMoving>true</mMoving>
<mImageDX>0.820194</mImageDX>
<mImageDY>-0.315876</mImageDY>
<pegInfo>
<mVariable>true</mVariable>
</pegInfo>
<poly>
<mAllowFlash>true</mAllowFlash>
<mx>370.150238</mx>
<my>384.685608</my>
</poly>
<brick>
<mLeftAnchored>true</mLeftAnchored>
<mRightAnchored>true</mRightAnchored>
<mBrickNumSubdiv>3</mBrickNumSubdiv>
<mBrickAngle>20.000000</mBrickAngle>
<mBrickThickness>20.000093</mBrickThickness>
<mBrickRadius>80.000000</mBrickRadius>
<mBrickRotation>-60.000000</mBrickRotation>
<corners>
<point>4</point>
<point>5</point>
<point>0</point>
<point>9</point>
</corners>
</brick>
</ent>
<ent>
<class>6</class>
<mCollidable>true</mCollidable>
<mMoving>true</mMoving>
<mImageDX>0.068783</mImageDX>
<mImageDY>0.451347</mImageDY>
<pegInfo>
<mVariable>true</mVariable>
</pegInfo>
<poly>
<mAllowFlash>true</mAllowFlash>
<mx>394.094238</mx>
<my>364.594177</my>
</poly>
<brick>
<mLeftAnchored>true</mLeftAnchored>
<mRightAnchored>true</mRightAnchored>
<mBrickNumSubdiv>3</mBrickNumSubdiv>
<mBrickAngle>20.000000</mBrickAngle>
<mBrickThickness>20.000103</mBrickThickness>
<mBrickRadius>80.000000</mBrickRadius>
<mBrickRotation>-40.000000</mBrickRotation>
<corners>
<point>4</point>
<point>5</point>
<point>0</point>
<point>9</point>
</corners>
</brick>
</ent>
<ent>
<class>6</class>
<mCollidable>true</mCollidable>
<mMoving>true</mMoving>
<mImageDX>-0.068787</mImageDX>
<mImageDY>-0.451336</mImageDY>
<pegInfo>
<mVariable>true</mVariable>
</pegInfo>
<poly>
<mAllowFlash>true</mAllowFlash>
<mx>412.090820</mx>
<my>338.892395</my>
</poly>
<brick>
<mLeftAnchored>true</mLeftAnchored>
<mRightAnchored>true</mRightAnchored>
<mBrickTextureFlip>true</mBrickTextureFlip>
<mBrickNumSubdiv>3</mBrickNumSubdiv>
<mBrickAngle>20.000000</mBrickAngle>
<mBrickThickness>20.000099</mBrickThickness>
<mBrickRadius>80.000000</mBrickRadius>
<mBrickRotation>140.000000</mBrickRotation>
<corners>
<point>4</point>
<point>5</point>
<point>0</point>
<point>9</point>
</corners>
</brick>
</ent>
<ent>
<class>6</class>
<mCollidable>true</mCollidable>
<mMoving>true</mMoving>
<mImageDX>-0.820187</mImageDX>
<mImageDY>0.315876</mImageDY>
<pegInfo>
<mVariable>true</mVariable>
</pegInfo>
<poly>
<mAllowFlash>true</mAllowFlash>
<mx>436.034851</mx>
<my>318.800964</my>
</poly>
<brick>
<mLeftAnchored>true</mLeftAnchored>
<mRightAnchored>true</mRightAnchored>
<mBrickTextureFlip>true</mBrickTextureFlip>
<mBrickNumSubdiv>3</mBrickNumSubdiv>
<mBrickAngle>20.000000</mBrickAngle>
<mBrickThickness>20.000084</mBrickThickness>
<mBrickRadius>80.000000</mBrickRadius>
<mBrickRotation>120.000000</mBrickRotation>
<corners>
<point>4</point>
<point>5</point>
<point>0</point>
<point>9</point>
</corners>
</brick>
</ent>
<ent>
<class>6</class>
<mCollidable>true</mCollidable>
<mMoving>true</mMoving>
<mImageDX>-1.472681</mImageDX>
<mImageDY>1.044994</mImageDY>
<pegInfo>
<mVariable>true</mVariable>
</pegInfo>
<poly>
<mAllowFlash>true</mAllowFlash>
<mx>465.406555</mx>
<my>308.110535</my>
</poly>
<brick>
<mLeftAnchored>true</mLeftAnchored>
<mRightAnchored>true</mRightAnchored>
<mBrickTextureFlip>true</mBrickTextureFlip>
<mBrickNumSubdiv>3</mBrickNumSubdiv>
<mBrickAngle>20.000000</mBrickAngle>
<mBrickThickness>20.000105</mBrickThickness>
<mBrickRadius>80.000000</mBrickRadius>
<mBrickRotation>100.000000</mBrickRotation>
<corners>
<point>4</point>
<point>5</point>
<point>0</point>
<point>9</point>
</corners>
</brick>
</ent>
<ent>
<class>6</class>
<mCollidable>true</mCollidable>
<mMoving>true</mMoving>
<mImageDX>1.472681</mImageDX>
<mImageDY>1.044991</mImageDY>
<pegInfo>
<mVariable>true</mVariable>
</pegInfo>
<poly>
<mAllowFlash>true</mAllowFlash>
<mx>496.663269</mx>
<my>308.110535</my>
</poly>
<brick>
<mLeftAnchored>true</mLeftAnchored>
<mRightAnchored>true</mRightAnchored>
<mBrickTextureFlip>true</mBrickTextureFlip>
<mBrickNumSubdiv>3</mBrickNumSubdiv>
<mBrickAngle>20.000000</mBrickAngle>
<mBrickThickness>20.000122</mBrickThickness>
<mBrickRadius>80.000000</mBrickRadius>
<mBrickRotation>80.000000</mBrickRotation>
<corners>
<point>4</point>
<point>5</point>
<point>0</point>
<point>9</point>
</corners>
</brick>
</ent>
<ent>
<class>6</class>
<mCollidable>true</mCollidable>
<mMoving>true</mMoving>
<mImageDX>0.820194</mImageDX>
<mImageDY>0.315876</mImageDY>
<pegInfo>
<mVariable>true</mVariable>
</pegInfo>
<poly>
<mAllowFlash>true</mAllowFlash>
<mx>526.034912</mx>
<my>318.800964</my>
</poly>
<brick>
<mLeftAnchored>true</mLeftAnchored>
<mRightAnchored>true</mRightAnchored>
<mBrickTextureFlip>true</mBrickTextureFlip>
<mBrickNumSubdiv>3</mBrickNumSubdiv>
<mBrickAngle>20.000000</mBrickAngle>
<mBrickThickness>20.000093</mBrickThickness>
<mBrickRadius>80.000000</mBrickRadius>
<mBrickRotation>60.000000</mBrickRotation>
<corners>
<point>4</point>
<point>5</point>
<point>0</point>
<point>9</point>
</corners>
</brick>
</ent>
<ent>
<class>6</class>
<mCollidable>true</mCollidable>
<mMoving>true</mMoving>
<mImageDX>0.068779</mImageDX>
<mImageDY>-0.451347</mImageDY>
<pegInfo>
<mVariable>true</mVariable>
</pegInfo>
<poly>
<mAllowFlash>true</mAllowFlash>
<mx>549.978943</mx>
<my>338.892395</my>
</poly>
<brick>
<mLeftAnchored>true</mLeftAnchored>
<mRightAnchored>true</mRightAnchored>
<mBrickTextureFlip>true</mBrickTextureFlip>
<mBrickNumSubdiv>3</mBrickNumSubdiv>
<mBrickAngle>20.000000</mBrickAngle>
<mBrickThickness>20.000063</mBrickThickness>
<mBrickRadius>80.000000</mBrickRadius>
<mBrickRotation>40.000000</mBrickRotation>
<corners>
<point>4</point>
<point>5</point>
<point>0</point>
<point>9</point>
</corners>
</brick>
</ent>
<ent>
<class>6</class>
<mCollidable>true</mCollidable>
<mMoving>true</mMoving>
<mImageDX>-0.690933</mImageDX>
<mImageDY>-1.164117</mImageDY>
<pegInfo>
<mVariable>true</mVariable>
</pegInfo>
<poly>
<mAllowFlash>true</mAllowFlash>
<mx>565.607300</mx>
<my>365.961456</my>
</poly>
<brick>
<mLeftAnchored>true</mLeftAnchored>
<mRightAnchored>true</mRightAnchored>
<mBrickTextureFlip>true</mBrickTextureFlip>
<mBrickNumSubdiv>3</mBrickNumSubdiv>
<mBrickAngle>20.000000</mBrickAngle>
<mBrickThickness>20.000042</mBrickThickness>
<mBrickRadius>80.000000</mBrickRadius>
<mBrickRotation>20.000000</mBrickRotation>
<corners>
<point>4</point>
<point>5</point>
<point>0</point>
<point>9</point>
</corners>
</brick>
</ent>
<ent>
<class>6</class>
<mCollidable>true</mCollidable>
<mMoving>true</mMoving>
<mImageDX>-0.607689</mImageDX>
<pegInfo>
<mVariable>true</mVariable>
</pegInfo>
<poly>
<mAllowFlash>true</mAllowFlash>
<mx>571.034973</mx>
<my>396.743256</my>
</poly>
<brick>
<mLeftAnchored>true</mLeftAnchored>
<mRightAnchored>true</mRightAnchored>
<mBrickTextureFlip>true</mBrickTextureFlip>
<mBrickNumSubdiv>3</mBrickNumSubdiv>
<mBrickAngle>20.000000</mBrickAngle>
<mBrickThickness>20.000011</mBrickThickness>
<mBrickRadius>80.000000</mBrickRadius>
<mBrickRotation>0.000000</mBrickRotation>
<corners>
<point>4</point>
<point>5</point>
<point>0</point>
<point>9</point>
</corners>
</brick>
</ent>
<ent>
<class>6</class>
<mCollidable>true</mCollidable>
<mMoving>true</mMoving>
<mImageDX>0.607689</mImageDX>
<mImageDY>0.000001</mImageDY>
<pegInfo>
<mVariable>true</mVariable>
</pegInfo>
<poly>
<mAllowFlash>true</mAllowFlash>
<mx>568.300354</mx>
<my>427.999908</my>
</poly>
<brick>
<mLeftAnchored>true</mLeftAnchored>
<mBrickNumSubdiv>3</mBrickNumSubdiv>
<mBrickAngle>20.000000</mBrickAngle>
<mBrickThickness>20.000011</mBrickThickness>
<mBrickRadius>80.000000</mBrickRadius>
<mBrickRotation>180.000000</mBrickRotation>
<corners>
<point>4</point>
<point>5</point>
<point>0</point>
<point>9</point>
</corners>
</brick>
</ent>
<ent>
<class>6</class>
<mCollidable>true</mCollidable>
<mMoving>true</mMoving>
<mImageDX>-0.607689</mImageDX>
<mImageDY>0.000028</mImageDY>
<pegInfo>
<mVariable>true</mVariable>
</pegInfo>
<poly>
<mAllowFlash>true</mAllowFlash>
<mx>37.734619</mx>
<my>143.743317</my>
</poly>
<brick>
<mLeftAnchored>true</mLeftAnchored>
<mBrickNumSubdiv>3</mBrickNumSubdiv>
<mBrickAngle>20.000000</mBrickAngle>
<mBrickThickness>20.000153</mBrickThickness>
<mBrickRadius>80.000000</mBrickRadius>
<mBrickRotation>359.999969</mBrickRotation>
<corners>
<point>4</point>
<point>5</point>
<point>0</point>
<point>9</point>
</corners>
</brick>
</ent>
<ent>
<class>6</class>
<mCollidable>true</mCollidable>
<mMoving>true</mMoving>
<mImageDX>0.607689</mImageDX>
<pegInfo>
<mVariable>true</mVariable>
</pegInfo>
<poly>
<mAllowFlash>true</mAllowFlash>
<mx>35.000000</mx>
<my>175.000000</my>
</poly>
<brick>
<mLeftAnchored>true</mLeftAnchored>
<mRightAnchored>true</mRightAnchored>
<mBrickTextureFlip>true</mBrickTextureFlip>
<mBrickNumSubdiv>3</mBrickNumSubdiv>
<mBrickAngle>20.000000</mBrickAngle>
<mBrickThickness>20.000154</mBrickThickness>
<mBrickRadius>80.000000</mBrickRadius>
<mBrickRotation>180.000000</mBrickRotation>
<corners>
<point>4</point>
<point>5</point>
<point>0</point>
<point>9</point>
</corners>
</brick>
</ent>
<ent>
<class>6</class>
<mCollidable>true</mCollidable>
<mMoving>true</mMoving>
<mImageDX>0.690918</mImageDX>
<mImageDY>1.164116</mImageDY>
<pegInfo>
<mVariable>true</mVariable>
</pegInfo>
<poly>
<mAllowFlash>true</mAllowFlash>
<mx>40.427673</mx>
<my>205.781860</my>
</poly>
<brick>
<mLeftAnchored>true</mLeftAnchored>
<mRightAnchored>true</mRightAnchored>
<mBrickTextureFlip>true</mBrickTextureFlip>
<mBrickNumSubdiv>3</mBrickNumSubdiv>
<mBrickAngle>20.000000</mBrickAngle>
<mBrickThickness>20.000153</mBrickThickness>
<mBrickRadius>80.000000</mBrickRadius>
<mBrickRotation>-160.000000</mBrickRotation>
<corners>
<point>4</point>
<point>5</point>
<point>0</point>
<point>9</point>
</corners>
</brick>
</ent>
<ent>
<class>6</class>
<mCollidable>true</mCollidable>
<mMoving>true</mMoving>
<mImageDX>-0.068787</mImageDX>
<mImageDY>0.451336</mImageDY>
<pegInfo>
<mVariable>true</mVariable>
</pegInfo>
<poly>
<mAllowFlash>true</mAllowFlash>
<mx>56.056015</mx>
<my>232.850952</my>
</poly>
<brick>
<mLeftAnchored>true</mLeftAnchored>
<mRightAnchored>true</mRightAnchored>
<mBrickTextureFlip>true</mBrickTextureFlip>
<mBrickNumSubdiv>3</mBrickNumSubdiv>
<mBrickAngle>20.000000</mBrickAngle>
<mBrickThickness>20.000153</mBrickThickness>
<mBrickRadius>80.000000</mBrickRadius>
<mBrickRotation>-140.000000</mBrickRotation>
<corners>
<point>4</point>
<point>5</point>
<point>0</point>
<point>9</point>
</corners>
</brick>
</ent>
<ent>
<class>6</class>
<mCollidable>true</mCollidable>
<mMoving>true</mMoving>
<mImageDX>-0.820194</mImageDX>
<mImageDY>-0.315868</mImageDY>
<pegInfo>
<mVariable>true</mVariable>
</pegInfo>
<poly>
<mAllowFlash>true</mAllowFlash>
<mx>80.000031</mx>
<my>252.942352</my>
</poly>
<brick>
<mLeftAnchored>true</mLeftAnchored>
<mRightAnchored>true</mRightAnchored>
<mBrickTextureFlip>true</mBrickTextureFlip>
<mBrickNumSubdiv>3</mBrickNumSubdiv>
<mBrickAngle>20.000000</mBrickAngle>
<mBrickThickness>20.000160</mBrickThickness>
<mBrickRadius>80.000000</mBrickRadius>
<mBrickRotation>-120.000000</mBrickRotation>
<corners>
<point>4</point>
<point>5</point>
<point>0</point>
<point>9</point>
</corners>
</brick>
</ent>
<ent>
<class>6</class>
<mCollidable>true</mCollidable>
<mMoving>true</mMoving>
<mImageDX>-1.472684</mImageDX>
<mImageDY>-1.044994</mImageDY>
<pegInfo>
<mVariable>true</mVariable>
<mCrumble>true</mCrumble>
</pegInfo>
<poly>
<mAllowFlash>true</mAllowFlash>
<mx>109.371719</mx>
<my>263.632782</my>
</poly>
<brick>
<mLeftAnchored>true</mLeftAnchored>
<mRightAnchored>true</mRightAnchored>
<mBrickTextureFlip>true</mBrickTextureFlip>
<mBrickNumSubdiv>3</mBrickNumSubdiv>
<mBrickAngle>20.000000</mBrickAngle>
<mBrickThickness>20.000151</mBrickThickness>
<mBrickRadius>80.000000</mBrickRadius>
<mBrickRotation>-100.000000</mBrickRotation>
<corners>
<point>4</point>
<point>5</point>
<point>0</point>
<point>9</point>
</corners>
</brick>
</ent>
<ent>
<class>6</class>
<mCollidable>true</mCollidable>
<mMoving>true</mMoving>
<mImageDX>1.472682</mImageDX>
<mImageDY>-1.044991</mImageDY>
<pegInfo>
<mVariable>true</mVariable>
<mCrumble>true</mCrumble>
</pegInfo>
<poly>
<mAllowFlash>true</mAllowFlash>
<mx>140.628418</mx>
<my>263.632782</my>
</poly>
<brick>
<mLeftAnchored>true</mLeftAnchored>
<mRightAnchored>true</mRightAnchored>
<mBrickTextureFlip>true</mBrickTextureFlip>
<mBrickNumSubdiv>3</mBrickNumSubdiv>
<mBrickAngle>20.000000</mBrickAngle>
<mBrickThickness>20.000153</mBrickThickness>
<mBrickRadius>80.000000</mBrickRadius>
<mBrickRotation>-80.000000</mBrickRotation>
<corners>
<point>4</point>
<point>5</point>
<point>0</point>
<point>9</point>
</corners>
</brick>
</ent>
<ent>
<class>6</class>
<mCollidable>true</mCollidable>
<mMoving>true</mMoving>
<mImageDX>-1.472685</mImageDX>
<mImageDY>1.044998</mImageDY>
<pegInfo>
<mVariable>true</mVariable>
</pegInfo>
<poly>
<mAllowFlash>true</mAllowFlash>
<mx>170.935394</mx>
<my>255.512054</my>
</poly>
<brick>
<mLeftAnchored>true</mLeftAnchored>
<mRightAnchored>true</mRightAnchored>
<mBrickNumSubdiv>3</mBrickNumSubdiv>
<mBrickAngle>20.000000</mBrickAngle>
<mBrickThickness>20.000162</mBrickThickness>
<mBrickRadius>80.000000</mBrickRadius>
<mBrickRotation>100.000000</mBrickRotation>
<corners>
<point>4</point>
<point>5</point>
<point>0</point>
<point>9</point>
</corners>
</brick>
</ent>
<ent>
<class>6</class>
<mCollidable>true</mCollidable>
<mMoving>true</mMoving>
<mImageDX>1.472682</mImageDX>
<mImageDY>1.044991</mImageDY>
<pegInfo>
<mVariable>true</mVariable>
</pegInfo>
<poly>
<mAllowFlash>true</mAllowFlash>
<mx>202.192078</mx>
<my>255.512054</my>
</poly>
<brick>
<mLeftAnchored>true</mLeftAnchored>
<mRightAnchored>true</mRightAnchored>
<mBrickNumSubdiv>3</mBrickNumSubdiv>
<mBrickAngle>20.000000</mBrickAngle>
<mBrickThickness>20.000153</mBrickThickness>
<mBrickRadius>80.000000</mBrickRadius>
<mBrickRotation>80.000000</mBrickRotation>
<corners>
<point>4</point>
<point>5</point>
<point>0</point>
<point>9</point>
</corners>
</brick>
</ent>
<ent>
<class>6</class>
<mCollidable>true</mCollidable>
<mMoving>true</mMoving>
<mImageDX>0.820198</mImageDX>
<mImageDY>0.315872</mImageDY>
<pegInfo>
<mVariable>true</mVariable>
</pegInfo>
<poly>
<mAllowFlash>true</mAllowFlash>
<mx>231.563766</mx>
<my>266.202484</my>
</poly>
<brick>
<mRightAnchored>true</mRightAnchored>
<mBrickNumSubdiv>3</mBrickNumSubdiv>
<mBrickAngle>20.000000</mBrickAngle>
<mBrickThickness>20.000162</mBrickThickness>
<mBrickRadius>80.000000</mBrickRadius>
<mBrickRotation>60.000000</mBrickRotation>
<corners>
<point>4</point>
<point>5</point>
<point>0</point>
<point>9</point>
</corners>
</brick>
</ent>
<ent>
<class>6</class>
<mCollidable>true</mCollidable>
<mMoving>true</mMoving>
<mImageDX>-0.690933</mImageDX>
<mImageDY>1.164124</mImageDY>
<pegInfo>
<mVariable>true</mVariable>
</pegInfo>
<poly>
<mAllowFlash>true</mAllowFlash>
<mx>611.572327</mx>
<my>205.781830</my>
</poly>
<brick>
<mLeftAnchored>true</mLeftAnchored>
<mRightAnchored>true</mRightAnchored>
<mBrickNumSubdiv>3</mBrickNumSubdiv>
<mBrickAngle>20.000000</mBrickAngle>
<mBrickThickness>20.000137</mBrickThickness>
<mBrickRadius>80.000000</mBrickRadius>
<mBrickRotation>-20.000000</mBrickRotation>
<corners>
<point>4</point>
<point>5</point>
<point>0</point>
<point>9</point>
</corners>
</brick>
</ent>
<ent>
<class>6</class>
<mCollidable>true</mCollidable>
<mMoving>true</mMoving>
<mImageDX>-0.607689</mImageDX>
<pegInfo>
<mVariable>true</mVariable>
</pegInfo>
<poly>
<mAllowFlash>true</mAllowFlash>
<mx>617.000000</mx>
<my>174.999985</my>
</poly>
<brick>
<mLeftAnchored>true</mLeftAnchored>
<mRightAnchored>true</mRightAnchored>
<mBrickNumSubdiv>3</mBrickNumSubdiv>
<mBrickAngle>20.000000</mBrickAngle>
<mBrickThickness>20.000137</mBrickThickness>
<mBrickRadius>80.000000</mBrickRadius>
<mBrickRotation>0.000000</mBrickRotation>
<corners>
<point>4</point>
<point>5</point>
<point>0</point>
<point>9</point>
</corners>
</brick>
</ent>
<ent>
<class>6</class>
<mCollidable>true</mCollidable>
<mMoving>true</mMoving>
<mImageDX>0.607689</mImageDX>
<mImageDY>0.000001</mImageDY>
<pegInfo>
<mVariable>true</mVariable>
</pegInfo>
<poly>
<mAllowFlash>true</mAllowFlash>
<mx>614.265381</mx>
<my>143.743256</my>
</poly>
<brick>
<mRightAnchored>true</mRightAnchored>
<mBrickTextureFlip>true</mBrickTextureFlip>
<mBrickNumSubdiv>3</mBrickNumSubdiv>
<mBrickAngle>20.000000</mBrickAngle>
<mBrickThickness>20.000134</mBrickThickness>
<mBrickRadius>80.000000</mBrickRadius>
<mBrickRotation>180.000000</mBrickRotation>
<corners>
<point>4</point>
<point>5</point>
<point>0</point>
<point>9</point>
</corners>
</brick>
</ent>
<ent>
<class>6</class>
<mCollidable>true</mCollidable>
<mMoving>true</mMoving>
<mImageDX>0.068783</mImageDX>
<mImageDY>0.451347</mImageDY>
<pegInfo>
<mVariable>true</mVariable>
</pegInfo>
<poly>
<mAllowFlash>true</mAllowFlash>
<mx>595.943970</mx>
<my>232.850922</my>
</poly>
<brick>
<mLeftAnchored>true</mLeftAnchored>
<mRightAnchored>true</mRightAnchored>
<mBrickNumSubdiv>3</mBrickNumSubdiv>
<mBrickAngle>20.000000</mBrickAngle>
<mBrickThickness>20.000126</mBrickThickness>
<mBrickRadius>80.000000</mBrickRadius>
<mBrickRotation>-40.000000</mBrickRotation>
<corners>
<point>4</point>
<point>5</point>
<point>0</point>
<point>9</point>
</corners>
</brick>
</ent>
<ent>
<class>6</class>
<mCollidable>true</mCollidable>
<mMoving>true</mMoving>
<mImageDX>0.820194</mImageDX>
<mImageDY>-0.315876</mImageDY>
<pegInfo>
<mVariable>true</mVariable>
</pegInfo>
<poly>
<mAllowFlash>true</mAllowFlash>
<mx>571.999939</mx>
<my>252.942322</my>
</poly>
<brick>
<mLeftAnchored>true</mLeftAnchored>
<mRightAnchored>true</mRightAnchored>
<mBrickNumSubdiv>3</mBrickNumSubdiv>
<mBrickAngle>20.000000</mBrickAngle>
<mBrickThickness>20.000126</mBrickThickness>
<mBrickRadius>80.000000</mBrickRadius>
<mBrickRotation>-60.000000</mBrickRotation>
<corners>
<point>4</point>
<point>5</point>
<point>0</point>
<point>9</point>
</corners>
</brick>
</ent>
<ent>
<class>6</class>
<mCollidable>true</mCollidable>
<mMoving>true</mMoving>
<mImageDX>1.472681</mImageDX>
<mImageDY>-1.044991</mImageDY>
<pegInfo>
<mVariable>true</mVariable>
<mCrumble>true</mCrumble>
</pegInfo>
<poly>
<mAllowFlash>true</mAllowFlash>
<mx>542.628235</mx>
<my>263.632751</my>
</poly>
<brick>
<mLeftAnchored>true</mLeftAnchored>
<mRightAnchored>true</mRightAnchored>
<mBrickNumSubdiv>3</mBrickNumSubdiv>
<mBrickAngle>20.000000</mBrickAngle>
<mBrickThickness>20.000118</mBrickThickness>
<mBrickRadius>80.000000</mBrickRadius>
<mBrickRotation>-80.000000</mBrickRotation>
<corners>
<point>4</point>
<point>5</point>
<point>0</point>
<point>9</point>
</corners>
</brick>
</ent>
<ent>
<class>6</class>
<mCollidable>true</mCollidable>
<mMoving>true</mMoving>
<mImageDX>-1.472680</mImageDX>
<mImageDY>-1.044994</mImageDY>
<pegInfo>
<mVariable>true</mVariable>
<mCrumble>true</mCrumble>
</pegInfo>
<poly>
<mAllowFlash>true</mAllowFlash>
<mx>511.371521</mx>
<my>263.632751</my>
</poly>
<brick>
<mLeftAnchored>true</mLeftAnchored>
<mRightAnchored>true</mRightAnchored>
<mBrickNumSubdiv>3</mBrickNumSubdiv>
<mBrickAngle>20.000000</mBrickAngle>
<mBrickThickness>20.000122</mBrickThickness>
<mBrickRadius>80.000000</mBrickRadius>
<mBrickRotation>-100.000000</mBrickRotation>
<corners>
<point>4</point>
<point>5</point>
<point>0</point>
<point>9</point>
</corners>
</brick>
</ent>
<ent>
<class>6</class>
<mCollidable>true</mCollidable>
<mMoving>true</mMoving>
<mImageDX>1.472681</mImageDX>
<mImageDY>1.044991</mImageDY>
<pegInfo>
<mVariable>true</mVariable>
</pegInfo>
<poly>
<mAllowFlash>true</mAllowFlash>
<mx>481.064545</mx>
<my>255.512024</my>
</poly>
<brick>
<mLeftAnchored>true</mLeftAnchored>
<mRightAnchored>true</mRightAnchored>
<mBrickTextureFlip>true</mBrickTextureFlip>
<mBrickNumSubdiv>3</mBrickNumSubdiv>
<mBrickAngle>20.000000</mBrickAngle>
<mBrickThickness>20.000109</mBrickThickness>
<mBrickRadius>80.000000</mBrickRadius>
<mBrickRotation>80.000000</mBrickRotation>
<corners>
<point>4</point>
<point>5</point>
<point>0</point>
<point>9</point>
</corners>
</brick>
</ent>
<ent>
<class>6</class>
<mCollidable>true</mCollidable>
<mMoving>true</mMoving>
<mImageDX>-1.472681</mImageDX>
<mImageDY>1.044994</mImageDY>
<pegInfo>
<mVariable>true</mVariable>
</pegInfo>
<poly>
<mAllowFlash>true</mAllowFlash>
<mx>449.807831</mx>
<my>255.512024</my>
</poly>
<brick>
<mLeftAnchored>true</mLeftAnchored>
<mRightAnchored>true</mRightAnchored>
<mBrickTextureFlip>true</mBrickTextureFlip>
<mBrickNumSubdiv>3</mBrickNumSubdiv>
<mBrickAngle>20.000000</mBrickAngle>
<mBrickThickness>20.000107</mBrickThickness>
<mBrickRadius>80.000000</mBrickRadius>
<mBrickRotation>100.000000</mBrickRotation>
<corners>
<point>4</point>
<point>5</point>
<point>0</point>
<point>9</point>
</corners>
</brick>
</ent>
<ent>
<class>6</class>
<mCollidable>true</mCollidable>
<mMoving>true</mMoving>
<mImageDX>-0.820190</mImageDX>
<mImageDY>0.315872</mImageDY>
<pegInfo>
<mVariable>true</mVariable>
</pegInfo>
<poly>
<mAllowFlash>true</mAllowFlash>
<mx>420.436127</mx>
<my>266.202454</my>
</poly>
<brick>
<mLeftAnchored>true</mLeftAnchored>
<mBrickTextureFlip>true</mBrickTextureFlip>
<mBrickNumSubdiv>3</mBrickNumSubdiv>
<mBrickAngle>20.000000</mBrickAngle>
<mBrickThickness>20.000109</mBrickThickness>
<mBrickRadius>80.000000</mBrickRadius>
<mBrickRotation>120.000000</mBrickRotation>
<corners>
<point>4</point>
<point>5</point>
<point>0</point>
<point>9</point>
</corners>
</brick>
</ent>
<ent>
<class>6</class>
<mCollidable>true</mCollidable>
<mMoving>true</mMoving>
<mImageDX>-0.607689</mImageDX>
<mImageDY>0.000028</mImageDY>
<pegInfo>
<mVariable>true</mVariable>
</pegInfo>
<poly>
<mAllowFlash>true</mAllowFlash>
<mx>100.427666</mx>
<my>105.781845</my>
</poly>
<brick>
<mLeftAnchored>true</mLeftAnchored>
<mRightAnchored>true</mRightAnchored>
<mBrickNumSubdiv>3</mBrickNumSubdiv>
<mBrickAngle>20.000000</mBrickAngle>
<mBrickThickness>20.000153</mBrickThickness>
<mBrickRadius>80.000000</mBrickRadius>
<mBrickRotation>359.999969</mBrickRotation>
<corners>
<point>4</point>
<point>5</point>
<point>0</point>
<point>9</point>
</corners>
</brick>
</ent>
<ent>
<class>6</class>
<mCollidable>true</mCollidable>
<mMoving>true</mMoving>
<mImageDX>-0.690926</mImageDX>
<mImageDY>-1.164124</mImageDY>
<pegInfo>
<mVariable>true</mVariable>
</pegInfo>
<poly>
<mAllowFlash>true</mAllowFlash>
<mx>95.000000</mx>
<my>75.000000</my>
</poly>
<brick>
<mLeftAnchored>true</mLeftAnchored>
<mRightAnchored>true</mRightAnchored>
<mBrickNumSubdiv>3</mBrickNumSubdiv>
<mBrickAngle>20.000000</mBrickAngle>
<mBrickThickness>20.000156</mBrickThickness>
<mBrickRadius>80.000000</mBrickRadius>
<mBrickRotation>20.000000</mBrickRotation>
<corners>
<point>4</point>
<point>5</point>
<point>0</point>
<point>9</point>
</corners>
</brick>
</ent>
<ent>
<class>6</class>
<mCollidable>true</mCollidable>
<mMoving>true</mMoving>
<mImageDX>0.068779</mImageDX>
<mImageDY>-0.451351</mImageDY>
<pegInfo>
<mVariable>true</mVariable>
</pegInfo>
<poly>
<mAllowFlash>true</mAllowFlash>
<mx>79.371658</mx>
<my>47.930908</my>
</poly>
<brick>
<mLeftAnchored>true</mLeftAnchored>
<mBrickNumSubdiv>3</mBrickNumSubdiv>
<mBrickAngle>20.000000</mBrickAngle>
<mBrickThickness>20.000153</mBrickThickness>
<mBrickRadius>80.000000</mBrickRadius>
<mBrickRotation>40.000000</mBrickRotation>
<corners>
<point>4</point>
<point>5</point>
<point>0</point>
<point>9</point>
</corners>
</brick>
</ent>
<ent>
<class>6</class>
<mCollidable>true</mCollidable>
<mMoving>true</mMoving>
<mImageDX>0.607689</mImageDX>
<pegInfo>
<mVariable>true</mVariable>
</pegInfo>
<poly>
<mAllowFlash>true</mAllowFlash>
<mx>97.693047</mx>
<my>137.038528</my>
</poly>
<brick>
<mLeftAnchored>true</mLeftAnchored>
<mRightAnchored>true</mRightAnchored>
<mBrickTextureFlip>true</mBrickTextureFlip>
<mBrickNumSubdiv>3</mBrickNumSubdiv>
<mBrickAngle>20.000000</mBrickAngle>
<mBrickThickness>20.000153</mBrickThickness>
<mBrickRadius>80.000000</mBrickRadius>
<mBrickRotation>180.000000</mBrickRotation>
<corners>
<point>4</point>
<point>5</point>
<point>0</point>
<point>9</point>
</corners>
</brick>
</ent>
<ent>
<class>6</class>
<mCollidable>true</mCollidable>
<mMoving>true</mMoving>
<mImageDX>0.690918</mImageDX>
<mImageDY>1.164116</mImageDY>
<pegInfo>
<mVariable>true</mVariable>
</pegInfo>
<poly>
<mAllowFlash>true</mAllowFlash>
<mx>103.120720</mx>
<my>167.820389</my>
</poly>
<brick>
<mLeftAnchored>true</mLeftAnchored>
<mRightAnchored>true</mRightAnchored>
<mBrickTextureFlip>true</mBrickTextureFlip>
<mBrickNumSubdiv>3</mBrickNumSubdiv>
<mBrickAngle>20.000000</mBrickAngle>
<mBrickThickness>20.000153</mBrickThickness>
<mBrickRadius>80.000000</mBrickRadius>
<mBrickRotation>-160.000000</mBrickRotation>
<corners>
<point>4</point>
<point>5</point>
<point>0</point>
<point>9</point>
</corners>
</brick>
</ent>
<ent>
<class>6</class>
<mCollidable>true</mCollidable>
<mMoving>true</mMoving>
<mImageDX>-0.068787</mImageDX>
<mImageDY>0.451336</mImageDY>
<pegInfo>
<mVariable>true</mVariable>
</pegInfo>
<poly>
<mAllowFlash>true</mAllowFlash>
<mx>118.749062</mx>
<my>194.889481</my>
</poly>
<brick>
<mLeftAnchored>true</mLeftAnchored>
<mRightAnchored>true</mRightAnchored>
<mBrickTextureFlip>true</mBrickTextureFlip>
<mBrickNumSubdiv>3</mBrickNumSubdiv>
<mBrickAngle>20.000000</mBrickAngle>
<mBrickThickness>20.000153</mBrickThickness>
<mBrickRadius>80.000000</mBrickRadius>
<mBrickRotation>-140.000000</mBrickRotation>
<corners>
<point>4</point>
<point>5</point>
<point>0</point>
<point>9</point>
</corners>
</brick>
</ent>
<ent>
<class>6</class>
<mCollidable>true</mCollidable>
<mMoving>true</mMoving>
<mImageDX>-0.607689</mImageDX>
<mImageDY>0.000028</mImageDY>
<pegInfo>
<mVariable>true</mVariable>
</pegInfo>
<poly>
<mAllowFlash>true</mAllowFlash>
<mx>550.000000</mx>
<my>140.000000</my>
</poly>
<brick>
<mLeftAnchored>true</mLeftAnchored>
<mRightAnchored>true</mRightAnchored>
<mBrickNumSubdiv>3</mBrickNumSubdiv>
<mBrickAngle>20.000000</mBrickAngle>
<mBrickThickness>20.000153</mBrickThickness>
<mBrickRadius>80.000000</mBrickRadius>
<mBrickRotation>359.999969</mBrickRotation>
<corners>
<point>4</point>
<point>5</point>
<point>0</point>
<point>9</point>
</corners>
</brick>
</ent>
<ent>
<class>6</class>
<mCollidable>true</mCollidable>
<mMoving>true</mMoving>
<mImageDX>0.607689</mImageDX>
<mImageDY>0.000001</mImageDY>
<pegInfo>
<mVariable>true</mVariable>
</pegInfo>
<poly>
<mAllowFlash>true</mAllowFlash>
<mx>547.265381</mx>
<my>108.743271</my>
</poly>
<brick>
<mLeftAnchored>true</mLeftAnchored>
<mRightAnchored>true</mRightAnchored>
<mBrickTextureFlip>true</mBrickTextureFlip>
<mBrickNumSubdiv>3</mBrickNumSubdiv>
<mBrickAngle>20.000000</mBrickAngle>
<mBrickThickness>20.000164</mBrickThickness>
<mBrickRadius>80.000000</mBrickRadius>
<mBrickRotation>180.000000</mBrickRotation>
<corners>
<point>4</point>
<point>5</point>
<point>0</point>
<point>9</point>
</corners>
</brick>
</ent>
<ent>
<class>6</class>
<mCollidable>true</mCollidable>
<mMoving>true</mMoving>
<mImageDX>0.690926</mImageDX>
<mImageDY>-1.164116</mImageDY>
<pegInfo>
<mVariable>true</mVariable>
</pegInfo>
<poly>
<mAllowFlash>true</mAllowFlash>
<mx>552.693115</mx>
<my>77.961433</my>
</poly>
<brick>
<mLeftAnchored>true</mLeftAnchored>
<mRightAnchored>true</mRightAnchored>
<mBrickTextureFlip>true</mBrickTextureFlip>
<mBrickNumSubdiv>3</mBrickNumSubdiv>
<mBrickAngle>20.000000</mBrickAngle>
<mBrickThickness>20.000168</mBrickThickness>
<mBrickRadius>80.000000</mBrickRadius>
<mBrickRotation>160.000000</mBrickRotation>
<corners>
<point>4</point>
<point>5</point>
<point>0</point>
<point>9</point>
</corners>
</brick>
</ent>
<ent>
<class>6</class>
<mCollidable>true</mCollidable>
<mMoving>true</mMoving>
<mImageDX>-0.068794</mImageDX>
<mImageDY>-0.451340</mImageDY>
<pegInfo>
<mVariable>true</mVariable>
</pegInfo>
<poly>
<mAllowFlash>true</mAllowFlash>
<mx>568.321411</mx>
<my>50.892345</my>
</poly>
<brick>
<mRightAnchored>true</mRightAnchored>
<mBrickTextureFlip>true</mBrickTextureFlip>
<mBrickNumSubdiv>3</mBrickNumSubdiv>
<mBrickAngle>20.000000</mBrickAngle>
<mBrickThickness>20.000164</mBrickThickness>
<mBrickRadius>80.000000</mBrickRadius>
<mBrickRotation>140.000000</mBrickRotation>
<corners>
<point>4</point>
<point>5</point>
<point>0</point>
<point>9</point>
</corners>
</brick>
</ent>
<ent>
<class>6</class>
<mCollidable>true</mCollidable>
<mMoving>true</mMoving>
<mImageDX>-0.690933</mImageDX>
<mImageDY>1.164124</mImageDY>
<pegInfo>
<mVariable>true</mVariable>
</pegInfo>
<poly>
<mAllowFlash>true</mAllowFlash>
<mx>544.572327</mx>
<my>170.781830</my>
</poly>
<brick>
<mLeftAnchored>true</mLeftAnchored>
<mRightAnchored>true</mRightAnchored>
<mBrickNumSubdiv>3</mBrickNumSubdiv>
<mBrickAngle>20.000000</mBrickAngle>
<mBrickThickness>20.000139</mBrickThickness>
<mBrickRadius>80.000000</mBrickRadius>
<mBrickRotation>-20.000000</mBrickRotation>
<corners>
<point>4</point>
<point>5</point>
<point>0</point>
<point>9</point>
</corners>
</brick>
</ent>
<ent>
<class>6</class>
<mCollidable>true</mCollidable>
<mMoving>true</mMoving>
<mImageDX>0.068779</mImageDX>
<mImageDY>0.451351</mImageDY>
<pegInfo>
<mVariable>true</mVariable>
</pegInfo>
<poly>
<mAllowFlash>true</mAllowFlash>
<mx>528.943970</mx>
<my>197.850922</my>
</poly>
<brick>
<mRightAnchored>true</mRightAnchored>
<mBrickNumSubdiv>3</mBrickNumSubdiv>
<mBrickAngle>20.000000</mBrickAngle>
<mBrickThickness>20.000153</mBrickThickness>
<mBrickRadius>80.000000</mBrickRadius>
<mBrickRotation>-40.000000</mBrickRotation>
<corners>
<point>4</point>
<point>5</point>
<point>0</point>
<point>9</point>
</corners>
</brick>
</ent>
<ent>
<class>6</class>
<mCollidable>true</mCollidable>
<mMoving>true</mMoving>
<mImageDX>0.068787</mImageDX>
<mImageDY>-0.451355</mImageDY>
<pegInfo>
<mVariable>true</mVariable>
</pegInfo>
<poly>
<mAllowFlash>true</mAllowFlash>
<mx>394.943970</mx>
<my>214.149078</my>
</poly>
<brick>
<mLeftAnchored>true</mLeftAnchored>
<mRightAnchored>true</mRightAnchored>
<mBrickNumSubdiv>3</mBrickNumSubdiv>
<mBrickAngle>20.000000</mBrickAngle>
<mBrickThickness>20.000168</mBrickThickness>
<mBrickRadius>80.000000</mBrickRadius>
<mBrickRotation>40.000000</mBrickRotation>
<corners>
<point>4</point>
<point>5</point>
<point>0</point>
<point>9</point>
</corners>
</brick>
</ent>
<ent>
<class>6</class>
<mCollidable>true</mCollidable>
<mMoving>true</mMoving>
<mImageDX>0.820198</mImageDX>
<mImageDY>0.315876</mImageDY>
<pegInfo>
<mVariable>true</mVariable>
</pegInfo>
<poly>
<mAllowFlash>true</mAllowFlash>
<mx>370.999939</mx>
<my>194.057648</my>
</poly>
<brick>
<mLeftAnchored>true</mLeftAnchored>
<mRightAnchored>true</mRightAnchored>
<mBrickNumSubdiv>3</mBrickNumSubdiv>
<mBrickAngle>20.000000</mBrickAngle>
<mBrickThickness>20.000170</mBrickThickness>
<mBrickRadius>80.000000</mBrickRadius>
<mBrickRotation>60.000000</mBrickRotation>
<corners>
<point>4</point>
<point>5</point>
<point>0</point>
<point>9</point>
</corners>
</brick>
</ent>
<ent>
<class>6</class>
<mCollidable>true</mCollidable>
<mMoving>true</mMoving>
<mImageDX>1.472684</mImageDX>
<mImageDY>1.044991</mImageDY>
<pegInfo>
<mVariable>true</mVariable>
</pegInfo>
<poly>
<mAllowFlash>true</mAllowFlash>
<mx>341.628265</mx>
<my>183.367218</my>
</poly>
<brick>
<mLeftAnchored>true</mLeftAnchored>
<mRightAnchored>true</mRightAnchored>
<mBrickNumSubdiv>3</mBrickNumSubdiv>
<mBrickAngle>20.000000</mBrickAngle>
<mBrickThickness>20.000170</mBrickThickness>
<mBrickRadius>80.000000</mBrickRadius>
<mBrickRotation>80.000000</mBrickRotation>
<corners>
<point>4</point>
<point>5</point>
<point>0</point>
<point>9</point>
</corners>
</brick>
</ent>
<ent>
<class>6</class>
<mCollidable>true</mCollidable>
<mMoving>true</mMoving>
<mImageDX>-1.472683</mImageDX>
<mImageDY>1.044994</mImageDY>
<pegInfo>
<mVariable>true</mVariable>
</pegInfo>
<poly>
<mAllowFlash>true</mAllowFlash>
<mx>310.371552</mx>
<my>183.367218</my>
</poly>
<brick>
<mLeftAnchored>true</mLeftAnchored>
<mRightAnchored>true</mRightAnchored>
<mBrickNumSubdiv>3</mBrickNumSubdiv>
<mBrickAngle>20.000000</mBrickAngle>
<mBrickThickness>20.000168</mBrickThickness>
<mBrickRadius>80.000000</mBrickRadius>
<mBrickRotation>100.000000</mBrickRotation>
<corners>
<point>4</point>
<point>5</point>
<point>0</point>
<point>9</point>
</corners>
</brick>
</ent>
<ent>
<class>6</class>
<mCollidable>true</mCollidable>
<mMoving>true</mMoving>
<mImageDX>-0.820194</mImageDX>
<mImageDY>0.315872</mImageDY>
<pegInfo>
<mVariable>true</mVariable>
</pegInfo>
<poly>
<mAllowFlash>true</mAllowFlash>
<mx>280.999878</mx>
<my>194.057648</my>
</poly>
<brick>
<mLeftAnchored>true</mLeftAnchored>
<mRightAnchored>true</mRightAnchored>
<mBrickNumSubdiv>3</mBrickNumSubdiv>
<mBrickAngle>20.000000</mBrickAngle>
<mBrickThickness>20.000179</mBrickThickness>
<mBrickRadius>80.000000</mBrickRadius>
<mBrickRotation>120.000000</mBrickRotation>
<corners>
<point>4</point>
<point>5</point>
<point>0</point>
<point>9</point>
</corners>
</brick>
</ent>
<ent>
<class>6</class>
<mCollidable>true</mCollidable>
<mMoving>true</mMoving>
<mImageDX>-0.068794</mImageDX>
<mImageDY>-0.451340</mImageDY>
<pegInfo>
<mVariable>true</mVariable>
</pegInfo>
<poly>
<mAllowFlash>true</mAllowFlash>
<mx>257.055847</mx>
<my>214.149078</my>
</poly>
<brick>
<mLeftAnchored>true</mLeftAnchored>
<mRightAnchored>true</mRightAnchored>
<mBrickNumSubdiv>3</mBrickNumSubdiv>
<mBrickAngle>20.000000</mBrickAngle>
<mBrickThickness>20.000172</mBrickThickness>
<mBrickRadius>80.000000</mBrickRadius>
<mBrickRotation>140.000000</mBrickRotation>
<corners>
<point>4</point>
<point>5</point>
<point>0</point>
<point>9</point>
</corners>
</brick>
</ent>
<ent>
<class>5</class>
<mCollidable>true</mCollidable>
<mMoving>true</mMoving>
<pegInfo>
<mVariable>true</mVariable>
</pegInfo>
<ball>
<mIsPeg>true</mIsPeg>
<mCollidesWithOtherBalls>true</mCollidesWithOtherBalls>
<mx>150.000000</mx>
<my>360.000000</my>
<mRadius>10.000000</mRadius>
</ball>
</ent>
<ent>
<class>5</class>
<mCollidable>true</mCollidable>
<mMoving>true</mMoving>
<pegInfo>
<mVariable>true</mVariable>
</pegInfo>
<ball>
<mIsPeg>true</mIsPeg>
<mCollidesWithOtherBalls>true</mCollidesWithOtherBalls>
<mx>190.000000</mx>
<my>360.000000</my>
<mRadius>10.000000</mRadius>
</ball>
</ent>
<ent>
<class>5</class>
<mCollidable>true</mCollidable>
<mMoving>true</mMoving>
<pegInfo>
<mVariable>true</mVariable>
</pegInfo>
<ball>
<mIsPeg>true</mIsPeg>
<mCollidesWithOtherBalls>true</mCollidesWithOtherBalls>
<mx>170.000000</mx>
<my>390.000000</my>
<mRadius>10.000000</mRadius>
</ball>
</ent>
<ent>
<class>5</class>
<mCollidable>true</mCollidable>
<mMoving>true</mMoving>
<pegInfo>
<mVariable>true</mVariable>
</pegInfo>
<ball>
<mIsPeg>true</mIsPeg>
<mCollidesWithOtherBalls>true</mCollidesWithOtherBalls>
<mx>210.000000</mx>
<my>390.000000</my>
<mRadius>10.000000</mRadius>
</ball>
</ent>
<ent>
<class>5</class>
<mCollidable>true</mCollidable>
<mMoving>true</mMoving>
<pegInfo>
<mVariable>true</mVariable>
</pegInfo>
<ball>
<mIsPeg>true</mIsPeg>
<mCollidesWithOtherBalls>true</mCollidesWithOtherBalls>
<mx>190.000000</mx>
<my>420.000000</my>
<mRadius>10.000000</mRadius>
</ball>
</ent>
<ent>
<class>5</class>
<mCollidable>true</mCollidable>
<mMoving>true</mMoving>
<pegInfo>
<mVariable>true</mVariable>
</pegInfo>
<ball>
<mIsPeg>true</mIsPeg>
<mCollidesWithOtherBalls>true</mCollidesWithOtherBalls>
<mx>230.000000</mx>
<my>420.000000</my>
<mRadius>10.000000</mRadius>
</ball>
</ent>
<ent>
<class>5</class>
<mCollidable>true</mCollidable>
<mMoving>true</mMoving>
<pegInfo>
<mVariable>true</mVariable>
</pegInfo>
<ball>
<mIsPeg>true</mIsPeg>
<mCollidesWithOtherBalls>true</mCollidesWithOtherBalls>
<mx>210.000000</mx>
<my>450.000000</my>
<mRadius>10.000000</mRadius>
</ball>
</ent>
<ent>
<class>5</class>
<mCollidable>true</mCollidable>
<mMoving>true</mMoving>
<pegInfo>
<mVariable>true</mVariable>
</pegInfo>
<ball>
<mIsPeg>true</mIsPeg>
<mCollidesWithOtherBalls>true</mCollidesWithOtherBalls>
<mx>410.000000</mx>
<my>440.000000</my>
<mRadius>10.000000</mRadius>
</ball>
</ent>
<ent>
<class>5</class>
<mCollidable>true</mCollidable>
<mMoving>true</mMoving>
<pegInfo>
<mVariable>true</mVariable>
</pegInfo>
<ball>
<mIsPeg>true</mIsPeg>
<mCollidesWithOtherBalls>true</mCollidesWithOtherBalls>
<mx>450.000000</mx>
<my>440.000000</my>
<mRadius>10.000000</mRadius>
</ball>
</ent>
<ent>
<class>5</class>
<mCollidable>true</mCollidable>
<mMoving>true</mMoving>
<pegInfo>
<mVariable>true</mVariable>
</pegInfo>
<ball>
<mIsPeg>true</mIsPeg>
<mCollidesWithOtherBalls>true</mCollidesWithOtherBalls>
<mx>430.000000</mx>
<my>410.000000</my>
<mRadius>10.000000</mRadius>
</ball>
</ent>
<ent>
<class>5</class>
<mCollidable>true</mCollidable>
<mMoving>true</mMoving>
<pegInfo>
<mVariable>true</mVariable>
</pegInfo>
<ball>
<mIsPeg>true</mIsPeg>
<mCollidesWithOtherBalls>true</mCollidesWithOtherBalls>
<mx>470.000000</mx>
<my>410.000000</my>
<mRadius>10.000000</mRadius>
</ball>
</ent>
<ent>
<class>5</class>
<mCollidable>true</mCollidable>
<mMoving>true</mMoving>
<pegInfo>
<mVariable>true</mVariable>
</pegInfo>
<ball>
<mIsPeg>true</mIsPeg>
<mCollidesWithOtherBalls>true</mCollidesWithOtherBalls>
<mx>450.000000</mx>
<my>380.000000</my>
<mRadius>10.000000</mRadius>
</ball>
</ent>
<ent>
<class>5</class>
<mCollidable>true</mCollidable>
<mMoving>true</mMoving>
<pegInfo>
<mVariable>true</mVariable>
</pegInfo>
<ball>
<mIsPeg>true</mIsPeg>
<mCollidesWithOtherBalls>true</mCollidesWithOtherBalls>
<mx>490.000000</mx>
<my>380.000000</my>
<mRadius>10.000000</mRadius>
</ball>
</ent>
<ent>
<class>5</class>
<mCollidable>true</mCollidable>
<mMoving>true</mMoving>
<pegInfo>
<mVariable>true</mVariable>
</pegInfo>
<ball>
<mIsPeg>true</mIsPeg>
<mCollidesWithOtherBalls>true</mCollidesWithOtherBalls>
<mx>470.000000</mx>
<my>350.000000</my>
<mRadius>10.000000</mRadius>
</ball>
</ent>
<ent>
<class>5</class>
<mCollidable>true</mCollidable>
<mMoving>true</mMoving>
<pegInfo>
<mVariable>true</mVariable>
</pegInfo>
<ball>
<mIsPeg>true</mIsPeg>
<mCollidesWithOtherBalls>true</mCollidesWithOtherBalls>
<mx>305.000000</mx>
<my>220.000000</my>
<mRadius>10.000000</mRadius>
</ball>
</ent>
<ent>
<class>5</class>
<mCollidable>true</mCollidable>
<mMoving>true</mMoving>
<pegInfo>
<mVariable>true</mVariable>
</pegInfo>
<ball>
<mIsPeg>true</mIsPeg>
<mCollidesWithOtherBalls>true</mCollidesWithOtherBalls>
<mx>345.000000</mx>
<my>220.000000</my>
<mRadius>10.000000</mRadius>
</ball>
</ent>
<ent>
<class>5</class>
<mCollidable>true</mCollidable>
<mMoving>true</mMoving>
<pegInfo>
<mVariable>true</mVariable>
</pegInfo>
<ball>
<mIsPeg>true</mIsPeg>
<mCollidesWithOtherBalls>true</mCollidesWithOtherBalls>
<mx>325.000000</mx>
<my>260.000000</my>
<mRadius>10.000000</mRadius>
</ball>
</ent>
<ent>
<class>5</class>
<mCollidable>true</mCollidable>
<mMoving>true</mMoving>
<pegInfo>
<mVariable>true</mVariable>
</pegInfo>
<ball>
<mIsPeg>true</mIsPeg>
<mCollidesWithOtherBalls>true</mCollidesWithOtherBalls>
<mx>285.000000</mx>
<my>260.000000</my>
<mRadius>10.000000</mRadius>
</ball>
</ent>
<ent>
<class>5</class>
<mCollidable>true</mCollidable>
<mMoving>true</mMoving>
<pegInfo>
<mVariable>true</mVariable>
</pegInfo>
<ball>
<mIsPeg>true</mIsPeg>
<mCollidesWithOtherBalls>true</mCollidesWithOtherBalls>
<mx>365.000000</mx>
<my>260.000000</my>
<mRadius>10.000000</mRadius>
</ball>
</ent>
<ent>
<class>5</class>
<mCollidable>true</mCollidable>
<mMoving>true</mMoving>
<pegInfo>
<mVariable>true</mVariable>
</pegInfo>
<ball>
<mIsPeg>true</mIsPeg>
<mCollidesWithOtherBalls>true</mCollidesWithOtherBalls>
<mx>305.000000</mx>
<my>300.000000</my>
<mRadius>10.000000</mRadius>
</ball>
</ent>
<ent>
<class>5</class>
<mCollidable>true</mCollidable>
<mMoving>true</mMoving>
<pegInfo>
<mVariable>true</mVariable>
</pegInfo>
<ball>
<mIsPeg>true</mIsPeg>
<mCollidesWithOtherBalls>true</mCollidesWithOtherBalls>
<mx>345.000000</mx>
<my>300.000000</my>
<mRadius>10.000000</mRadius>
</ball>
</ent>
<ent>
<class>5</class>
<mCollidable>true</mCollidable>
<mMoving>true</mMoving>
<pegInfo>
<mVariable>true</mVariable>
</pegInfo>
<ball>
<mIsPeg>true</mIsPeg>
<mCollidesWithOtherBalls>true</mCollidesWithOtherBalls>
<mx>325.000000</mx>
<my>340.000000</my>
<mRadius>10.000000</mRadius>
</ball>
</ent>
<ent>
<class>5</class>
<mCollidable>true</mCollidable>
<mMoving>true</mMoving>
<pegInfo>
<mVariable>true</mVariable>
</pegInfo>
<ball>
<mIsPeg>true</mIsPeg>
<mCollidesWithOtherBalls>true</mCollidesWithOtherBalls>
<mx>265.000000</mx>
<my>300.000000</my>
<mRadius>10.000000</mRadius>
</ball>
</ent>
<ent>
<class>5</class>
<mCollidable>true</mCollidable>
<mMoving>true</mMoving>
<pegInfo>
<mVariable>true</mVariable>
</pegInfo>
<ball>
<mIsPeg>true</mIsPeg>
<mCollidesWithOtherBalls>true</mCollidesWithOtherBalls>
<mx>385.000000</mx>
<my>300.000000</my>
<mRadius>10.000000</mRadius>
</ball>
</ent>
<ent>
<class>5</class>
<mCollidable>true</mCollidable>
<mMoving>true</mMoving>
<pegInfo>
<mVariable>true</mVariable>
</pegInfo>
<ball>
<mIsPeg>true</mIsPeg>
<mCollidesWithOtherBalls>true</mCollidesWithOtherBalls>
<mx>365.000000</mx>
<my>340.000000</my>
<mRadius>10.000000</mRadius>
</ball>
</ent>
<ent>
<class>5</class>
<mCollidable>true</mCollidable>
<mMoving>true</mMoving>
<pegInfo>
<mVariable>true</mVariable>
</pegInfo>
<ball>
<mIsPeg>true</mIsPeg>
<mCollidesWithOtherBalls>true</mCollidesWithOtherBalls>
<mx>285.000000</mx>
<my>340.000000</my>
<mRadius>10.000000</mRadius>
</ball>
</ent>
</level>
