<level name="levels/export66/level16web.dat.xml">
<version>66</version>
<isLevel>true</isLevel>
<ent>
<class>5</class>
<mCollidable>true</mCollidable>
<mMoving>true</mMoving>
<pegInfo>
<mVariable>true</mVariable>
</pegInfo>
<ball>
<mIsPeg>true</mIsPeg>
<mCollidesWithOtherBalls>true</mCollidesWithOtherBalls>
<mx>322.461792</mx>
<my>329.046753</my>
<mRadius>10.000000</mRadius>
</ball>
</ent>
<ent>
<class>6</class>
<mCollidable>true</mCollidable>
<mMoving>true</mMoving>
<mImageDX>0.526522</mImageDX>
<mImageDY>0.000004</mImageDY>
<pegInfo>
<mVariable>true</mVariable>
</pegInfo>
<mover>
<mMoveType>13</mMoveType>
<mOrigX>322.461792</mOrigX>
<mOrigY>329.046753</mOrigY>
<mMoveTime>600</mMoveTime>
<mMoveRadius>60</mMoveRadius>
<mMovePhase>0.500000</mMovePhase>
<mRotationAdd>-3.141593</mRotationAdd>
<mx>262.461792</mx>
<my>329.046753</my>
</mover>
<poly>
<mAllowFlash>true</mAllowFlash>
</poly>
<brick>
<mBrickAngle>25.000000</mBrickAngle>
<mBrickRadius>50.000000</mBrickRadius>
<mBrickRotation>180.000000</mBrickRotation>
<corners>
<point>3</point>
<point>4</point>
<point>0</point>
<point>7</point>
</corners>
</brick>
</ent>
<ent>
<class>6</class>
<mCollidable>true</mCollidable>
<mMoving>true</mMoving>
<mImageDX>0.199417</mImageDX>
<mImageDY>1.401772</mImageDY>
<pegInfo>
<mVariable>true</mVariable>
</pegInfo>
<mover>
<mMoveType>13</mMoveType>
<mOrigX>322.461792</mOrigX>
<mOrigY>329.046753</mOrigY>
<mMoveTime>600</mMoveTime>
<mMoveRadius>60</mMoveRadius>
<mMovePhase>0.428571</mMovePhase>
<mRotation>-0.899094</mRotation>
<mRotationAdd>-3.590391</mRotationAdd>
<mx>268.442657</mx>
<my>302.932892</my>
</mover>
<poly>
<mAllowFlash>true</mAllowFlash>
<mRad>-0.899094</mRad>
</poly>
<brick>
<mBrickAngle>25.000000</mBrickAngle>
<mBrickRadius>50.000000</mBrickRadius>
<mBrickRotation>205.714279</mBrickRotation>
<corners>
<point>3</point>
<point>4</point>
<point>0</point>
<point>7</point>
</corners>
</brick>
</ent>
<ent>
<class>6</class>
<mCollidable>true</mCollidable>
<mMoving>true</mMoving>
<mImageDX>-0.904320</mImageDX>
<mImageDY>0.361513</mImageDY>
<pegInfo>
<mVariable>true</mVariable>
<mCrumbleCounter>1</mCrumbleCounter>
</pegInfo>
<mover>
<mMoveType>13</mMoveType>
<mOrigX>322.461792</mOrigX>
<mOrigY>329.046753</mOrigY>
<mMoveTime>600</mMoveTime>
<mMoveRadius>60</mMoveRadius>
<mMovePhase>0.357143</mMovePhase>
<mRotation>-1.798188</mRotation>
<mRotationAdd>-4.039191</mRotationAdd>
<mx>285.192932</mx>
<my>282.025146</my>
</mover>
<poly>
<mAllowFlash>true</mAllowFlash>
<mRad>-1.798188</mRad>
</poly>
<brick>
<mBrickAngle>25.000000</mBrickAngle>
<mBrickRadius>50.000000</mBrickRadius>
<mBrickRotation>231.428574</mBrickRotation>
<corners>
<point>3</point>
<point>4</point>
<point>0</point>
<point>7</point>
</corners>
</brick>
</ent>
<ent>
<class>6</class>
<mCollidable>true</mCollidable>
<mMoving>true</mMoving>
<mImageDX>-1.828941</mImageDX>
<mImageDY>-0.750345</mImageDY>
<pegInfo>
<mVariable>true</mVariable>
</pegInfo>
<mover>
<mMoveType>13</mMoveType>
<mOrigX>322.461792</mOrigX>
<mOrigY>329.046753</mOrigY>
<mMoveTime>600</mMoveTime>
<mMoveRadius>60</mMoveRadius>
<mMovePhase>0.285714</mMovePhase>
<mRotation>-2.697282</mRotation>
<mRotationAdd>-4.487989</mRotationAdd>
<mx>309.373199</mx>
<my>270.491760</my>
</mover>
<poly>
<mAllowFlash>true</mAllowFlash>
<mRad>-2.697282</mRad>
</poly>
<brick>
<mBrickAngle>25.000000</mBrickAngle>
<mBrickRadius>50.000000</mBrickRadius>
<mBrickRotation>257.142853</mBrickRotation>
<corners>
<point>3</point>
<point>4</point>
<point>0</point>
<point>7</point>
</corners>
</brick>
</ent>
<ent>
<class>6</class>
<mCollidable>true</mCollidable>
<mMoving>true</mMoving>
<mImageDX>1.828934</mImageDX>
<mImageDY>-0.750341</mImageDY>
<pegInfo>
<mVariable>true</mVariable>
</pegInfo>
<mover>
<mMoveType>13</mMoveType>
<mOrigX>322.461792</mOrigX>
<mOrigY>329.046753</mOrigY>
<mMoveTime>600</mMoveTime>
<mMoveRadius>60</mMoveRadius>
<mMovePhase>0.214286</mMovePhase>
<mRotation>-3.596375</mRotation>
<mRotationAdd>-4.936789</mRotationAdd>
<mx>336.162842</mx>
<my>270.632019</my>
</mover>
<poly>
<mAllowFlash>true</mAllowFlash>
<mRad>-3.596375</mRad>
</poly>
<brick>
<mBrickAngle>25.000000</mBrickAngle>
<mBrickRadius>50.000000</mBrickRadius>
<mBrickRotation>282.857147</mBrickRotation>
<corners>
<point>3</point>
<point>4</point>
<point>0</point>
<point>7</point>
</corners>
</brick>
</ent>
<ent>
<class>6</class>
<mCollidable>true</mCollidable>
<mMoving>true</mMoving>
<mImageDX>0.904315</mImageDX>
<mImageDY>0.361513</mImageDY>
<pegInfo>
<mVariable>true</mVariable>
</pegInfo>
<mover>
<mMoveType>13</mMoveType>
<mOrigX>322.461792</mOrigX>
<mOrigY>329.046753</mOrigY>
<mMoveTime>600</mMoveTime>
<mMoveRadius>60</mMoveRadius>
<mMovePhase>0.142857</mMovePhase>
<mRotation>-4.495469</mRotation>
<mRotationAdd>-5.385587</mRotationAdd>
<mx>360.221008</mx>
<my>282.417999</my>
</mover>
<poly>
<mAllowFlash>true</mAllowFlash>
<mRad>-4.495469</mRad>
</poly>
<brick>
<mBrickAngle>25.000000</mBrickAngle>
<mBrickRadius>50.000000</mBrickRadius>
<mBrickRotation>308.571411</mBrickRotation>
<corners>
<point>3</point>
<point>4</point>
<point>0</point>
<point>7</point>
</corners>
</brick>
</ent>
<ent>
<class>6</class>
<mCollidable>true</mCollidable>
<mMoving>true</mMoving>
<mImageDX>-0.199413</mImageDX>
<mImageDY>1.401767</mImageDY>
<pegInfo>
<mVariable>true</mVariable>
</pegInfo>
<mover>
<mMoveType>13</mMoveType>
<mOrigX>322.461792</mOrigX>
<mOrigY>329.046753</mOrigY>
<mMoveTime>600</mMoveTime>
<mMoveRadius>60</mMoveRadius>
<mMovePhase>0.071429</mMovePhase>
<mRotation>-5.394563</mRotation>
<mRotationAdd>-5.834386</mRotationAdd>
<mx>376.751404</mx>
<my>303.500000</my>
</mover>
<poly>
<mAllowFlash>true</mAllowFlash>
<mRad>-5.394563</mRad>
</poly>
<brick>
<mBrickAngle>25.000000</mBrickAngle>
<mBrickRadius>50.000000</mBrickRadius>
<mBrickRotation>334.285706</mBrickRotation>
<corners>
<point>3</point>
<point>4</point>
<point>0</point>
<point>7</point>
</corners>
</brick>
</ent>
<ent>
<class>6</class>
<mCollidable>true</mCollidable>
<mMoving>true</mMoving>
<mImageDX>-0.526525</mImageDX>
<mImageDY>-0.000016</mImageDY>
<pegInfo>
<mVariable>true</mVariable>
</pegInfo>
<mover>
<mMoveType>13</mMoveType>
<mOrigX>322.461792</mOrigX>
<mOrigY>329.046753</mOrigY>
<mMoveTime>600</mMoveTime>
<mMoveRadius>60</mMoveRadius>
<mMovePhase>1.000000</mMovePhase>
<mRotation>-6.283185</mRotation>
<mRotationAdd>-6.283185</mRotationAdd>
<mx>382.461792</mx>
<my>329.046753</my>
</mover>
<poly>
<mAllowFlash>true</mAllowFlash>
<mRad>-6.283185</mRad>
</poly>
<brick>
<mBrickAngle>25.000000</mBrickAngle>
<mBrickRadius>50.000000</mBrickRadius>
<mBrickRotation>360.000000</mBrickRotation>
<corners>
<point>3</point>
<point>4</point>
<point>0</point>
<point>7</point>
</corners>
</brick>
</ent>
<ent>
<class>6</class>
<mCollidable>true</mCollidable>
<mMoving>true</mMoving>
<mImageDX>-0.199421</mImageDX>
<mImageDY>-1.401787</mImageDY>
<pegInfo>
<mVariable>true</mVariable>
</pegInfo>
<mover>
<mMoveType>13</mMoveType>
<mOrigX>322.461792</mOrigX>
<mOrigY>329.046753</mOrigY>
<mMoveTime>600</mMoveTime>
<mMoveRadius>60</mMoveRadius>
<mMovePhase>0.928571</mMovePhase>
<mRotation>-0.899094</mRotation>
<mRotationAdd>-6.731984</mRotationAdd>
<mx>376.480927</mx>
<my>355.160614</my>
</mover>
<poly>
<mAllowFlash>true</mAllowFlash>
<mRad>-0.899094</mRad>
</poly>
<brick>
<mBrickAngle>25.000000</mBrickAngle>
<mBrickRadius>50.000000</mBrickRadius>
<mBrickRotation>385.714294</mBrickRotation>
<corners>
<point>3</point>
<point>4</point>
<point>0</point>
<point>7</point>
</corners>
</brick>
</ent>
<ent>
<class>6</class>
<mCollidable>true</mCollidable>
<mMoving>true</mMoving>
<mImageDX>0.904312</mImageDX>
<mImageDY>-0.361516</mImageDY>
<pegInfo>
<mVariable>true</mVariable>
</pegInfo>
<mover>
<mMoveType>13</mMoveType>
<mOrigX>322.461792</mOrigX>
<mOrigY>329.046753</mOrigY>
<mMoveTime>600</mMoveTime>
<mMoveRadius>60</mMoveRadius>
<mMovePhase>0.857143</mMovePhase>
<mRotation>-1.798188</mRotation>
<mRotationAdd>-7.180783</mRotationAdd>
<mx>359.730652</mx>
<my>376.068359</my>
</mover>
<poly>
<mAllowFlash>true</mAllowFlash>
<mRad>-1.798188</mRad>
</poly>
<brick>
<mBrickAngle>25.000000</mBrickAngle>
<mBrickRadius>50.000000</mBrickRadius>
<mBrickRotation>411.428589</mBrickRotation>
<corners>
<point>3</point>
<point>4</point>
<point>0</point>
<point>7</point>
</corners>
</brick>
</ent>
<ent>
<class>6</class>
<mCollidable>true</mCollidable>
<mMoving>true</mMoving>
<mImageDX>1.828936</mImageDX>
<mImageDY>0.750347</mImageDY>
<pegInfo>
<mVariable>true</mVariable>
</pegInfo>
<mover>
<mMoveType>13</mMoveType>
<mOrigX>322.461792</mOrigX>
<mOrigY>329.046753</mOrigY>
<mMoveTime>600</mMoveTime>
<mMoveRadius>60</mMoveRadius>
<mMovePhase>0.785714</mMovePhase>
<mRotation>-2.697281</mRotation>
<mRotationAdd>-7.629582</mRotationAdd>
<mx>335.550385</mx>
<my>387.601746</my>
</mover>
<poly>
<mAllowFlash>true</mAllowFlash>
<mRad>-2.697281</mRad>
</poly>
<brick>
<mBrickAngle>25.000000</mBrickAngle>
<mBrickRadius>50.000000</mBrickRadius>
<mBrickRotation>437.142853</mBrickRotation>
<corners>
<point>3</point>
<point>4</point>
<point>0</point>
<point>7</point>
</corners>
</brick>
</ent>
<ent>
<class>6</class>
<mCollidable>true</mCollidable>
<mMoving>true</mMoving>
<mImageDX>-1.828941</mImageDX>
<mImageDY>0.750345</mImageDY>
<pegInfo>
<mVariable>true</mVariable>
</pegInfo>
<mover>
<mMoveType>13</mMoveType>
<mOrigX>322.461792</mOrigX>
<mOrigY>329.046753</mOrigY>
<mMoveTime>600</mMoveTime>
<mMoveRadius>60</mMoveRadius>
<mMovePhase>0.714286</mMovePhase>
<mRotation>-3.596376</mRotation>
<mRotationAdd>-8.078382</mRotationAdd>
<mx>308.760742</mx>
<my>387.461487</my>
</mover>
<poly>
<mAllowFlash>true</mAllowFlash>
<mRad>-3.596376</mRad>
</poly>
<brick>
<mBrickAngle>25.000000</mBrickAngle>
<mBrickRadius>50.000000</mBrickRadius>
<mBrickRotation>462.857147</mBrickRotation>
<corners>
<point>3</point>
<point>4</point>
<point>0</point>
<point>7</point>
</corners>
</brick>
</ent>
<ent>
<class>6</class>
<mCollidable>true</mCollidable>
<mMoving>true</mMoving>
<mImageDX>-0.904328</mImageDX>
<mImageDY>-0.361507</mImageDY>
<pegInfo>
<mVariable>true</mVariable>
</pegInfo>
<mover>
<mMoveType>13</mMoveType>
<mOrigX>322.461792</mOrigX>
<mOrigY>329.046753</mOrigY>
<mMoveTime>600</mMoveTime>
<mMoveRadius>60</mMoveRadius>
<mMovePhase>0.642857</mMovePhase>
<mRotation>-4.495470</mRotation>
<mRotationAdd>-8.527181</mRotationAdd>
<mx>284.702576</mx>
<my>375.675507</my>
</mover>
<poly>
<mAllowFlash>true</mAllowFlash>
<mRad>-4.495470</mRad>
</poly>
<brick>
<mBrickAngle>25.000000</mBrickAngle>
<mBrickRadius>50.000000</mBrickRadius>
<mBrickRotation>488.571442</mBrickRotation>
<corners>
<point>3</point>
<point>4</point>
<point>0</point>
<point>7</point>
</corners>
</brick>
</ent>
<ent>
<class>6</class>
<mCollidable>true</mCollidable>
<mMoving>true</mMoving>
<mImageDX>0.199415</mImageDX>
<mImageDY>-1.401773</mImageDY>
<pegInfo>
<mVariable>true</mVariable>
</pegInfo>
<mover>
<mMoveType>13</mMoveType>
<mOrigX>322.461792</mOrigX>
<mOrigY>329.046753</mOrigY>
<mMoveTime>600</mMoveTime>
<mMoveRadius>60</mMoveRadius>
<mMovePhase>0.571429</mMovePhase>
<mRotation>-5.394563</mRotation>
<mRotationAdd>-8.975979</mRotationAdd>
<mx>268.172180</mx>
<my>354.593506</my>
</mover>
<poly>
<mAllowFlash>true</mAllowFlash>
<mRad>-5.394563</mRad>
</poly>
<brick>
<mBrickAngle>25.000000</mBrickAngle>
<mBrickRadius>50.000000</mBrickRadius>
<mBrickRotation>514.285706</mBrickRotation>
<corners>
<point>3</point>
<point>4</point>
<point>0</point>
<point>7</point>
</corners>
</brick>
</ent>
<ent>
<class>5</class>
<mCollidable>true</mCollidable>
<mMoving>true</mMoving>
<pegInfo>
<mVariable>true</mVariable>
</pegInfo>
<ball>
<mIsPeg>true</mIsPeg>
<mCollidesWithOtherBalls>true</mCollidesWithOtherBalls>
<mx>103.000000</mx>
<my>215.000000</my>
<mRadius>10.000000</mRadius>
</ball>
</ent>
<ent>
<class>5</class>
<mCollidable>true</mCollidable>
<mMoving>true</mMoving>
<pegInfo>
<mVariable>true</mVariable>
</pegInfo>
<ball>
<mIsPeg>true</mIsPeg>
<mCollidesWithOtherBalls>true</mCollidesWithOtherBalls>
<mx>118.000000</mx>
<my>245.000000</my>
<mRadius>10.000000</mRadius>
</ball>
</ent>
<ent>
<class>5</class>
<mCollidable>true</mCollidable>
<mMoving>true</mMoving>
<pegInfo>
<mVariable>true</mVariable>
</pegInfo>
<ball>
<mIsPeg>true</mIsPeg>
<mCollidesWithOtherBalls>true</mCollidesWithOtherBalls>
<mx>153.000000</mx>
<my>265.000000</my>
<mRadius>10.000000</mRadius>
</ball>
</ent>
<ent>
<class>5</class>
<mCollidable>true</mCollidable>
<mMoving>true</mMoving>
<pegInfo>
<mVariable>true</mVariable>
</pegInfo>
<ball>
<mIsPeg>true</mIsPeg>
<mCollidesWithOtherBalls>true</mCollidesWithOtherBalls>
<mx>188.000000</mx>
<my>245.000000</my>
<mRadius>10.000000</mRadius>
</ball>
</ent>
<ent>
<class>5</class>
<mCollidable>true</mCollidable>
<mMoving>true</mMoving>
<pegInfo>
<mVariable>true</mVariable>
</pegInfo>
<ball>
<mIsPeg>true</mIsPeg>
<mCollidesWithOtherBalls>true</mCollidesWithOtherBalls>
<mx>208.000000</mx>
<my>215.000000</my>
<mRadius>10.000000</mRadius>
</ball>
</ent>
<ent>
<class>5</class>
<mCollidable>true</mCollidable>
<mMoving>true</mMoving>
<pegInfo>
<mVariable>true</mVariable>
</pegInfo>
<ball>
<mIsPeg>true</mIsPeg>
<mCollidesWithOtherBalls>true</mCollidesWithOtherBalls>
<mx>138.000000</mx>
<my>215.000000</my>
<mRadius>10.000000</mRadius>
</ball>
</ent>
<ent>
<class>5</class>
<mCollidable>true</mCollidable>
<mMoving>true</mMoving>
<pegInfo>
<mVariable>true</mVariable>
</pegInfo>
<ball>
<mIsPeg>true</mIsPeg>
<mCollidesWithOtherBalls>true</mCollidesWithOtherBalls>
<mx>173.000000</mx>
<my>215.000000</my>
<mRadius>10.000000</mRadius>
</ball>
</ent>
<ent>
<class>5</class>
<mCollidable>true</mCollidable>
<mMoving>true</mMoving>
<pegInfo>
<mVariable>true</mVariable>
</pegInfo>
<ball>
<mIsPeg>true</mIsPeg>
<mCollidesWithOtherBalls>true</mCollidesWithOtherBalls>
<mx>105.000000</mx>
<my>435.000000</my>
<mRadius>10.000000</mRadius>
</ball>
</ent>
<ent>
<class>5</class>
<mCollidable>true</mCollidable>
<mMoving>true</mMoving>
<pegInfo>
<mVariable>true</mVariable>
</pegInfo>
<ball>
<mIsPeg>true</mIsPeg>
<mCollidesWithOtherBalls>true</mCollidesWithOtherBalls>
<mx>120.000000</mx>
<my>405.000000</my>
<mRadius>10.000000</mRadius>
</ball>
</ent>
<ent>
<class>5</class>
<mCollidable>true</mCollidable>
<mMoving>true</mMoving>
<pegInfo>
<mVariable>true</mVariable>
</pegInfo>
<ball>
<mIsPeg>true</mIsPeg>
<mCollidesWithOtherBalls>true</mCollidesWithOtherBalls>
<mx>155.000000</mx>
<my>385.000000</my>
<mRadius>10.000000</mRadius>
</ball>
</ent>
<ent>
<class>5</class>
<mCollidable>true</mCollidable>
<mMoving>true</mMoving>
<pegInfo>
<mVariable>true</mVariable>
</pegInfo>
<ball>
<mIsPeg>true</mIsPeg>
<mCollidesWithOtherBalls>true</mCollidesWithOtherBalls>
<mx>190.000000</mx>
<my>405.000000</my>
<mRadius>10.000000</mRadius>
</ball>
</ent>
<ent>
<class>5</class>
<mCollidable>true</mCollidable>
<mMoving>true</mMoving>
<pegInfo>
<mVariable>true</mVariable>
</pegInfo>
<ball>
<mIsPeg>true</mIsPeg>
<mCollidesWithOtherBalls>true</mCollidesWithOtherBalls>
<mx>210.000000</mx>
<my>435.000000</my>
<mRadius>10.000000</mRadius>
</ball>
</ent>
<ent>
<class>5</class>
<mCollidable>true</mCollidable>
<mMoving>true</mMoving>
<pegInfo>
<mVariable>true</mVariable>
</pegInfo>
<ball>
<mIsPeg>true</mIsPeg>
<mCollidesWithOtherBalls>true</mCollidesWithOtherBalls>
<mx>140.000000</mx>
<my>435.000000</my>
<mRadius>10.000000</mRadius>
</ball>
</ent>
<ent>
<class>5</class>
<mCollidable>true</mCollidable>
<mMoving>true</mMoving>
<pegInfo>
<mVariable>true</mVariable>
</pegInfo>
<ball>
<mIsPeg>true</mIsPeg>
<mCollidesWithOtherBalls>true</mCollidesWithOtherBalls>
<mx>175.000000</mx>
<my>435.000000</my>
<mRadius>10.000000</mRadius>
</ball>
</ent>
<ent>
<class>5</class>
<mCollidable>true</mCollidable>
<mMoving>true</mMoving>
<pegInfo>
<mVariable>true</mVariable>
</pegInfo>
<ball>
<mIsPeg>true</mIsPeg>
<mCollidesWithOtherBalls>true</mCollidesWithOtherBalls>
<mx>539.923584</mx>
<my>435.000000</my>
<mRadius>10.000000</mRadius>
</ball>
</ent>
<ent>
<class>5</class>
<mCollidable>true</mCollidable>
<mMoving>true</mMoving>
<pegInfo>
<mVariable>true</mVariable>
</pegInfo>
<ball>
<mIsPeg>true</mIsPeg>
<mCollidesWithOtherBalls>true</mCollidesWithOtherBalls>
<mx>524.923584</mx>
<my>405.000000</my>
<mRadius>10.000000</mRadius>
</ball>
</ent>
<ent>
<class>5</class>
<mCollidable>true</mCollidable>
<mMoving>true</mMoving>
<pegInfo>
<mVariable>true</mVariable>
</pegInfo>
<ball>
<mIsPeg>true</mIsPeg>
<mCollidesWithOtherBalls>true</mCollidesWithOtherBalls>
<mx>489.923584</mx>
<my>385.000000</my>
<mRadius>10.000000</mRadius>
</ball>
</ent>
<ent>
<class>5</class>
<mCollidable>true</mCollidable>
<mMoving>true</mMoving>
<pegInfo>
<mVariable>true</mVariable>
</pegInfo>
<ball>
<mIsPeg>true</mIsPeg>
<mCollidesWithOtherBalls>true</mCollidesWithOtherBalls>
<mx>454.923584</mx>
<my>405.000000</my>
<mRadius>10.000000</mRadius>
</ball>
</ent>
<ent>
<class>5</class>
<mCollidable>true</mCollidable>
<mMoving>true</mMoving>
<pegInfo>
<mVariable>true</mVariable>
</pegInfo>
<ball>
<mIsPeg>true</mIsPeg>
<mCollidesWithOtherBalls>true</mCollidesWithOtherBalls>
<mx>434.923584</mx>
<my>435.000000</my>
<mRadius>10.000000</mRadius>
</ball>
</ent>
<ent>
<class>5</class>
<mCollidable>true</mCollidable>
<mMoving>true</mMoving>
<pegInfo>
<mVariable>true</mVariable>
</pegInfo>
<ball>
<mIsPeg>true</mIsPeg>
<mCollidesWithOtherBalls>true</mCollidesWithOtherBalls>
<mx>504.923584</mx>
<my>435.000000</my>
<mRadius>10.000000</mRadius>
</ball>
</ent>
<ent>
<class>5</class>
<mCollidable>true</mCollidable>
<mMoving>true</mMoving>
<pegInfo>
<mVariable>true</mVariable>
</pegInfo>
<ball>
<mIsPeg>true</mIsPeg>
<mCollidesWithOtherBalls>true</mCollidesWithOtherBalls>
<mx>469.923584</mx>
<my>435.000000</my>
<mRadius>10.000000</mRadius>
</ball>
</ent>
<ent>
<class>5</class>
<mCollidable>true</mCollidable>
<mMoving>true</mMoving>
<pegInfo>
<mVariable>true</mVariable>
</pegInfo>
<ball>
<mIsPeg>true</mIsPeg>
<mCollidesWithOtherBalls>true</mCollidesWithOtherBalls>
<mx>540.000000</mx>
<my>215.000000</my>
<mRadius>10.000000</mRadius>
</ball>
</ent>
<ent>
<class>5</class>
<mCollidable>true</mCollidable>
<mMoving>true</mMoving>
<pegInfo>
<mVariable>true</mVariable>
</pegInfo>
<ball>
<mIsPeg>true</mIsPeg>
<mCollidesWithOtherBalls>true</mCollidesWithOtherBalls>
<mx>525.000000</mx>
<my>245.000000</my>
<mRadius>10.000000</mRadius>
</ball>
</ent>
<ent>
<class>5</class>
<mCollidable>true</mCollidable>
<mMoving>true</mMoving>
<pegInfo>
<mVariable>true</mVariable>
</pegInfo>
<ball>
<mIsPeg>true</mIsPeg>
<mCollidesWithOtherBalls>true</mCollidesWithOtherBalls>
<mx>490.000000</mx>
<my>265.000000</my>
<mRadius>10.000000</mRadius>
</ball>
</ent>
<ent>
<class>5</class>
<mCollidable>true</mCollidable>
<mMoving>true</mMoving>
<pegInfo>
<mVariable>true</mVariable>
</pegInfo>
<ball>
<mIsPeg>true</mIsPeg>
<mCollidesWithOtherBalls>true</mCollidesWithOtherBalls>
<mx>455.000000</mx>
<my>245.000000</my>
<mRadius>10.000000</mRadius>
</ball>
</ent>
<ent>
<class>5</class>
<mCollidable>true</mCollidable>
<mMoving>true</mMoving>
<pegInfo>
<mVariable>true</mVariable>
<mCrumbleCounter>3</mCrumbleCounter>
</pegInfo>
<ball>
<mIsPeg>true</mIsPeg>
<mCollidesWithOtherBalls>true</mCollidesWithOtherBalls>
<mx>435.000000</mx>
<my>215.000000</my>
<mRadius>10.000000</mRadius>
</ball>
</ent>
<ent>
<class>5</class>
<mCollidable>true</mCollidable>
<mMoving>true</mMoving>
<pegInfo>
<mVariable>true</mVariable>
</pegInfo>
<ball>
<mIsPeg>true</mIsPeg>
<mCollidesWithOtherBalls>true</mCollidesWithOtherBalls>
<mx>505.000000</mx>
<my>215.000000</my>
<mRadius>10.000000</mRadius>
</ball>
</ent>
<ent>
<class>5</class>
<mCollidable>true</mCollidable>
<mMoving>true</mMoving>
<pegInfo>
<mVariable>true</mVariable>
</pegInfo>
<ball>
<mIsPeg>true</mIsPeg>
<mCollidesWithOtherBalls>true</mCollidesWithOtherBalls>
<mx>470.000000</mx>
<my>215.000000</my>
<mRadius>10.000000</mRadius>
</ball>
</ent>
<ent>
<class>5</class>
<mCollidable>true</mCollidable>
<mMoving>true</mMoving>
<pegInfo>
<mVariable>true</mVariable>
</pegInfo>
<ball>
<mIsPeg>true</mIsPeg>
<mCollidesWithOtherBalls>true</mCollidesWithOtherBalls>
<mx>100.000000</mx>
<my>55.000000</my>
<mRadius>10.000000</mRadius>
</ball>
</ent>
<ent>
<class>5</class>
<mCollidable>true</mCollidable>
<mMoving>true</mMoving>
<pegInfo>
<mVariable>true</mVariable>
</pegInfo>
<ball>
<mIsPeg>true</mIsPeg>
<mCollidesWithOtherBalls>true</mCollidesWithOtherBalls>
<mx>65.000000</mx>
<my>55.000000</my>
<mRadius>10.000000</mRadius>
</ball>
</ent>
<ent>
<class>5</class>
<mCollidable>true</mCollidable>
<mMoving>true</mMoving>
<pegInfo>
<mVariable>true</mVariable>
</pegInfo>
<ball>
<mIsPeg>true</mIsPeg>
<mCollidesWithOtherBalls>true</mCollidesWithOtherBalls>
<mx>65.000000</mx>
<my>85.000000</my>
<mRadius>10.000000</mRadius>
</ball>
</ent>
<ent>
<class>5</class>
<mCollidable>true</mCollidable>
<mMoving>true</mMoving>
<pegInfo>
<mVariable>true</mVariable>
</pegInfo>
<ball>
<mIsPeg>true</mIsPeg>
<mCollidesWithOtherBalls>true</mCollidesWithOtherBalls>
<mx>65.000000</mx>
<my>115.000000</my>
<mRadius>10.000000</mRadius>
</ball>
</ent>
<ent>
<class>5</class>
<mCollidable>true</mCollidable>
<mMoving>true</mMoving>
<pegInfo>
<mVariable>true</mVariable>
</pegInfo>
<ball>
<mIsPeg>true</mIsPeg>
<mCollidesWithOtherBalls>true</mCollidesWithOtherBalls>
<mx>135.000000</mx>
<my>55.000000</my>
<mRadius>10.000000</mRadius>
</ball>
</ent>
<ent>
<class>5</class>
<mCollidable>true</mCollidable>
<mMoving>true</mMoving>
<pegInfo>
<mVariable>true</mVariable>
</pegInfo>
<ball>
<mIsPeg>true</mIsPeg>
<mCollidesWithOtherBalls>true</mCollidesWithOtherBalls>
<mx>135.000000</mx>
<my>115.000000</my>
<mRadius>10.000000</mRadius>
</ball>
</ent>
<ent>
<class>5</class>
<mCollidable>true</mCollidable>
<mMoving>true</mMoving>
<pegInfo>
<mVariable>true</mVariable>
</pegInfo>
<ball>
<mIsPeg>true</mIsPeg>
<mCollidesWithOtherBalls>true</mCollidesWithOtherBalls>
<mx>100.000000</mx>
<my>115.000000</my>
<mRadius>10.000000</mRadius>
</ball>
</ent>
<ent>
<class>5</class>
<mCollidable>true</mCollidable>
<mMoving>true</mMoving>
<pegInfo>
<mVariable>true</mVariable>
</pegInfo>
<ball>
<mIsPeg>true</mIsPeg>
<mCollidesWithOtherBalls>true</mCollidesWithOtherBalls>
<mx>135.000000</mx>
<my>85.000000</my>
<mRadius>10.000000</mRadius>
</ball>
</ent>
<ent>
<class>5</class>
<mCollidable>true</mCollidable>
<mMoving>true</mMoving>
<pegInfo>
<mVariable>true</mVariable>
</pegInfo>
<ball>
<mIsPeg>true</mIsPeg>
<mCollidesWithOtherBalls>true</mCollidesWithOtherBalls>
<mx>545.000000</mx>
<my>55.000000</my>
<mRadius>10.000000</mRadius>
</ball>
</ent>
<ent>
<class>5</class>
<mCollidable>true</mCollidable>
<mMoving>true</mMoving>
<pegInfo>
<mVariable>true</mVariable>
</pegInfo>
<ball>
<mIsPeg>true</mIsPeg>
<mCollidesWithOtherBalls>true</mCollidesWithOtherBalls>
<mx>580.000000</mx>
<my>55.000000</my>
<mRadius>10.000000</mRadius>
</ball>
</ent>
<ent>
<class>5</class>
<mCollidable>true</mCollidable>
<mMoving>true</mMoving>
<pegInfo>
<mVariable>true</mVariable>
</pegInfo>
<ball>
<mIsPeg>true</mIsPeg>
<mCollidesWithOtherBalls>true</mCollidesWithOtherBalls>
<mx>580.000000</mx>
<my>85.000000</my>
<mRadius>10.000000</mRadius>
</ball>
</ent>
<ent>
<class>5</class>
<mCollidable>true</mCollidable>
<mMoving>true</mMoving>
<pegInfo>
<mVariable>true</mVariable>
</pegInfo>
<ball>
<mIsPeg>true</mIsPeg>
<mCollidesWithOtherBalls>true</mCollidesWithOtherBalls>
<mx>580.000000</mx>
<my>115.000000</my>
<mRadius>10.000000</mRadius>
</ball>
</ent>
<ent>
<class>5</class>
<mCollidable>true</mCollidable>
<mMoving>true</mMoving>
<pegInfo>
<mVariable>true</mVariable>
</pegInfo>
<ball>
<mIsPeg>true</mIsPeg>
<mCollidesWithOtherBalls>true</mCollidesWithOtherBalls>
<mx>510.000000</mx>
<my>55.000000</my>
<mRadius>10.000000</mRadius>
</ball>
</ent>
<ent>
<class>5</class>
<mCollidable>true</mCollidable>
<mMoving>true</mMoving>
<pegInfo>
<mVariable>true</mVariable>
</pegInfo>
<ball>
<mIsPeg>true</mIsPeg>
<mCollidesWithOtherBalls>true</mCollidesWithOtherBalls>
<mx>510.000000</mx>
<my>115.000000</my>
<mRadius>10.000000</mRadius>
</ball>
</ent>
<ent>
<class>5</class>
<mCollidable>true</mCollidable>
<mMoving>true</mMoving>
<pegInfo>
<mVariable>true</mVariable>
</pegInfo>
<ball>
<mIsPeg>true</mIsPeg>
<mCollidesWithOtherBalls>true</mCollidesWithOtherBalls>
<mx>545.000000</mx>
<my>115.000000</my>
<mRadius>10.000000</mRadius>
</ball>
</ent>
<ent>
<class>5</class>
<mCollidable>true</mCollidable>
<mMoving>true</mMoving>
<pegInfo>
<mVariable>true</mVariable>
</pegInfo>
<ball>
<mIsPeg>true</mIsPeg>
<mCollidesWithOtherBalls>true</mCollidesWithOtherBalls>
<mx>510.000000</mx>
<my>85.000000</my>
<mRadius>10.000000</mRadius>
</ball>
</ent>
<ent>
<class>6</class>
<mCollidable>true</mCollidable>
<mMoving>true</mMoving>
<mImageDX>0.506264</mImageDX>
<mImageDY>0.000004</mImageDY>
<pegInfo>
<mVariable>true</mVariable>
</pegInfo>
<poly>
<mAllowFlash>true</mAllowFlash>
<mx>67.991547</mx>
<my>224.046875</my>
</poly>
<brick>
<mRightAnchored>true</mRightAnchored>
<mBrickAngle>20.000000</mBrickAngle>
<mBrickThickness>19.999889</mBrickThickness>
<mBrickRadius>75.000000</mBrickRadius>
<mBrickRotation>180.000000</mBrickRotation>
<corners>
<point>3</point>
<point>4</point>
<point>0</point>
<point>7</point>
</corners>
</brick>
</ent>
<ent>
<class>6</class>
<mCollidable>true</mCollidable>
<mMoving>true</mMoving>
<mImageDX>0.484425</mImageDX>
<mImageDY>1.239266</mImageDY>
<pegInfo>
<mVariable>true</mVariable>
</pegInfo>
<poly>
<mAllowFlash>true</mAllowFlash>
<mx>73.109009</mx>
<my>253.069397</my>
</poly>
<brick>
<mLeftAnchored>true</mLeftAnchored>
<mRightAnchored>true</mRightAnchored>
<mBrickAngle>20.000000</mBrickAngle>
<mBrickThickness>19.999893</mBrickThickness>
<mBrickRadius>75.000000</mBrickRadius>
<mBrickRotation>-160.000000</mBrickRotation>
<corners>
<point>3</point>
<point>4</point>
<point>0</point>
<point>7</point>
</corners>
</brick>
</ent>
<ent>
<class>6</class>
<mCollidable>true</mCollidable>
<mMoving>true</mMoving>
<mImageDX>-0.237120</mImageDX>
<mImageDY>0.592594</mImageDY>
<pegInfo>
<mVariable>true</mVariable>
</pegInfo>
<poly>
<mAllowFlash>true</mAllowFlash>
<mx>87.844116</mx>
<my>278.591339</my>
</poly>
<brick>
<mLeftAnchored>true</mLeftAnchored>
<mRightAnchored>true</mRightAnchored>
<mBrickAngle>20.000000</mBrickAngle>
<mBrickThickness>19.999886</mBrickThickness>
<mBrickRadius>75.000000</mBrickRadius>
<mBrickRotation>-140.000000</mBrickRotation>
<corners>
<point>3</point>
<point>4</point>
<point>0</point>
<point>7</point>
</corners>
</brick>
</ent>
<ent>
<class>6</class>
<mCollidable>true</mCollidable>
<mMoving>true</mMoving>
<mImageDX>-0.930062</mImageDX>
<mImageDY>-0.125557</mImageDY>
<pegInfo>
<mVariable>true</mVariable>
</pegInfo>
<poly>
<mAllowFlash>true</mAllowFlash>
<mx>110.419617</mx>
<my>297.534424</my>
</poly>
<brick>
<mLeftAnchored>true</mLeftAnchored>
<mRightAnchored>true</mRightAnchored>
<mBrickAngle>20.000000</mBrickAngle>
<mBrickThickness>19.999882</mBrickThickness>
<mBrickRadius>75.000000</mBrickRadius>
<mBrickRotation>-120.000000</mBrickRotation>
<corners>
<point>3</point>
<point>4</point>
<point>0</point>
<point>7</point>
</corners>
</brick>
</ent>
<ent>
<class>6</class>
<mCollidable>true</mCollidable>
<mMoving>true</mMoving>
<mImageDX>-1.510824</mImageDX>
<mImageDY>-0.828571</mImageDY>
<pegInfo>
<mVariable>true</mVariable>
<mCrumble>true</mCrumble>
</pegInfo>
<poly>
<mAllowFlash>true</mAllowFlash>
<mx>138.112549</mx>
<my>307.613831</my>
</poly>
<brick>
<mLeftAnchored>true</mLeftAnchored>
<mRightAnchored>true</mRightAnchored>
<mBrickAngle>20.000000</mBrickAngle>
<mBrickThickness>19.999872</mBrickThickness>
<mBrickRadius>75.000000</mBrickRadius>
<mBrickRotation>-100.000000</mBrickRotation>
<corners>
<point>3</point>
<point>4</point>
<point>0</point>
<point>7</point>
</corners>
</brick>
</ent>
<ent>
<class>6</class>
<mCollidable>true</mCollidable>
<mMoving>true</mMoving>
<mImageDX>1.510820</mImageDX>
<mImageDY>-0.828571</mImageDY>
<pegInfo>
<mVariable>true</mVariable>
<mCrumble>true</mCrumble>
</pegInfo>
<poly>
<mAllowFlash>true</mAllowFlash>
<mx>167.582764</mx>
<my>307.613831</my>
</poly>
<brick>
<mLeftAnchored>true</mLeftAnchored>
<mRightAnchored>true</mRightAnchored>
<mBrickAngle>20.000000</mBrickAngle>
<mBrickThickness>19.999847</mBrickThickness>
<mBrickRadius>75.000000</mBrickRadius>
<mBrickRotation>-80.000000</mBrickRotation>
<corners>
<point>3</point>
<point>4</point>
<point>0</point>
<point>7</point>
</corners>
</brick>
</ent>
<ent>
<class>6</class>
<mCollidable>true</mCollidable>
<mMoving>true</mMoving>
<mImageDX>0.930060</mImageDX>
<mImageDY>-0.125561</mImageDY>
<pegInfo>
<mVariable>true</mVariable>
</pegInfo>
<poly>
<mAllowFlash>true</mAllowFlash>
<mx>195.275757</mx>
<my>297.534424</my>
</poly>
<brick>
<mLeftAnchored>true</mLeftAnchored>
<mRightAnchored>true</mRightAnchored>
<mBrickAngle>20.000000</mBrickAngle>
<mBrickThickness>19.999866</mBrickThickness>
<mBrickRadius>75.000000</mBrickRadius>
<mBrickRotation>-60.000000</mBrickRotation>
<corners>
<point>3</point>
<point>4</point>
<point>0</point>
<point>7</point>
</corners>
</brick>
</ent>
<ent>
<class>6</class>
<mCollidable>true</mCollidable>
<mMoving>true</mMoving>
<mImageDX>0.237120</mImageDX>
<mImageDY>0.592594</mImageDY>
<pegInfo>
<mVariable>true</mVariable>
<mCrumbleCounter>3</mCrumbleCounter>
</pegInfo>
<poly>
<mAllowFlash>true</mAllowFlash>
<mx>217.851257</mx>
<my>278.591309</my>
</poly>
<brick>
<mLeftAnchored>true</mLeftAnchored>
<mRightAnchored>true</mRightAnchored>
<mBrickAngle>20.000000</mBrickAngle>
<mBrickThickness>19.999878</mBrickThickness>
<mBrickRadius>75.000000</mBrickRadius>
<mBrickRotation>-40.000000</mBrickRotation>
<corners>
<point>3</point>
<point>4</point>
<point>0</point>
<point>7</point>
</corners>
</brick>
</ent>
<ent>
<class>6</class>
<mCollidable>true</mCollidable>
<mMoving>true</mMoving>
<mImageDX>-0.484417</mImageDX>
<mImageDY>1.239270</mImageDY>
<pegInfo>
<mVariable>true</mVariable>
<mCrumbleCounter>3</mCrumbleCounter>
</pegInfo>
<poly>
<mAllowFlash>true</mAllowFlash>
<mx>232.586365</mx>
<my>253.069336</my>
</poly>
<brick>
<mLeftAnchored>true</mLeftAnchored>
<mRightAnchored>true</mRightAnchored>
<mBrickAngle>20.000000</mBrickAngle>
<mBrickThickness>19.999880</mBrickThickness>
<mBrickRadius>75.000000</mBrickRadius>
<mBrickRotation>-20.000000</mBrickRotation>
<corners>
<point>3</point>
<point>4</point>
<point>0</point>
<point>7</point>
</corners>
</brick>
</ent>
<ent>
<class>6</class>
<mCollidable>true</mCollidable>
<mMoving>true</mMoving>
<mImageDX>0.484425</mImageDX>
<mImageDY>-1.239264</mImageDY>
<pegInfo>
<mVariable>true</mVariable>
<mCrumbleCounter>3</mCrumbleCounter>
</pegInfo>
<poly>
<mAllowFlash>true</mAllowFlash>
<mx>240.526245</mx>
<my>224.544464</my>
</poly>
<brick>
<mLeftAnchored>true</mLeftAnchored>
<mRightAnchored>true</mRightAnchored>
<mBrickTextureFlip>true</mBrickTextureFlip>
<mBrickAngle>20.000000</mBrickAngle>
<mBrickThickness>19.999891</mBrickThickness>
<mBrickRadius>75.000000</mBrickRadius>
<mBrickRotation>160.000000</mBrickRotation>
<corners>
<point>3</point>
<point>4</point>
<point>0</point>
<point>7</point>
</corners>
</brick>
</ent>
<ent>
<class>6</class>
<mCollidable>true</mCollidable>
<mMoving>true</mMoving>
<mImageDX>-0.237116</mImageDX>
<mImageDY>-0.592594</mImageDY>
<pegInfo>
<mVariable>true</mVariable>
<mCrumbleCounter>3</mCrumbleCounter>
</pegInfo>
<poly>
<mAllowFlash>true</mAllowFlash>
<mx>255.261353</mx>
<my>199.022522</my>
</poly>
<brick>
<mLeftAnchored>true</mLeftAnchored>
<mRightAnchored>true</mRightAnchored>
<mBrickTextureFlip>true</mBrickTextureFlip>
<mBrickAngle>20.000000</mBrickAngle>
<mBrickThickness>19.999880</mBrickThickness>
<mBrickRadius>75.000000</mBrickRadius>
<mBrickRotation>140.000000</mBrickRotation>
<corners>
<point>3</point>
<point>4</point>
<point>0</point>
<point>7</point>
</corners>
</brick>
</ent>
<ent>
<class>6</class>
<mCollidable>true</mCollidable>
<mMoving>true</mMoving>
<mImageDX>-0.930060</mImageDX>
<mImageDY>0.125565</mImageDY>
<pegInfo>
<mVariable>true</mVariable>
<mCrumbleCounter>3</mCrumbleCounter>
</pegInfo>
<poly>
<mAllowFlash>true</mAllowFlash>
<mx>277.836792</mx>
<my>180.079407</my>
</poly>
<brick>
<mLeftAnchored>true</mLeftAnchored>
<mRightAnchored>true</mRightAnchored>
<mBrickTextureFlip>true</mBrickTextureFlip>
<mBrickAngle>20.000000</mBrickAngle>
<mBrickThickness>19.999865</mBrickThickness>
<mBrickRadius>75.000000</mBrickRadius>
<mBrickRotation>120.000000</mBrickRotation>
<corners>
<point>3</point>
<point>4</point>
<point>0</point>
<point>7</point>
</corners>
</brick>
</ent>
<ent>
<class>6</class>
<mCollidable>true</mCollidable>
<mMoving>true</mMoving>
<mImageDX>-1.510826</mImageDX>
<mImageDY>0.828564</mImageDY>
<pegInfo>
<mVariable>true</mVariable>
<mCrumbleCounter>100</mCrumbleCounter>
</pegInfo>
<poly>
<mAllowFlash>true</mAllowFlash>
<mx>305.529785</mx>
<my>170.000000</my>
</poly>
<brick>
<mLeftAnchored>true</mLeftAnchored>
<mRightAnchored>true</mRightAnchored>
<mBrickTextureFlip>true</mBrickTextureFlip>
<mBrickAngle>20.000000</mBrickAngle>
<mBrickThickness>19.999872</mBrickThickness>
<mBrickRadius>75.000000</mBrickRadius>
<mBrickRotation>100.000000</mBrickRotation>
<corners>
<point>3</point>
<point>4</point>
<point>0</point>
<point>7</point>
</corners>
</brick>
</ent>
<ent>
<class>6</class>
<mCollidable>true</mCollidable>
<mMoving>true</mMoving>
<mImageDX>1.510822</mImageDX>
<mImageDY>0.828564</mImageDY>
<pegInfo>
<mVariable>true</mVariable>
<mCrumbleCounter>100</mCrumbleCounter>
</pegInfo>
<poly>
<mAllowFlash>true</mAllowFlash>
<mx>335.000000</mx>
<my>170.000000</my>
</poly>
<brick>
<mLeftAnchored>true</mLeftAnchored>
<mRightAnchored>true</mRightAnchored>
<mBrickTextureFlip>true</mBrickTextureFlip>
<mBrickAngle>20.000000</mBrickAngle>
<mBrickThickness>19.999863</mBrickThickness>
<mBrickRadius>75.000000</mBrickRadius>
<mBrickRotation>80.000000</mBrickRotation>
<corners>
<point>3</point>
<point>4</point>
<point>0</point>
<point>7</point>
</corners>
</brick>
</ent>
<ent>
<class>6</class>
<mCollidable>true</mCollidable>
<mMoving>true</mMoving>
<mImageDX>0.930060</mImageDX>
<mImageDY>0.125557</mImageDY>
<pegInfo>
<mVariable>true</mVariable>
<mCrumbleCounter>3</mCrumbleCounter>
</pegInfo>
<poly>
<mAllowFlash>true</mAllowFlash>
<mx>362.692932</mx>
<my>180.079407</my>
</poly>
<brick>
<mLeftAnchored>true</mLeftAnchored>
<mRightAnchored>true</mRightAnchored>
<mBrickTextureFlip>true</mBrickTextureFlip>
<mBrickAngle>20.000000</mBrickAngle>
<mBrickThickness>19.999872</mBrickThickness>
<mBrickRadius>75.000000</mBrickRadius>
<mBrickRotation>60.000000</mBrickRotation>
<corners>
<point>3</point>
<point>4</point>
<point>0</point>
<point>7</point>
</corners>
</brick>
</ent>
<ent>
<class>6</class>
<mCollidable>true</mCollidable>
<mMoving>true</mMoving>
<mImageDX>0.237120</mImageDX>
<mImageDY>-0.592590</mImageDY>
<pegInfo>
<mVariable>true</mVariable>
<mCrumbleCounter>3</mCrumbleCounter>
</pegInfo>
<poly>
<mAllowFlash>true</mAllowFlash>
<mx>385.268433</mx>
<my>199.022491</my>
</poly>
<brick>
<mLeftAnchored>true</mLeftAnchored>
<mRightAnchored>true</mRightAnchored>
<mBrickTextureFlip>true</mBrickTextureFlip>
<mBrickAngle>20.000000</mBrickAngle>
<mBrickThickness>19.999865</mBrickThickness>
<mBrickRadius>75.000000</mBrickRadius>
<mBrickRotation>40.000000</mBrickRotation>
<corners>
<point>3</point>
<point>4</point>
<point>0</point>
<point>7</point>
</corners>
</brick>
</ent>
<ent>
<class>6</class>
<mCollidable>true</mCollidable>
<mMoving>true</mMoving>
<mImageDX>-0.484421</mImageDX>
<mImageDY>-1.239268</mImageDY>
<pegInfo>
<mVariable>true</mVariable>
</pegInfo>
<poly>
<mAllowFlash>true</mAllowFlash>
<mx>400.003540</mx>
<my>224.544464</my>
</poly>
<brick>
<mLeftAnchored>true</mLeftAnchored>
<mRightAnchored>true</mRightAnchored>
<mBrickTextureFlip>true</mBrickTextureFlip>
<mBrickAngle>20.000000</mBrickAngle>
<mBrickThickness>19.999853</mBrickThickness>
<mBrickRadius>75.000000</mBrickRadius>
<mBrickRotation>20.000000</mBrickRotation>
<corners>
<point>3</point>
<point>4</point>
<point>0</point>
<point>7</point>
</corners>
</brick>
</ent>
<ent>
<class>6</class>
<mCollidable>true</mCollidable>
<mMoving>true</mMoving>
<mImageDX>0.484428</mImageDX>
<mImageDY>1.239280</mImageDY>
<pegInfo>
<mVariable>true</mVariable>
<mCrumbleCounter>1</mCrumbleCounter>
</pegInfo>
<poly>
<mAllowFlash>true</mAllowFlash>
<mx>407.943359</mx>
<my>253.069305</my>
</poly>
<brick>
<mLeftAnchored>true</mLeftAnchored>
<mRightAnchored>true</mRightAnchored>
<mBrickAngle>20.000000</mBrickAngle>
<mBrickThickness>19.999861</mBrickThickness>
<mBrickRadius>75.000000</mBrickRadius>
<mBrickRotation>200.000000</mBrickRotation>
<corners>
<point>3</point>
<point>4</point>
<point>0</point>
<point>7</point>
</corners>
</brick>
</ent>
<ent>
<class>6</class>
<mCollidable>true</mCollidable>
<mMoving>true</mMoving>
<mImageDX>-0.237116</mImageDX>
<mImageDY>0.592594</mImageDY>
<pegInfo>
<mVariable>true</mVariable>
</pegInfo>
<poly>
<mAllowFlash>true</mAllowFlash>
<mx>422.678467</mx>
<my>278.591278</my>
</poly>
<brick>
<mLeftAnchored>true</mLeftAnchored>
<mRightAnchored>true</mRightAnchored>
<mBrickAngle>20.000000</mBrickAngle>
<mBrickThickness>19.999865</mBrickThickness>
<mBrickRadius>75.000000</mBrickRadius>
<mBrickRotation>-140.000000</mBrickRotation>
<corners>
<point>3</point>
<point>4</point>
<point>0</point>
<point>7</point>
</corners>
</brick>
</ent>
<ent>
<class>6</class>
<mCollidable>true</mCollidable>
<mMoving>true</mMoving>
<mImageDX>-0.930060</mImageDX>
<mImageDY>-0.125557</mImageDY>
<pegInfo>
<mVariable>true</mVariable>
<mCrumbleCounter>1</mCrumbleCounter>
</pegInfo>
<poly>
<mAllowFlash>true</mAllowFlash>
<mx>445.254028</mx>
<my>297.534363</my>
</poly>
<brick>
<mLeftAnchored>true</mLeftAnchored>
<mRightAnchored>true</mRightAnchored>
<mBrickAngle>20.000000</mBrickAngle>
<mBrickThickness>19.999844</mBrickThickness>
<mBrickRadius>75.000000</mBrickRadius>
<mBrickRotation>-120.000000</mBrickRotation>
<corners>
<point>3</point>
<point>4</point>
<point>0</point>
<point>7</point>
</corners>
</brick>
</ent>
<ent>
<class>6</class>
<mCollidable>true</mCollidable>
<mMoving>true</mMoving>
<mImageDX>-1.510824</mImageDX>
<mImageDY>-0.828571</mImageDY>
<pegInfo>
<mVariable>true</mVariable>
<mCrumble>true</mCrumble>
<mCrumbleCounter>1</mCrumbleCounter>
</pegInfo>
<poly>
<mAllowFlash>true</mAllowFlash>
<mx>472.946960</mx>
<my>307.613770</my>
</poly>
<brick>
<mLeftAnchored>true</mLeftAnchored>
<mRightAnchored>true</mRightAnchored>
<mBrickAngle>20.000000</mBrickAngle>
<mBrickThickness>19.999872</mBrickThickness>
<mBrickRadius>75.000000</mBrickRadius>
<mBrickRotation>-100.000000</mBrickRotation>
<corners>
<point>3</point>
<point>4</point>
<point>0</point>
<point>7</point>
</corners>
</brick>
</ent>
<ent>
<class>6</class>
<mCollidable>true</mCollidable>
<mMoving>true</mMoving>
<mImageDX>1.510820</mImageDX>
<mImageDY>-0.828571</mImageDY>
<pegInfo>
<mVariable>true</mVariable>
<mCrumble>true</mCrumble>
</pegInfo>
<poly>
<mAllowFlash>true</mAllowFlash>
<mx>502.417236</mx>
<my>307.613770</my>
</poly>
<brick>
<mLeftAnchored>true</mLeftAnchored>
<mRightAnchored>true</mRightAnchored>
<mBrickAngle>20.000000</mBrickAngle>
<mBrickThickness>19.999847</mBrickThickness>
<mBrickRadius>75.000000</mBrickRadius>
<mBrickRotation>-80.000000</mBrickRotation>
<corners>
<point>3</point>
<point>4</point>
<point>0</point>
<point>7</point>
</corners>
</brick>
</ent>
<ent>
<class>6</class>
<mCollidable>true</mCollidable>
<mMoving>true</mMoving>
<mImageDX>0.930064</mImageDX>
<mImageDY>-0.125557</mImageDY>
<pegInfo>
<mVariable>true</mVariable>
</pegInfo>
<poly>
<mAllowFlash>true</mAllowFlash>
<mx>530.110107</mx>
<my>297.534363</my>
</poly>
<brick>
<mLeftAnchored>true</mLeftAnchored>
<mRightAnchored>true</mRightAnchored>
<mBrickAngle>20.000000</mBrickAngle>
<mBrickThickness>19.999884</mBrickThickness>
<mBrickRadius>75.000000</mBrickRadius>
<mBrickRotation>-60.000000</mBrickRotation>
<corners>
<point>3</point>
<point>4</point>
<point>0</point>
<point>7</point>
</corners>
</brick>
</ent>
<ent>
<class>6</class>
<mCollidable>true</mCollidable>
<mMoving>true</mMoving>
<mImageDX>0.237116</mImageDX>
<mImageDY>0.592594</mImageDY>
<pegInfo>
<mVariable>true</mVariable>
</pegInfo>
<poly>
<mAllowFlash>true</mAllowFlash>
<mx>552.685669</mx>
<my>278.591248</my>
</poly>
<brick>
<mLeftAnchored>true</mLeftAnchored>
<mRightAnchored>true</mRightAnchored>
<mBrickAngle>20.000000</mBrickAngle>
<mBrickThickness>19.999868</mBrickThickness>
<mBrickRadius>75.000000</mBrickRadius>
<mBrickRotation>-40.000000</mBrickRotation>
<corners>
<point>3</point>
<point>4</point>
<point>0</point>
<point>7</point>
</corners>
</brick>
</ent>
<ent>
<class>6</class>
<mCollidable>true</mCollidable>
<mMoving>true</mMoving>
<mImageDX>-0.484421</mImageDX>
<mImageDY>1.239268</mImageDY>
<pegInfo>
<mVariable>true</mVariable>
</pegInfo>
<poly>
<mAllowFlash>true</mAllowFlash>
<mx>567.420776</mx>
<my>253.069275</my>
</poly>
<brick>
<mLeftAnchored>true</mLeftAnchored>
<mRightAnchored>true</mRightAnchored>
<mBrickAngle>20.000000</mBrickAngle>
<mBrickThickness>19.999853</mBrickThickness>
<mBrickRadius>75.000000</mBrickRadius>
<mBrickRotation>-20.000000</mBrickRotation>
<corners>
<point>3</point>
<point>4</point>
<point>0</point>
<point>7</point>
</corners>
</brick>
</ent>
<ent>
<class>6</class>
<mCollidable>true</mCollidable>
<mMoving>true</mMoving>
<mImageDX>-0.506264</mImageDX>
<pegInfo>
<mVariable>true</mVariable>
</pegInfo>
<poly>
<mAllowFlash>true</mAllowFlash>
<mx>572.538208</mx>
<my>224.046753</my>
</poly>
<brick>
<mLeftAnchored>true</mLeftAnchored>
<mBrickAngle>20.000000</mBrickAngle>
<mBrickThickness>19.999891</mBrickThickness>
<mBrickRadius>75.000000</mBrickRadius>
<mBrickRotation>0.000000</mBrickRotation>
<corners>
<point>3</point>
<point>4</point>
<point>0</point>
<point>7</point>
</corners>
</brick>
</ent>
<ent>
<class>6</class>
<mCollidable>true</mCollidable>
<mMoving>true</mMoving>
<mImageDX>0.506264</mImageDX>
<mImageDY>0.000004</mImageDY>
<pegInfo>
<mVariable>true</mVariable>
</pegInfo>
<poly>
<mAllowFlash>true</mAllowFlash>
<mx>67.991547</mx>
<my>430.046631</my>
</poly>
<brick>
<mRightAnchored>true</mRightAnchored>
<mBrickAngle>20.000000</mBrickAngle>
<mBrickThickness>19.999889</mBrickThickness>
<mBrickRadius>75.000000</mBrickRadius>
<mBrickRotation>180.000000</mBrickRotation>
<corners>
<point>3</point>
<point>4</point>
<point>0</point>
<point>7</point>
</corners>
</brick>
</ent>
<ent>
<class>6</class>
<mCollidable>true</mCollidable>
<mMoving>true</mMoving>
<mImageDX>0.484406</mImageDX>
<mImageDY>-1.239254</mImageDY>
<pegInfo>
<mVariable>true</mVariable>
</pegInfo>
<poly>
<mAllowFlash>true</mAllowFlash>
<mx>73.109009</mx>
<my>401.024109</my>
</poly>
<brick>
<mLeftAnchored>true</mLeftAnchored>
<mRightAnchored>true</mRightAnchored>
<mBrickAngle>20.000000</mBrickAngle>
<mBrickThickness>19.999893</mBrickThickness>
<mBrickRadius>75.000000</mBrickRadius>
<mBrickRotation>520.000000</mBrickRotation>
<corners>
<point>3</point>
<point>4</point>
<point>0</point>
<point>7</point>
</corners>
</brick>
</ent>
<ent>
<class>6</class>
<mCollidable>true</mCollidable>
<mMoving>true</mMoving>
<mImageDX>-0.237120</mImageDX>
<mImageDY>-0.592594</mImageDY>
<pegInfo>
<mVariable>true</mVariable>
</pegInfo>
<poly>
<mAllowFlash>true</mAllowFlash>
<mx>87.844116</mx>
<my>375.502167</my>
</poly>
<brick>
<mLeftAnchored>true</mLeftAnchored>
<mRightAnchored>true</mRightAnchored>
<mBrickAngle>20.000000</mBrickAngle>
<mBrickThickness>19.999886</mBrickThickness>
<mBrickRadius>75.000000</mBrickRadius>
<mBrickRotation>500.000000</mBrickRotation>
<corners>
<point>3</point>
<point>4</point>
<point>0</point>
<point>7</point>
</corners>
</brick>
</ent>
<ent>
<class>6</class>
<mCollidable>true</mCollidable>
<mMoving>true</mMoving>
<mImageDX>-0.930062</mImageDX>
<mImageDY>0.125557</mImageDY>
<pegInfo>
<mVariable>true</mVariable>
</pegInfo>
<poly>
<mAllowFlash>true</mAllowFlash>
<mx>110.419617</mx>
<my>356.559082</my>
</poly>
<brick>
<mLeftAnchored>true</mLeftAnchored>
<mRightAnchored>true</mRightAnchored>
<mBrickAngle>20.000000</mBrickAngle>
<mBrickThickness>19.999882</mBrickThickness>
<mBrickRadius>75.000000</mBrickRadius>
<mBrickRotation>480.000000</mBrickRotation>
<corners>
<point>3</point>
<point>4</point>
<point>0</point>
<point>7</point>
</corners>
</brick>
</ent>
<ent>
<class>6</class>
<mCollidable>true</mCollidable>
<mMoving>true</mMoving>
<mImageDX>-1.510854</mImageDX>
<mImageDY>0.828571</mImageDY>
<pegInfo>
<mVariable>true</mVariable>
</pegInfo>
<poly>
<mAllowFlash>true</mAllowFlash>
<mx>138.112549</mx>
<my>346.479675</my>
</poly>
<brick>
<mLeftAnchored>true</mLeftAnchored>
<mRightAnchored>true</mRightAnchored>
<mBrickAngle>20.000000</mBrickAngle>
<mBrickThickness>19.999872</mBrickThickness>
<mBrickRadius>75.000000</mBrickRadius>
<mBrickRotation>460.000000</mBrickRotation>
<corners>
<point>3</point>
<point>4</point>
<point>0</point>
<point>7</point>
</corners>
</brick>
</ent>
<ent>
<class>6</class>
<mCollidable>true</mCollidable>
<mMoving>true</mMoving>
<mImageDX>1.510799</mImageDX>
<mImageDY>0.828556</mImageDY>
<pegInfo>
<mVariable>true</mVariable>
</pegInfo>
<poly>
<mAllowFlash>true</mAllowFlash>
<mx>167.582764</mx>
<my>346.479675</my>
</poly>
<brick>
<mLeftAnchored>true</mLeftAnchored>
<mRightAnchored>true</mRightAnchored>
<mBrickAngle>20.000000</mBrickAngle>
<mBrickThickness>19.999847</mBrickThickness>
<mBrickRadius>75.000000</mBrickRadius>
<mBrickRotation>440.000000</mBrickRotation>
<corners>
<point>3</point>
<point>4</point>
<point>0</point>
<point>7</point>
</corners>
</brick>
</ent>
<ent>
<class>6</class>
<mCollidable>true</mCollidable>
<mMoving>true</mMoving>
<mImageDX>0.930069</mImageDX>
<mImageDY>0.125565</mImageDY>
<pegInfo>
<mVariable>true</mVariable>
</pegInfo>
<poly>
<mAllowFlash>true</mAllowFlash>
<mx>195.275757</mx>
<my>356.559082</my>
</poly>
<brick>
<mLeftAnchored>true</mLeftAnchored>
<mRightAnchored>true</mRightAnchored>
<mBrickAngle>20.000000</mBrickAngle>
<mBrickThickness>19.999866</mBrickThickness>
<mBrickRadius>75.000000</mBrickRadius>
<mBrickRotation>420.000000</mBrickRotation>
<corners>
<point>3</point>
<point>4</point>
<point>0</point>
<point>7</point>
</corners>
</brick>
</ent>
<ent>
<class>6</class>
<mCollidable>true</mCollidable>
<mMoving>true</mMoving>
<mImageDX>0.237123</mImageDX>
<mImageDY>-0.592604</mImageDY>
<pegInfo>
<mVariable>true</mVariable>
<mCrumbleCounter>3</mCrumbleCounter>
</pegInfo>
<poly>
<mAllowFlash>true</mAllowFlash>
<mx>217.851257</mx>
<my>375.502197</my>
</poly>
<brick>
<mLeftAnchored>true</mLeftAnchored>
<mRightAnchored>true</mRightAnchored>
<mBrickAngle>20.000000</mBrickAngle>
<mBrickThickness>19.999878</mBrickThickness>
<mBrickRadius>75.000000</mBrickRadius>
<mBrickRotation>400.000000</mBrickRotation>
<corners>
<point>3</point>
<point>4</point>
<point>0</point>
<point>7</point>
</corners>
</brick>
</ent>
<ent>
<class>6</class>
<mCollidable>true</mCollidable>
<mMoving>true</mMoving>
<mImageDX>-0.484425</mImageDX>
<mImageDY>-1.239280</mImageDY>
<pegInfo>
<mVariable>true</mVariable>
<mCrumbleCounter>3</mCrumbleCounter>
</pegInfo>
<poly>
<mAllowFlash>true</mAllowFlash>
<mx>232.586365</mx>
<my>401.024170</my>
</poly>
<brick>
<mLeftAnchored>true</mLeftAnchored>
<mRightAnchored>true</mRightAnchored>
<mBrickAngle>20.000000</mBrickAngle>
<mBrickThickness>19.999880</mBrickThickness>
<mBrickRadius>75.000000</mBrickRadius>
<mBrickRotation>380.000000</mBrickRotation>
<corners>
<point>3</point>
<point>4</point>
<point>0</point>
<point>7</point>
</corners>
</brick>
</ent>
<ent>
<class>6</class>
<mCollidable>true</mCollidable>
<mMoving>true</mMoving>
<mImageDX>0.484425</mImageDX>
<mImageDY>1.239284</mImageDY>
<pegInfo>
<mVariable>true</mVariable>
<mCrumbleCounter>3</mCrumbleCounter>
</pegInfo>
<poly>
<mAllowFlash>true</mAllowFlash>
<mx>240.526245</mx>
<my>429.549042</my>
</poly>
<brick>
<mLeftAnchored>true</mLeftAnchored>
<mRightAnchored>true</mRightAnchored>
<mBrickTextureFlip>true</mBrickTextureFlip>
<mBrickAngle>20.000000</mBrickAngle>
<mBrickThickness>19.999891</mBrickThickness>
<mBrickRadius>75.000000</mBrickRadius>
<mBrickRotation>200.000000</mBrickRotation>
<corners>
<point>3</point>
<point>4</point>
<point>0</point>
<point>7</point>
</corners>
</brick>
</ent>
<ent>
<class>6</class>
<mCollidable>true</mCollidable>
<mMoving>true</mMoving>
<mImageDX>-0.237116</mImageDX>
<mImageDY>0.592598</mImageDY>
<pegInfo>
<mVariable>true</mVariable>
<mCrumbleCounter>3</mCrumbleCounter>
</pegInfo>
<poly>
<mAllowFlash>true</mAllowFlash>
<mx>255.261353</mx>
<my>455.070984</my>
</poly>
<brick>
<mLeftAnchored>true</mLeftAnchored>
<mRightAnchored>true</mRightAnchored>
<mBrickTextureFlip>true</mBrickTextureFlip>
<mBrickAngle>20.000000</mBrickAngle>
<mBrickThickness>19.999880</mBrickThickness>
<mBrickRadius>75.000000</mBrickRadius>
<mBrickRotation>220.000000</mBrickRotation>
<corners>
<point>3</point>
<point>4</point>
<point>0</point>
<point>7</point>
</corners>
</brick>
</ent>
<ent>
<class>6</class>
<mCollidable>true</mCollidable>
<mMoving>true</mMoving>
<mImageDX>-0.930052</mImageDX>
<mImageDY>-0.125555</mImageDY>
<pegInfo>
<mVariable>true</mVariable>
<mCrumbleCounter>3</mCrumbleCounter>
</pegInfo>
<poly>
<mAllowFlash>true</mAllowFlash>
<mx>277.836792</mx>
<my>474.014099</my>
</poly>
<brick>
<mLeftAnchored>true</mLeftAnchored>
<mRightAnchored>true</mRightAnchored>
<mBrickTextureFlip>true</mBrickTextureFlip>
<mBrickAngle>20.000000</mBrickAngle>
<mBrickThickness>19.999865</mBrickThickness>
<mBrickRadius>75.000000</mBrickRadius>
<mBrickRotation>240.000000</mBrickRotation>
<corners>
<point>3</point>
<point>4</point>
<point>0</point>
<point>7</point>
</corners>
</brick>
</ent>
<ent>
<class>6</class>
<mCollidable>true</mCollidable>
<mMoving>true</mMoving>
<mImageDX>-1.510803</mImageDX>
<mImageDY>-0.828560</mImageDY>
<pegInfo>
<mVariable>true</mVariable>
<mCrumble>true</mCrumble>
<mCrumbleCounter>100</mCrumbleCounter>
</pegInfo>
<poly>
<mAllowFlash>true</mAllowFlash>
<mx>305.529785</mx>
<my>484.093506</my>
</poly>
<brick>
<mLeftAnchored>true</mLeftAnchored>
<mRightAnchored>true</mRightAnchored>
<mBrickTextureFlip>true</mBrickTextureFlip>
<mBrickAngle>20.000000</mBrickAngle>
<mBrickThickness>19.999872</mBrickThickness>
<mBrickRadius>75.000000</mBrickRadius>
<mBrickRotation>260.000000</mBrickRotation>
<corners>
<point>3</point>
<point>4</point>
<point>0</point>
<point>7</point>
</corners>
</brick>
</ent>
<ent>
<class>6</class>
<mCollidable>true</mCollidable>
<mMoving>true</mMoving>
<mImageDX>1.510832</mImageDX>
<mImageDY>-0.828568</mImageDY>
<pegInfo>
<mVariable>true</mVariable>
<mCrumble>true</mCrumble>
<mCrumbleCounter>100</mCrumbleCounter>
</pegInfo>
<poly>
<mAllowFlash>true</mAllowFlash>
<mx>335.000000</mx>
<my>484.093506</my>
</poly>
<brick>
<mLeftAnchored>true</mLeftAnchored>
<mRightAnchored>true</mRightAnchored>
<mBrickTextureFlip>true</mBrickTextureFlip>
<mBrickAngle>20.000000</mBrickAngle>
<mBrickThickness>19.999863</mBrickThickness>
<mBrickRadius>75.000000</mBrickRadius>
<mBrickRotation>280.000000</mBrickRotation>
<corners>
<point>3</point>
<point>4</point>
<point>0</point>
<point>7</point>
</corners>
</brick>
</ent>
<ent>
<class>6</class>
<mCollidable>true</mCollidable>
<mMoving>true</mMoving>
<mImageDX>0.930072</mImageDX>
<mImageDY>-0.125572</mImageDY>
<pegInfo>
<mVariable>true</mVariable>
<mCrumbleCounter>3</mCrumbleCounter>
</pegInfo>
<poly>
<mAllowFlash>true</mAllowFlash>
<mx>362.692932</mx>
<my>474.014099</my>
</poly>
<brick>
<mLeftAnchored>true</mLeftAnchored>
<mRightAnchored>true</mRightAnchored>
<mBrickTextureFlip>true</mBrickTextureFlip>
<mBrickAngle>20.000000</mBrickAngle>
<mBrickThickness>19.999872</mBrickThickness>
<mBrickRadius>75.000000</mBrickRadius>
<mBrickRotation>300.000000</mBrickRotation>
<corners>
<point>3</point>
<point>4</point>
<point>0</point>
<point>7</point>
</corners>
</brick>
</ent>
<ent>
<class>6</class>
<mCollidable>true</mCollidable>
<mMoving>true</mMoving>
<mImageDX>0.237123</mImageDX>
<mImageDY>0.592585</mImageDY>
<pegInfo>
<mVariable>true</mVariable>
<mCrumbleCounter>3</mCrumbleCounter>
</pegInfo>
<poly>
<mAllowFlash>true</mAllowFlash>
<mx>385.268433</mx>
<my>455.071014</my>
</poly>
<brick>
<mLeftAnchored>true</mLeftAnchored>
<mRightAnchored>true</mRightAnchored>
<mBrickTextureFlip>true</mBrickTextureFlip>
<mBrickAngle>20.000000</mBrickAngle>
<mBrickThickness>19.999865</mBrickThickness>
<mBrickRadius>75.000000</mBrickRadius>
<mBrickRotation>320.000000</mBrickRotation>
<corners>
<point>3</point>
<point>4</point>
<point>0</point>
<point>7</point>
</corners>
</brick>
</ent>
<ent>
<class>6</class>
<mCollidable>true</mCollidable>
<mMoving>true</mMoving>
<mImageDX>-0.484421</mImageDX>
<mImageDY>1.239279</mImageDY>
<pegInfo>
<mVariable>true</mVariable>
</pegInfo>
<poly>
<mAllowFlash>true</mAllowFlash>
<mx>400.003540</mx>
<my>429.549042</my>
</poly>
<brick>
<mLeftAnchored>true</mLeftAnchored>
<mRightAnchored>true</mRightAnchored>
<mBrickTextureFlip>true</mBrickTextureFlip>
<mBrickAngle>20.000000</mBrickAngle>
<mBrickThickness>19.999853</mBrickThickness>
<mBrickRadius>75.000000</mBrickRadius>
<mBrickRotation>340.000000</mBrickRotation>
<corners>
<point>3</point>
<point>4</point>
<point>0</point>
<point>7</point>
</corners>
</brick>
</ent>
<ent>
<class>6</class>
<mCollidable>true</mCollidable>
<mMoving>true</mMoving>
<mImageDX>0.484421</mImageDX>
<mImageDY>-1.239263</mImageDY>
<pegInfo>
<mVariable>true</mVariable>
<mCrumbleCounter>1</mCrumbleCounter>
</pegInfo>
<poly>
<mAllowFlash>true</mAllowFlash>
<mx>407.943359</mx>
<my>401.024200</my>
</poly>
<brick>
<mLeftAnchored>true</mLeftAnchored>
<mRightAnchored>true</mRightAnchored>
<mBrickAngle>20.000000</mBrickAngle>
<mBrickThickness>19.999861</mBrickThickness>
<mBrickRadius>75.000000</mBrickRadius>
<mBrickRotation>160.000000</mBrickRotation>
<corners>
<point>3</point>
<point>4</point>
<point>0</point>
<point>7</point>
</corners>
</brick>
</ent>
<ent>
<class>6</class>
<mCollidable>true</mCollidable>
<mMoving>true</mMoving>
<mImageDX>-0.237120</mImageDX>
<mImageDY>-0.592594</mImageDY>
<pegInfo>
<mVariable>true</mVariable>
</pegInfo>
<poly>
<mAllowFlash>true</mAllowFlash>
<mx>422.678467</mx>
<my>375.502228</my>
</poly>
<brick>
<mLeftAnchored>true</mLeftAnchored>
<mRightAnchored>true</mRightAnchored>
<mBrickAngle>20.000000</mBrickAngle>
<mBrickThickness>19.999865</mBrickThickness>
<mBrickRadius>75.000000</mBrickRadius>
<mBrickRotation>500.000000</mBrickRotation>
<corners>
<point>3</point>
<point>4</point>
<point>0</point>
<point>7</point>
</corners>
</brick>
</ent>
<ent>
<class>6</class>
<mCollidable>true</mCollidable>
<mMoving>true</mMoving>
<mImageDX>-0.930060</mImageDX>
<mImageDY>0.125561</mImageDY>
<pegInfo>
<mVariable>true</mVariable>
<mCrumbleCounter>1</mCrumbleCounter>
</pegInfo>
<poly>
<mAllowFlash>true</mAllowFlash>
<mx>445.254028</mx>
<my>356.559143</my>
</poly>
<brick>
<mLeftAnchored>true</mLeftAnchored>
<mRightAnchored>true</mRightAnchored>
<mBrickAngle>20.000000</mBrickAngle>
<mBrickThickness>19.999844</mBrickThickness>
<mBrickRadius>75.000000</mBrickRadius>
<mBrickRotation>480.000000</mBrickRotation>
<corners>
<point>3</point>
<point>4</point>
<point>0</point>
<point>7</point>
</corners>
</brick>
</ent>
<ent>
<class>6</class>
<mCollidable>true</mCollidable>
<mMoving>true</mMoving>
<mImageDX>-1.510854</mImageDX>
<mImageDY>0.828571</mImageDY>
<pegInfo>
<mVariable>true</mVariable>
<mCrumbleCounter>1</mCrumbleCounter>
</pegInfo>
<poly>
<mAllowFlash>true</mAllowFlash>
<mx>472.946960</mx>
<my>346.479736</my>
</poly>
<brick>
<mLeftAnchored>true</mLeftAnchored>
<mRightAnchored>true</mRightAnchored>
<mBrickAngle>20.000000</mBrickAngle>
<mBrickThickness>19.999872</mBrickThickness>
<mBrickRadius>75.000000</mBrickRadius>
<mBrickRotation>460.000000</mBrickRotation>
<corners>
<point>3</point>
<point>4</point>
<point>0</point>
<point>7</point>
</corners>
</brick>
</ent>
<ent>
<class>6</class>
<mCollidable>true</mCollidable>
<mMoving>true</mMoving>
<mImageDX>1.510799</mImageDX>
<mImageDY>0.828556</mImageDY>
<pegInfo>
<mVariable>true</mVariable>
</pegInfo>
<poly>
<mAllowFlash>true</mAllowFlash>
<mx>502.417236</mx>
<my>346.479736</my>
</poly>
<brick>
<mLeftAnchored>true</mLeftAnchored>
<mRightAnchored>true</mRightAnchored>
<mBrickAngle>20.000000</mBrickAngle>
<mBrickThickness>19.999847</mBrickThickness>
<mBrickRadius>75.000000</mBrickRadius>
<mBrickRotation>440.000000</mBrickRotation>
<corners>
<point>3</point>
<point>4</point>
<point>0</point>
<point>7</point>
</corners>
</brick>
</ent>
<ent>
<class>6</class>
<mCollidable>true</mCollidable>
<mMoving>true</mMoving>
<mImageDX>0.930073</mImageDX>
<mImageDY>0.125565</mImageDY>
<pegInfo>
<mVariable>true</mVariable>
</pegInfo>
<poly>
<mAllowFlash>true</mAllowFlash>
<mx>530.110107</mx>
<my>356.559143</my>
</poly>
<brick>
<mLeftAnchored>true</mLeftAnchored>
<mRightAnchored>true</mRightAnchored>
<mBrickAngle>20.000000</mBrickAngle>
<mBrickThickness>19.999884</mBrickThickness>
<mBrickRadius>75.000000</mBrickRadius>
<mBrickRotation>420.000000</mBrickRotation>
<corners>
<point>3</point>
<point>4</point>
<point>0</point>
<point>7</point>
</corners>
</brick>
</ent>
<ent>
<class>6</class>
<mCollidable>true</mCollidable>
<mMoving>true</mMoving>
<mImageDX>0.237120</mImageDX>
<mImageDY>-0.592600</mImageDY>
<pegInfo>
<mVariable>true</mVariable>
</pegInfo>
<poly>
<mAllowFlash>true</mAllowFlash>
<mx>552.685669</mx>
<my>375.502258</my>
</poly>
<brick>
<mLeftAnchored>true</mLeftAnchored>
<mRightAnchored>true</mRightAnchored>
<mBrickAngle>20.000000</mBrickAngle>
<mBrickThickness>19.999868</mBrickThickness>
<mBrickRadius>75.000000</mBrickRadius>
<mBrickRotation>400.000000</mBrickRotation>
<corners>
<point>3</point>
<point>4</point>
<point>0</point>
<point>7</point>
</corners>
</brick>
</ent>
<ent>
<class>6</class>
<mCollidable>true</mCollidable>
<mMoving>true</mMoving>
<mImageDX>-0.484421</mImageDX>
<mImageDY>-1.239276</mImageDY>
<pegInfo>
<mVariable>true</mVariable>
</pegInfo>
<poly>
<mAllowFlash>true</mAllowFlash>
<mx>567.420776</mx>
<my>401.024231</my>
</poly>
<brick>
<mLeftAnchored>true</mLeftAnchored>
<mRightAnchored>true</mRightAnchored>
<mBrickAngle>20.000000</mBrickAngle>
<mBrickThickness>19.999853</mBrickThickness>
<mBrickRadius>75.000000</mBrickRadius>
<mBrickRotation>380.000000</mBrickRotation>
<corners>
<point>3</point>
<point>4</point>
<point>0</point>
<point>7</point>
</corners>
</brick>
</ent>
<ent>
<class>6</class>
<mCollidable>true</mCollidable>
<mMoving>true</mMoving>
<mImageDX>-0.506264</mImageDX>
<mImageDY>-0.000001</mImageDY>
<pegInfo>
<mVariable>true</mVariable>
</pegInfo>
<poly>
<mAllowFlash>true</mAllowFlash>
<mx>572.538208</mx>
<my>430.046753</my>
</poly>
<brick>
<mLeftAnchored>true</mLeftAnchored>
<mBrickAngle>20.000000</mBrickAngle>
<mBrickThickness>19.999891</mBrickThickness>
<mBrickRadius>75.000000</mBrickRadius>
<mBrickRotation>360.000000</mBrickRotation>
<corners>
<point>3</point>
<point>4</point>
<point>0</point>
<point>7</point>
</corners>
</brick>
</ent>
</level>
