<level name="levels/export66/bricks.dat.xml">
<version>66</version>
<isLevel>true</isLevel>
<ent>
<class>6</class>
<mCollidable>true</mCollidable>
<mMoving>true</mMoving>
<mImageDX>-0.951508</mImageDX>
<mImageDY>0.000001</mImageDY>
<pegInfo>
<mVariable>true</mVariable>
<mCrumbleCounter>3</mCrumbleCounter>
</pegInfo>
<poly>
<mAllowFlash>true</mAllowFlash>
<mx>294.198242</mx>
<my>446.796906</my>
</poly>
<brick>
<mLeftAnchored>true</mLeftAnchored>
<mRightAnchored>true</mRightAnchored>
<mBrickNumSubdiv>3</mBrickNumSubdiv>
<mBrickAngle>45.000000</mBrickAngle>
<mBrickThickness>20.000153</mBrickThickness>
<mBrickRadius>25.000000</mBrickRadius>
<mBrickRotation>359.999969</mBrickRotation>
<corners>
<point>4</point>
<point>5</point>
<point>0</point>
<point>9</point>
</corners>
</brick>
</ent>
<ent>
<class>6</class>
<mCollidable>true</mCollidable>
<mMoving>true</mMoving>
<mImageDX>0.000002</mImageDX>
<mImageDY>0.951509</mImageDY>
<pegInfo>
<mVariable>true</mVariable>
<mCrumbleCounter>3</mCrumbleCounter>
</pegInfo>
<poly>
<mAllowFlash>true</mAllowFlash>
<mx>59.748795</mx>
<my>109.748741</my>
</poly>
<brick>
<mLeftAnchored>true</mLeftAnchored>
<mRightAnchored>true</mRightAnchored>
<mBrickTextureFlip>true</mBrickTextureFlip>
<mBrickNumSubdiv>3</mBrickNumSubdiv>
<mBrickAngle>45.000000</mBrickAngle>
<mBrickThickness>20.000135</mBrickThickness>
<mBrickRadius>25.000000</mBrickRadius>
<mBrickRotation>89.999954</mBrickRotation>
<corners>
<point>4</point>
<point>5</point>
<point>0</point>
<point>9</point>
</corners>
</brick>
</ent>
<ent>
<class>6</class>
<mCollidable>true</mCollidable>
<mMoving>true</mMoving>
<mImageDX>0.822105</mImageDX>
<mImageDY>-0.822114</mImageDY>
<pegInfo>
<mVariable>true</mVariable>
<mCrumbleCounter>1</mCrumbleCounter>
</pegInfo>
<poly>
<mAllowFlash>true</mAllowFlash>
<mx>84.497574</mx>
<my>120.000053</my>
</poly>
<brick>
<mLeftAnchored>true</mLeftAnchored>
<mRightAnchored>true</mRightAnchored>
<mBrickTextureFlip>true</mBrickTextureFlip>
<mBrickNumSubdiv>3</mBrickNumSubdiv>
<mBrickAngle>45.000000</mBrickAngle>
<mBrickThickness>20.000141</mBrickThickness>
<mBrickRadius>25.000000</mBrickRadius>
<mBrickRotation>44.999947</mBrickRotation>
<corners>
<point>4</point>
<point>5</point>
<point>0</point>
<point>9</point>
</corners>
</brick>
</ent>
<ent>
<class>6</class>
<mCollidable>true</mCollidable>
<mMoving>true</mMoving>
<mImageDX>-0.822105</mImageDX>
<mImageDY>0.822116</mImageDY>
<pegInfo>
<mVariable>true</mVariable>
<mCrumbleCounter>3</mCrumbleCounter>
</pegInfo>
<poly>
<mAllowFlash>true</mAllowFlash>
<mx>99.671669</mx>
<my>142.709747</my>
</poly>
<brick>
<mLeftAnchored>true</mLeftAnchored>
<mRightAnchored>true</mRightAnchored>
<mBrickNumSubdiv>3</mBrickNumSubdiv>
<mBrickAngle>45.000000</mBrickAngle>
<mBrickThickness>20.000134</mBrickThickness>
<mBrickRadius>25.000000</mBrickRadius>
<mBrickRotation>224.999939</mBrickRotation>
<corners>
<point>4</point>
<point>5</point>
<point>0</point>
<point>9</point>
</corners>
</brick>
</ent>
<ent>
<class>6</class>
<mCollidable>true</mCollidable>
<mMoving>true</mMoving>
<mImageDX>-0.000009</mImageDX>
<mImageDY>-0.951512</mImageDY>
<pegInfo>
<mVariable>true</mVariable>
<mCrumble>true</mCrumble>
<mCrumbleCounter>3</mCrumbleCounter>
</pegInfo>
<poly>
<mAllowFlash>true</mAllowFlash>
<mx>124.420448</mx>
<my>152.961060</my>
</poly>
<brick>
<mLeftAnchored>true</mLeftAnchored>
<mRightAnchored>true</mRightAnchored>
<mBrickNumSubdiv>3</mBrickNumSubdiv>
<mBrickAngle>45.000000</mBrickAngle>
<mBrickThickness>20.000137</mBrickThickness>
<mBrickRadius>25.000000</mBrickRadius>
<mBrickRotation>-90.000076</mBrickRotation>
<corners>
<point>4</point>
<point>5</point>
<point>0</point>
<point>9</point>
</corners>
</brick>
</ent>
<ent>
<class>6</class>
<mCollidable>true</mCollidable>
<mMoving>true</mMoving>
<mImageDX>0.000006</mImageDX>
<mImageDY>0.951512</mImageDY>
<pegInfo>
<mVariable>true</mVariable>
<mCrumbleCounter>1</mCrumbleCounter>
</pegInfo>
<poly>
<mAllowFlash>true</mAllowFlash>
<mx>151.208359</mx>
<my>147.632660</my>
</poly>
<brick>
<mLeftAnchored>true</mLeftAnchored>
<mRightAnchored>true</mRightAnchored>
<mBrickTextureFlip>true</mBrickTextureFlip>
<mBrickNumSubdiv>3</mBrickNumSubdiv>
<mBrickAngle>45.000000</mBrickAngle>
<mBrickThickness>20.000134</mBrickThickness>
<mBrickRadius>25.000000</mBrickRadius>
<mBrickRotation>89.999947</mBrickRotation>
<corners>
<point>4</point>
<point>5</point>
<point>0</point>
<point>9</point>
</corners>
</brick>
</ent>
<ent>
<class>6</class>
<mCollidable>true</mCollidable>
<mMoving>true</mMoving>
<mImageDX>0.822106</mImageDX>
<mImageDY>-0.822114</mImageDY>
<pegInfo>
<mVariable>true</mVariable>
<mCrumbleCounter>2</mCrumbleCounter>
</pegInfo>
<poly>
<mAllowFlash>true</mAllowFlash>
<mx>175.957138</mx>
<my>157.883972</my>
</poly>
<brick>
<mLeftAnchored>true</mLeftAnchored>
<mRightAnchored>true</mRightAnchored>
<mBrickTextureFlip>true</mBrickTextureFlip>
<mBrickNumSubdiv>3</mBrickNumSubdiv>
<mBrickAngle>45.000000</mBrickAngle>
<mBrickThickness>20.000132</mBrickThickness>
<mBrickRadius>25.000000</mBrickRadius>
<mBrickRotation>44.999954</mBrickRotation>
<corners>
<point>4</point>
<point>5</point>
<point>0</point>
<point>9</point>
</corners>
</brick>
</ent>
<ent>
<class>6</class>
<mCollidable>true</mCollidable>
<mMoving>true</mMoving>
<mImageDX>-0.822105</mImageDX>
<mImageDY>0.822113</mImageDY>
<pegInfo>
<mVariable>true</mVariable>
<mCrumbleCounter>1</mCrumbleCounter>
</pegInfo>
<poly>
<mAllowFlash>true</mAllowFlash>
<mx>191.131241</mx>
<my>180.593658</my>
</poly>
<brick>
<mLeftAnchored>true</mLeftAnchored>
<mRightAnchored>true</mRightAnchored>
<mBrickNumSubdiv>3</mBrickNumSubdiv>
<mBrickAngle>45.000000</mBrickAngle>
<mBrickThickness>20.000139</mBrickThickness>
<mBrickRadius>25.000000</mBrickRadius>
<mBrickRotation>224.999985</mBrickRotation>
<corners>
<point>4</point>
<point>5</point>
<point>0</point>
<point>9</point>
</corners>
</brick>
</ent>
<ent>
<class>6</class>
<mCollidable>true</mCollidable>
<mMoving>true</mMoving>
<mImageDX>0.000004</mImageDX>
<mImageDY>-0.951508</mImageDY>
<pegInfo>
<mVariable>true</mVariable>
<mCrumble>true</mCrumble>
<mCrumbleCounter>1</mCrumbleCounter>
</pegInfo>
<poly>
<mAllowFlash>true</mAllowFlash>
<mx>215.880035</mx>
<my>190.844940</my>
</poly>
<brick>
<mLeftAnchored>true</mLeftAnchored>
<mRightAnchored>true</mRightAnchored>
<mBrickNumSubdiv>3</mBrickNumSubdiv>
<mBrickAngle>45.000000</mBrickAngle>
<mBrickThickness>20.000139</mBrickThickness>
<mBrickRadius>25.000000</mBrickRadius>
<mBrickRotation>-89.999977</mBrickRotation>
<corners>
<point>4</point>
<point>5</point>
<point>0</point>
<point>9</point>
</corners>
</brick>
</ent>
<ent>
<class>6</class>
<mCollidable>true</mCollidable>
<mMoving>true</mMoving>
<mImageDX>-0.000004</mImageDX>
<mImageDY>0.951509</mImageDY>
<pegInfo>
<mVariable>true</mVariable>
<mCrumbleCounter>1</mCrumbleCounter>
</pegInfo>
<poly>
<mAllowFlash>true</mAllowFlash>
<mx>242.667923</mx>
<my>185.516479</my>
</poly>
<brick>
<mLeftAnchored>true</mLeftAnchored>
<mRightAnchored>true</mRightAnchored>
<mBrickTextureFlip>true</mBrickTextureFlip>
<mBrickNumSubdiv>3</mBrickNumSubdiv>
<mBrickAngle>45.000000</mBrickAngle>
<mBrickThickness>20.000145</mBrickThickness>
<mBrickRadius>25.000000</mBrickRadius>
<mBrickRotation>90.000031</mBrickRotation>
<corners>
<point>4</point>
<point>5</point>
<point>0</point>
<point>9</point>
</corners>
</brick>
</ent>
<ent>
<class>6</class>
<mCollidable>true</mCollidable>
<mMoving>true</mMoving>
<mImageDX>0.822113</mImageDX>
<mImageDY>-0.822111</mImageDY>
<pegInfo>
<mVariable>true</mVariable>
</pegInfo>
<poly>
<mAllowFlash>true</mAllowFlash>
<mx>267.416687</mx>
<my>195.767761</my>
</poly>
<brick>
<mRightAnchored>true</mRightAnchored>
<mBrickTextureFlip>true</mBrickTextureFlip>
<mBrickNumSubdiv>3</mBrickNumSubdiv>
<mBrickAngle>45.000000</mBrickAngle>
<mBrickThickness>20.000139</mBrickThickness>
<mBrickRadius>25.000000</mBrickRadius>
<mBrickRotation>45.000015</mBrickRotation>
<corners>
<point>4</point>
<point>5</point>
<point>0</point>
<point>9</point>
</corners>
</brick>
</ent>
<ent>
<class>6</class>
<mCollidable>true</mCollidable>
<mMoving>true</mMoving>
<mImageDX>-0.822102</mImageDX>
<mImageDY>0.822119</mImageDY>
<pegInfo>
<mVariable>true</mVariable>
<mCrumbleCounter>2</mCrumbleCounter>
</pegInfo>
<poly>
<mAllowFlash>true</mAllowFlash>
<mx>6.208313</mx>
<my>231.864777</my>
</poly>
<brick>
<mRightAnchored>true</mRightAnchored>
<mBrickNumSubdiv>3</mBrickNumSubdiv>
<mBrickAngle>45.000000</mBrickAngle>
<mBrickThickness>20.000137</mBrickThickness>
<mBrickRadius>25.000000</mBrickRadius>
<mBrickRotation>-135.000076</mBrickRotation>
<corners>
<point>4</point>
<point>5</point>
<point>0</point>
<point>9</point>
</corners>
</brick>
</ent>
<ent>
<class>6</class>
<mCollidable>true</mCollidable>
<mMoving>true</mMoving>
<mImageDX>-0.000011</mImageDX>
<mImageDY>-0.951511</mImageDY>
<pegInfo>
<mVariable>true</mVariable>
<mCrumble>true</mCrumble>
<mCrumbleCounter>1</mCrumbleCounter>
</pegInfo>
<poly>
<mAllowFlash>true</mAllowFlash>
<mx>30.957092</mx>
<my>242.116089</my>
</poly>
<brick>
<mLeftAnchored>true</mLeftAnchored>
<mRightAnchored>true</mRightAnchored>
<mBrickNumSubdiv>3</mBrickNumSubdiv>
<mBrickAngle>45.000000</mBrickAngle>
<mBrickThickness>20.000135</mBrickThickness>
<mBrickRadius>25.000000</mBrickRadius>
<mBrickRotation>-90.000061</mBrickRotation>
<corners>
<point>4</point>
<point>5</point>
<point>0</point>
<point>9</point>
</corners>
</brick>
</ent>
<ent>
<class>6</class>
<mCollidable>true</mCollidable>
<mMoving>true</mMoving>
<mImageDX>0.000002</mImageDX>
<mImageDY>0.951509</mImageDY>
<pegInfo>
<mVariable>true</mVariable>
<mCrumbleCounter>3</mCrumbleCounter>
</pegInfo>
<poly>
<mAllowFlash>true</mAllowFlash>
<mx>57.744995</mx>
<my>236.787674</my>
</poly>
<brick>
<mLeftAnchored>true</mLeftAnchored>
<mRightAnchored>true</mRightAnchored>
<mBrickTextureFlip>true</mBrickTextureFlip>
<mBrickNumSubdiv>3</mBrickNumSubdiv>
<mBrickAngle>45.000000</mBrickAngle>
<mBrickThickness>20.000135</mBrickThickness>
<mBrickRadius>25.000000</mBrickRadius>
<mBrickRotation>89.999954</mBrickRotation>
<corners>
<point>4</point>
<point>5</point>
<point>0</point>
<point>9</point>
</corners>
</brick>
</ent>
<ent>
<class>6</class>
<mCollidable>true</mCollidable>
<mMoving>true</mMoving>
<mImageDX>0.822105</mImageDX>
<mImageDY>-0.822114</mImageDY>
<pegInfo>
<mVariable>true</mVariable>
<mCrumbleCounter>1</mCrumbleCounter>
</pegInfo>
<poly>
<mAllowFlash>true</mAllowFlash>
<mx>82.493774</mx>
<my>247.038986</my>
</poly>
<brick>
<mLeftAnchored>true</mLeftAnchored>
<mRightAnchored>true</mRightAnchored>
<mBrickTextureFlip>true</mBrickTextureFlip>
<mBrickNumSubdiv>3</mBrickNumSubdiv>
<mBrickAngle>45.000000</mBrickAngle>
<mBrickThickness>20.000141</mBrickThickness>
<mBrickRadius>25.000000</mBrickRadius>
<mBrickRotation>44.999947</mBrickRotation>
<corners>
<point>4</point>
<point>5</point>
<point>0</point>
<point>9</point>
</corners>
</brick>
</ent>
<ent>
<class>6</class>
<mCollidable>true</mCollidable>
<mMoving>true</mMoving>
<mImageDX>-0.822105</mImageDX>
<mImageDY>0.822116</mImageDY>
<pegInfo>
<mVariable>true</mVariable>
<mCrumbleCounter>1</mCrumbleCounter>
</pegInfo>
<poly>
<mAllowFlash>true</mAllowFlash>
<mx>97.667870</mx>
<my>269.748718</my>
</poly>
<brick>
<mLeftAnchored>true</mLeftAnchored>
<mRightAnchored>true</mRightAnchored>
<mBrickNumSubdiv>3</mBrickNumSubdiv>
<mBrickAngle>45.000000</mBrickAngle>
<mBrickThickness>20.000134</mBrickThickness>
<mBrickRadius>25.000000</mBrickRadius>
<mBrickRotation>224.999939</mBrickRotation>
<corners>
<point>4</point>
<point>5</point>
<point>0</point>
<point>9</point>
</corners>
</brick>
</ent>
<ent>
<class>6</class>
<mCollidable>true</mCollidable>
<mMoving>true</mMoving>
<mImageDX>-0.000009</mImageDX>
<mImageDY>-0.951512</mImageDY>
<pegInfo>
<mVariable>true</mVariable>
<mCrumble>true</mCrumble>
<mCrumbleCounter>1</mCrumbleCounter>
</pegInfo>
<poly>
<mAllowFlash>true</mAllowFlash>
<mx>122.416649</mx>
<my>280.000000</my>
</poly>
<brick>
<mLeftAnchored>true</mLeftAnchored>
<mRightAnchored>true</mRightAnchored>
<mBrickNumSubdiv>3</mBrickNumSubdiv>
<mBrickAngle>45.000000</mBrickAngle>
<mBrickThickness>20.000137</mBrickThickness>
<mBrickRadius>25.000000</mBrickRadius>
<mBrickRotation>-90.000076</mBrickRotation>
<corners>
<point>4</point>
<point>5</point>
<point>0</point>
<point>9</point>
</corners>
</brick>
</ent>
<ent>
<class>6</class>
<mCollidable>true</mCollidable>
<mMoving>true</mMoving>
<mImageDX>0.000006</mImageDX>
<mImageDY>0.951512</mImageDY>
<pegInfo>
<mVariable>true</mVariable>
</pegInfo>
<poly>
<mAllowFlash>true</mAllowFlash>
<mx>149.204559</mx>
<my>274.671570</my>
</poly>
<brick>
<mLeftAnchored>true</mLeftAnchored>
<mRightAnchored>true</mRightAnchored>
<mBrickTextureFlip>true</mBrickTextureFlip>
<mBrickNumSubdiv>3</mBrickNumSubdiv>
<mBrickAngle>45.000000</mBrickAngle>
<mBrickThickness>20.000134</mBrickThickness>
<mBrickRadius>25.000000</mBrickRadius>
<mBrickRotation>89.999947</mBrickRotation>
<corners>
<point>4</point>
<point>5</point>
<point>0</point>
<point>9</point>
</corners>
</brick>
</ent>
<ent>
<class>6</class>
<mCollidable>true</mCollidable>
<mMoving>true</mMoving>
<mImageDX>0.822106</mImageDX>
<mImageDY>-0.822114</mImageDY>
<pegInfo>
<mVariable>true</mVariable>
<mCrumbleCounter>3</mCrumbleCounter>
</pegInfo>
<poly>
<mAllowFlash>true</mAllowFlash>
<mx>173.953339</mx>
<my>284.922913</my>
</poly>
<brick>
<mLeftAnchored>true</mLeftAnchored>
<mRightAnchored>true</mRightAnchored>
<mBrickTextureFlip>true</mBrickTextureFlip>
<mBrickNumSubdiv>3</mBrickNumSubdiv>
<mBrickAngle>45.000000</mBrickAngle>
<mBrickThickness>20.000132</mBrickThickness>
<mBrickRadius>25.000000</mBrickRadius>
<mBrickRotation>44.999954</mBrickRotation>
<corners>
<point>4</point>
<point>5</point>
<point>0</point>
<point>9</point>
</corners>
</brick>
</ent>
<ent>
<class>6</class>
<mCollidable>true</mCollidable>
<mMoving>true</mMoving>
<mImageDX>-0.822105</mImageDX>
<mImageDY>0.822113</mImageDY>
<pegInfo>
<mVariable>true</mVariable>
</pegInfo>
<poly>
<mAllowFlash>true</mAllowFlash>
<mx>189.127441</mx>
<my>307.632599</my>
</poly>
<brick>
<mLeftAnchored>true</mLeftAnchored>
<mRightAnchored>true</mRightAnchored>
<mBrickNumSubdiv>3</mBrickNumSubdiv>
<mBrickAngle>45.000000</mBrickAngle>
<mBrickThickness>20.000139</mBrickThickness>
<mBrickRadius>25.000000</mBrickRadius>
<mBrickRotation>224.999985</mBrickRotation>
<corners>
<point>4</point>
<point>5</point>
<point>0</point>
<point>9</point>
</corners>
</brick>
</ent>
<ent>
<class>6</class>
<mCollidable>true</mCollidable>
<mMoving>true</mMoving>
<mImageDX>0.000004</mImageDX>
<mImageDY>-0.951508</mImageDY>
<pegInfo>
<mVariable>true</mVariable>
<mCrumble>true</mCrumble>
<mCrumbleCounter>1</mCrumbleCounter>
</pegInfo>
<poly>
<mAllowFlash>true</mAllowFlash>
<mx>213.876236</mx>
<my>317.883881</my>
</poly>
<brick>
<mLeftAnchored>true</mLeftAnchored>
<mRightAnchored>true</mRightAnchored>
<mBrickNumSubdiv>3</mBrickNumSubdiv>
<mBrickAngle>45.000000</mBrickAngle>
<mBrickThickness>20.000139</mBrickThickness>
<mBrickRadius>25.000000</mBrickRadius>
<mBrickRotation>-89.999977</mBrickRotation>
<corners>
<point>4</point>
<point>5</point>
<point>0</point>
<point>9</point>
</corners>
</brick>
</ent>
<ent>
<class>6</class>
<mCollidable>true</mCollidable>
<mMoving>true</mMoving>
<mImageDX>-0.000004</mImageDX>
<mImageDY>0.951509</mImageDY>
<pegInfo>
<mVariable>true</mVariable>
<mCrumbleCounter>1</mCrumbleCounter>
</pegInfo>
<poly>
<mAllowFlash>true</mAllowFlash>
<mx>240.664124</mx>
<my>312.555389</my>
</poly>
<brick>
<mLeftAnchored>true</mLeftAnchored>
<mRightAnchored>true</mRightAnchored>
<mBrickTextureFlip>true</mBrickTextureFlip>
<mBrickNumSubdiv>3</mBrickNumSubdiv>
<mBrickAngle>45.000000</mBrickAngle>
<mBrickThickness>20.000145</mBrickThickness>
<mBrickRadius>25.000000</mBrickRadius>
<mBrickRotation>90.000031</mBrickRotation>
<corners>
<point>4</point>
<point>5</point>
<point>0</point>
<point>9</point>
</corners>
</brick>
</ent>
<ent>
<class>6</class>
<mCollidable>true</mCollidable>
<mMoving>true</mMoving>
<mImageDX>0.822113</mImageDX>
<mImageDY>-0.822111</mImageDY>
<pegInfo>
<mVariable>true</mVariable>
<mCrumbleCounter>1</mCrumbleCounter>
</pegInfo>
<poly>
<mAllowFlash>true</mAllowFlash>
<mx>265.412903</mx>
<my>322.806671</my>
</poly>
<brick>
<mRightAnchored>true</mRightAnchored>
<mBrickTextureFlip>true</mBrickTextureFlip>
<mBrickNumSubdiv>3</mBrickNumSubdiv>
<mBrickAngle>45.000000</mBrickAngle>
<mBrickThickness>20.000139</mBrickThickness>
<mBrickRadius>25.000000</mBrickRadius>
<mBrickRotation>45.000015</mBrickRotation>
<corners>
<point>4</point>
<point>5</point>
<point>0</point>
<point>9</point>
</corners>
</brick>
</ent>
<ent>
<class>6</class>
<mCollidable>true</mCollidable>
<mMoving>true</mMoving>
<mImageDX>-0.000004</mImageDX>
<mImageDY>0.951509</mImageDY>
<pegInfo>
<mVariable>true</mVariable>
<mCrumbleCounter>3</mCrumbleCounter>
</pegInfo>
<poly>
<mAllowFlash>true</mAllowFlash>
<mx>590.251221</mx>
<my>109.748703</my>
</poly>
<brick>
<mLeftAnchored>true</mLeftAnchored>
<mRightAnchored>true</mRightAnchored>
<mBrickTextureFlip>true</mBrickTextureFlip>
<mBrickNumSubdiv>3</mBrickNumSubdiv>
<mBrickAngle>45.000000</mBrickAngle>
<mBrickThickness>20.000135</mBrickThickness>
<mBrickRadius>25.000000</mBrickRadius>
<mBrickRotation>90.000046</mBrickRotation>
<corners>
<point>4</point>
<point>5</point>
<point>0</point>
<point>9</point>
</corners>
</brick>
</ent>
<ent>
<class>6</class>
<mCollidable>true</mCollidable>
<mMoving>true</mMoving>
<mImageDX>-0.822104</mImageDX>
<mImageDY>-0.822118</mImageDY>
<pegInfo>
<mVariable>true</mVariable>
<mCrumbleCounter>3</mCrumbleCounter>
</pegInfo>
<poly>
<mAllowFlash>true</mAllowFlash>
<mx>565.502441</mx>
<my>120.000015</my>
</poly>
<brick>
<mLeftAnchored>true</mLeftAnchored>
<mRightAnchored>true</mRightAnchored>
<mBrickTextureFlip>true</mBrickTextureFlip>
<mBrickNumSubdiv>3</mBrickNumSubdiv>
<mBrickAngle>45.000000</mBrickAngle>
<mBrickThickness>20.000141</mBrickThickness>
<mBrickRadius>25.000000</mBrickRadius>
<mBrickRotation>135.000061</mBrickRotation>
<corners>
<point>4</point>
<point>5</point>
<point>0</point>
<point>9</point>
</corners>
</brick>
</ent>
<ent>
<class>6</class>
<mCollidable>true</mCollidable>
<mMoving>true</mMoving>
<mImageDX>0.822100</mImageDX>
<mImageDY>0.822121</mImageDY>
<pegInfo>
<mVariable>true</mVariable>
<mCrumbleCounter>3</mCrumbleCounter>
</pegInfo>
<poly>
<mAllowFlash>true</mAllowFlash>
<mx>550.328369</mx>
<my>142.709717</my>
</poly>
<brick>
<mLeftAnchored>true</mLeftAnchored>
<mRightAnchored>true</mRightAnchored>
<mBrickNumSubdiv>3</mBrickNumSubdiv>
<mBrickAngle>45.000000</mBrickAngle>
<mBrickThickness>20.000134</mBrickThickness>
<mBrickRadius>25.000000</mBrickRadius>
<mBrickRotation>315.000061</mBrickRotation>
<corners>
<point>4</point>
<point>5</point>
<point>0</point>
<point>9</point>
</corners>
</brick>
</ent>
<ent>
<class>6</class>
<mCollidable>true</mCollidable>
<mMoving>true</mMoving>
<mImageDX>0.000016</mImageDX>
<mImageDY>-0.951511</mImageDY>
<pegInfo>
<mVariable>true</mVariable>
<mCrumble>true</mCrumble>
<mCrumbleCounter>3</mCrumbleCounter>
</pegInfo>
<poly>
<mAllowFlash>true</mAllowFlash>
<mx>525.579590</mx>
<my>152.961029</my>
</poly>
<brick>
<mLeftAnchored>true</mLeftAnchored>
<mRightAnchored>true</mRightAnchored>
<mBrickNumSubdiv>3</mBrickNumSubdiv>
<mBrickAngle>45.000000</mBrickAngle>
<mBrickThickness>20.000137</mBrickThickness>
<mBrickRadius>25.000000</mBrickRadius>
<mBrickRotation>270.000061</mBrickRotation>
<corners>
<point>4</point>
<point>5</point>
<point>0</point>
<point>9</point>
</corners>
</brick>
</ent>
<ent>
<class>6</class>
<mCollidable>true</mCollidable>
<mMoving>true</mMoving>
<mImageDX>-0.000007</mImageDX>
<mImageDY>0.951512</mImageDY>
<pegInfo>
<mVariable>true</mVariable>
<mCrumbleCounter>3</mCrumbleCounter>
</pegInfo>
<poly>
<mAllowFlash>true</mAllowFlash>
<mx>498.791687</mx>
<my>147.632614</my>
</poly>
<brick>
<mLeftAnchored>true</mLeftAnchored>
<mRightAnchored>true</mRightAnchored>
<mBrickTextureFlip>true</mBrickTextureFlip>
<mBrickNumSubdiv>3</mBrickNumSubdiv>
<mBrickAngle>45.000000</mBrickAngle>
<mBrickThickness>20.000134</mBrickThickness>
<mBrickRadius>25.000000</mBrickRadius>
<mBrickRotation>90.000053</mBrickRotation>
<corners>
<point>4</point>
<point>5</point>
<point>0</point>
<point>9</point>
</corners>
</brick>
</ent>
<ent>
<class>6</class>
<mCollidable>true</mCollidable>
<mMoving>true</mMoving>
<mImageDX>-0.822102</mImageDX>
<mImageDY>-0.822114</mImageDY>
<pegInfo>
<mVariable>true</mVariable>
<mCrumbleCounter>3</mCrumbleCounter>
</pegInfo>
<poly>
<mAllowFlash>true</mAllowFlash>
<mx>474.042908</mx>
<my>157.883926</my>
</poly>
<brick>
<mLeftAnchored>true</mLeftAnchored>
<mRightAnchored>true</mRightAnchored>
<mBrickTextureFlip>true</mBrickTextureFlip>
<mBrickNumSubdiv>3</mBrickNumSubdiv>
<mBrickAngle>45.000000</mBrickAngle>
<mBrickThickness>20.000132</mBrickThickness>
<mBrickRadius>25.000000</mBrickRadius>
<mBrickRotation>135.000046</mBrickRotation>
<corners>
<point>4</point>
<point>5</point>
<point>0</point>
<point>9</point>
</corners>
</brick>
</ent>
<ent>
<class>6</class>
<mCollidable>true</mCollidable>
<mMoving>true</mMoving>
<mImageDX>0.822108</mImageDX>
<mImageDY>0.822112</mImageDY>
<pegInfo>
<mVariable>true</mVariable>
<mCrumbleCounter>1</mCrumbleCounter>
</pegInfo>
<poly>
<mAllowFlash>true</mAllowFlash>
<mx>458.868774</mx>
<my>180.593613</my>
</poly>
<brick>
<mLeftAnchored>true</mLeftAnchored>
<mRightAnchored>true</mRightAnchored>
<mBrickNumSubdiv>3</mBrickNumSubdiv>
<mBrickAngle>45.000000</mBrickAngle>
<mBrickThickness>20.000139</mBrickThickness>
<mBrickRadius>25.000000</mBrickRadius>
<mBrickRotation>315.000000</mBrickRotation>
<corners>
<point>4</point>
<point>5</point>
<point>0</point>
<point>9</point>
</corners>
</brick>
</ent>
<ent>
<class>6</class>
<mCollidable>true</mCollidable>
<mMoving>true</mMoving>
<mImageDX>-0.000010</mImageDX>
<mImageDY>-0.951507</mImageDY>
<pegInfo>
<mVariable>true</mVariable>
<mCrumble>true</mCrumble>
<mCrumbleCounter>2</mCrumbleCounter>
</pegInfo>
<poly>
<mAllowFlash>true</mAllowFlash>
<mx>434.120026</mx>
<my>190.844894</my>
</poly>
<brick>
<mLeftAnchored>true</mLeftAnchored>
<mRightAnchored>true</mRightAnchored>
<mBrickNumSubdiv>3</mBrickNumSubdiv>
<mBrickAngle>45.000000</mBrickAngle>
<mBrickThickness>20.000139</mBrickThickness>
<mBrickRadius>25.000000</mBrickRadius>
<mBrickRotation>269.999969</mBrickRotation>
<corners>
<point>4</point>
<point>5</point>
<point>0</point>
<point>9</point>
</corners>
</brick>
</ent>
<ent>
<class>6</class>
<mCollidable>true</mCollidable>
<mMoving>true</mMoving>
<mImageDX>0.000001</mImageDX>
<mImageDY>0.951509</mImageDY>
<pegInfo>
<mVariable>true</mVariable>
<mCrumbleCounter>3</mCrumbleCounter>
</pegInfo>
<poly>
<mAllowFlash>true</mAllowFlash>
<mx>407.332092</mx>
<my>185.516434</my>
</poly>
<brick>
<mLeftAnchored>true</mLeftAnchored>
<mRightAnchored>true</mRightAnchored>
<mBrickTextureFlip>true</mBrickTextureFlip>
<mBrickNumSubdiv>3</mBrickNumSubdiv>
<mBrickAngle>45.000000</mBrickAngle>
<mBrickThickness>20.000145</mBrickThickness>
<mBrickRadius>25.000000</mBrickRadius>
<mBrickRotation>89.999969</mBrickRotation>
<corners>
<point>4</point>
<point>5</point>
<point>0</point>
<point>9</point>
</corners>
</brick>
</ent>
<ent>
<class>6</class>
<mCollidable>true</mCollidable>
<mMoving>true</mMoving>
<mImageDX>-0.822105</mImageDX>
<mImageDY>-0.822110</mImageDY>
<pegInfo>
<mVariable>true</mVariable>
<mCrumbleCounter>1</mCrumbleCounter>
</pegInfo>
<poly>
<mAllowFlash>true</mAllowFlash>
<mx>382.583313</mx>
<my>195.767715</my>
</poly>
<brick>
<mRightAnchored>true</mRightAnchored>
<mBrickTextureFlip>true</mBrickTextureFlip>
<mBrickNumSubdiv>3</mBrickNumSubdiv>
<mBrickAngle>45.000000</mBrickAngle>
<mBrickThickness>20.000139</mBrickThickness>
<mBrickRadius>25.000000</mBrickRadius>
<mBrickRotation>134.999985</mBrickRotation>
<corners>
<point>4</point>
<point>5</point>
<point>0</point>
<point>9</point>
</corners>
</brick>
</ent>
<ent>
<class>6</class>
<mCollidable>true</mCollidable>
<mMoving>true</mMoving>
<mImageDX>0.822100</mImageDX>
<mImageDY>0.822119</mImageDY>
<pegInfo>
<mVariable>true</mVariable>
<mCrumbleCounter>3</mCrumbleCounter>
</pegInfo>
<poly>
<mAllowFlash>true</mAllowFlash>
<mx>645.208313</mx>
<my>230.864777</my>
</poly>
<brick>
<mRightAnchored>true</mRightAnchored>
<mBrickNumSubdiv>3</mBrickNumSubdiv>
<mBrickAngle>45.000000</mBrickAngle>
<mBrickThickness>20.000137</mBrickThickness>
<mBrickRadius>25.000000</mBrickRadius>
<mBrickRotation>315.000061</mBrickRotation>
<corners>
<point>4</point>
<point>5</point>
<point>0</point>
<point>9</point>
</corners>
</brick>
</ent>
<ent>
<class>6</class>
<mCollidable>true</mCollidable>
<mMoving>true</mMoving>
<mImageDX>0.000016</mImageDX>
<mImageDY>-0.951511</mImageDY>
<pegInfo>
<mVariable>true</mVariable>
<mCrumble>true</mCrumble>
<mCrumbleCounter>3</mCrumbleCounter>
</pegInfo>
<poly>
<mAllowFlash>true</mAllowFlash>
<mx>620.459534</mx>
<my>241.116119</my>
</poly>
<brick>
<mLeftAnchored>true</mLeftAnchored>
<mRightAnchored>true</mRightAnchored>
<mBrickNumSubdiv>3</mBrickNumSubdiv>
<mBrickAngle>45.000000</mBrickAngle>
<mBrickThickness>20.000135</mBrickThickness>
<mBrickRadius>25.000000</mBrickRadius>
<mBrickRotation>270.000061</mBrickRotation>
<corners>
<point>4</point>
<point>5</point>
<point>0</point>
<point>9</point>
</corners>
</brick>
</ent>
<ent>
<class>6</class>
<mCollidable>true</mCollidable>
<mMoving>true</mMoving>
<mImageDX>-0.000004</mImageDX>
<mImageDY>0.951509</mImageDY>
<pegInfo>
<mVariable>true</mVariable>
<mCrumbleCounter>3</mCrumbleCounter>
</pegInfo>
<poly>
<mAllowFlash>true</mAllowFlash>
<mx>593.671631</mx>
<my>235.787689</my>
</poly>
<brick>
<mLeftAnchored>true</mLeftAnchored>
<mRightAnchored>true</mRightAnchored>
<mBrickTextureFlip>true</mBrickTextureFlip>
<mBrickNumSubdiv>3</mBrickNumSubdiv>
<mBrickAngle>45.000000</mBrickAngle>
<mBrickThickness>20.000135</mBrickThickness>
<mBrickRadius>25.000000</mBrickRadius>
<mBrickRotation>90.000046</mBrickRotation>
<corners>
<point>4</point>
<point>5</point>
<point>0</point>
<point>9</point>
</corners>
</brick>
</ent>
<ent>
<class>6</class>
<mCollidable>true</mCollidable>
<mMoving>true</mMoving>
<mImageDX>-0.822104</mImageDX>
<mImageDY>-0.822118</mImageDY>
<pegInfo>
<mVariable>true</mVariable>
<mCrumbleCounter>3</mCrumbleCounter>
</pegInfo>
<poly>
<mAllowFlash>true</mAllowFlash>
<mx>568.922852</mx>
<my>246.039001</my>
</poly>
<brick>
<mLeftAnchored>true</mLeftAnchored>
<mRightAnchored>true</mRightAnchored>
<mBrickTextureFlip>true</mBrickTextureFlip>
<mBrickNumSubdiv>3</mBrickNumSubdiv>
<mBrickAngle>45.000000</mBrickAngle>
<mBrickThickness>20.000141</mBrickThickness>
<mBrickRadius>25.000000</mBrickRadius>
<mBrickRotation>135.000061</mBrickRotation>
<corners>
<point>4</point>
<point>5</point>
<point>0</point>
<point>9</point>
</corners>
</brick>
</ent>
<ent>
<class>6</class>
<mCollidable>true</mCollidable>
<mMoving>true</mMoving>
<mImageDX>0.822100</mImageDX>
<mImageDY>0.822121</mImageDY>
<pegInfo>
<mVariable>true</mVariable>
<mCrumbleCounter>3</mCrumbleCounter>
</pegInfo>
<poly>
<mAllowFlash>true</mAllowFlash>
<mx>553.748779</mx>
<my>268.748718</my>
</poly>
<brick>
<mLeftAnchored>true</mLeftAnchored>
<mRightAnchored>true</mRightAnchored>
<mBrickNumSubdiv>3</mBrickNumSubdiv>
<mBrickAngle>45.000000</mBrickAngle>
<mBrickThickness>20.000134</mBrickThickness>
<mBrickRadius>25.000000</mBrickRadius>
<mBrickRotation>315.000061</mBrickRotation>
<corners>
<point>4</point>
<point>5</point>
<point>0</point>
<point>9</point>
</corners>
</brick>
</ent>
<ent>
<class>6</class>
<mCollidable>true</mCollidable>
<mMoving>true</mMoving>
<mImageDX>0.000016</mImageDX>
<mImageDY>-0.951511</mImageDY>
<pegInfo>
<mVariable>true</mVariable>
<mCrumble>true</mCrumble>
<mCrumbleCounter>3</mCrumbleCounter>
</pegInfo>
<poly>
<mAllowFlash>true</mAllowFlash>
<mx>529.000000</mx>
<my>279.000000</my>
</poly>
<brick>
<mLeftAnchored>true</mLeftAnchored>
<mRightAnchored>true</mRightAnchored>
<mBrickNumSubdiv>3</mBrickNumSubdiv>
<mBrickAngle>45.000000</mBrickAngle>
<mBrickThickness>20.000137</mBrickThickness>
<mBrickRadius>25.000000</mBrickRadius>
<mBrickRotation>270.000061</mBrickRotation>
<corners>
<point>4</point>
<point>5</point>
<point>0</point>
<point>9</point>
</corners>
</brick>
</ent>
<ent>
<class>6</class>
<mCollidable>true</mCollidable>
<mMoving>true</mMoving>
<mImageDX>-0.000007</mImageDX>
<mImageDY>0.951512</mImageDY>
<pegInfo>
<mVariable>true</mVariable>
<mCrumbleCounter>3</mCrumbleCounter>
</pegInfo>
<poly>
<mAllowFlash>true</mAllowFlash>
<mx>502.212036</mx>
<my>273.671600</my>
</poly>
<brick>
<mLeftAnchored>true</mLeftAnchored>
<mRightAnchored>true</mRightAnchored>
<mBrickTextureFlip>true</mBrickTextureFlip>
<mBrickNumSubdiv>3</mBrickNumSubdiv>
<mBrickAngle>45.000000</mBrickAngle>
<mBrickThickness>20.000134</mBrickThickness>
<mBrickRadius>25.000000</mBrickRadius>
<mBrickRotation>90.000053</mBrickRotation>
<corners>
<point>4</point>
<point>5</point>
<point>0</point>
<point>9</point>
</corners>
</brick>
</ent>
<ent>
<class>6</class>
<mCollidable>true</mCollidable>
<mMoving>true</mMoving>
<mImageDX>-0.822102</mImageDX>
<mImageDY>-0.822114</mImageDY>
<pegInfo>
<mVariable>true</mVariable>
<mCrumbleCounter>3</mCrumbleCounter>
</pegInfo>
<poly>
<mAllowFlash>true</mAllowFlash>
<mx>477.463257</mx>
<my>283.922913</my>
</poly>
<brick>
<mLeftAnchored>true</mLeftAnchored>
<mRightAnchored>true</mRightAnchored>
<mBrickTextureFlip>true</mBrickTextureFlip>
<mBrickNumSubdiv>3</mBrickNumSubdiv>
<mBrickAngle>45.000000</mBrickAngle>
<mBrickThickness>20.000132</mBrickThickness>
<mBrickRadius>25.000000</mBrickRadius>
<mBrickRotation>135.000046</mBrickRotation>
<corners>
<point>4</point>
<point>5</point>
<point>0</point>
<point>9</point>
</corners>
</brick>
</ent>
<ent>
<class>6</class>
<mCollidable>true</mCollidable>
<mMoving>true</mMoving>
<mImageDX>0.822108</mImageDX>
<mImageDY>0.822112</mImageDY>
<pegInfo>
<mVariable>true</mVariable>
<mCrumbleCounter>3</mCrumbleCounter>
</pegInfo>
<poly>
<mAllowFlash>true</mAllowFlash>
<mx>462.289185</mx>
<my>306.632599</my>
</poly>
<brick>
<mLeftAnchored>true</mLeftAnchored>
<mRightAnchored>true</mRightAnchored>
<mBrickNumSubdiv>3</mBrickNumSubdiv>
<mBrickAngle>45.000000</mBrickAngle>
<mBrickThickness>20.000139</mBrickThickness>
<mBrickRadius>25.000000</mBrickRadius>
<mBrickRotation>315.000000</mBrickRotation>
<corners>
<point>4</point>
<point>5</point>
<point>0</point>
<point>9</point>
</corners>
</brick>
</ent>
<ent>
<class>6</class>
<mCollidable>true</mCollidable>
<mMoving>true</mMoving>
<mImageDX>-0.000010</mImageDX>
<mImageDY>-0.951507</mImageDY>
<pegInfo>
<mVariable>true</mVariable>
<mCrumble>true</mCrumble>
<mCrumbleCounter>3</mCrumbleCounter>
</pegInfo>
<poly>
<mAllowFlash>true</mAllowFlash>
<mx>437.540405</mx>
<my>316.883881</my>
</poly>
<brick>
<mLeftAnchored>true</mLeftAnchored>
<mRightAnchored>true</mRightAnchored>
<mBrickNumSubdiv>3</mBrickNumSubdiv>
<mBrickAngle>45.000000</mBrickAngle>
<mBrickThickness>20.000139</mBrickThickness>
<mBrickRadius>25.000000</mBrickRadius>
<mBrickRotation>269.999969</mBrickRotation>
<corners>
<point>4</point>
<point>5</point>
<point>0</point>
<point>9</point>
</corners>
</brick>
</ent>
<ent>
<class>6</class>
<mCollidable>true</mCollidable>
<mMoving>true</mMoving>
<mImageDX>0.000001</mImageDX>
<mImageDY>0.951509</mImageDY>
<pegInfo>
<mVariable>true</mVariable>
<mCrumbleCounter>3</mCrumbleCounter>
</pegInfo>
<poly>
<mAllowFlash>true</mAllowFlash>
<mx>410.752502</mx>
<my>311.555420</my>
</poly>
<brick>
<mLeftAnchored>true</mLeftAnchored>
<mRightAnchored>true</mRightAnchored>
<mBrickTextureFlip>true</mBrickTextureFlip>
<mBrickNumSubdiv>3</mBrickNumSubdiv>
<mBrickAngle>45.000000</mBrickAngle>
<mBrickThickness>20.000145</mBrickThickness>
<mBrickRadius>25.000000</mBrickRadius>
<mBrickRotation>89.999969</mBrickRotation>
<corners>
<point>4</point>
<point>5</point>
<point>0</point>
<point>9</point>
</corners>
</brick>
</ent>
<ent>
<class>6</class>
<mCollidable>true</mCollidable>
<mMoving>true</mMoving>
<mImageDX>-0.822105</mImageDX>
<mImageDY>-0.822110</mImageDY>
<pegInfo>
<mVariable>true</mVariable>
<mCrumbleCounter>3</mCrumbleCounter>
</pegInfo>
<poly>
<mAllowFlash>true</mAllowFlash>
<mx>386.003723</mx>
<my>321.806702</my>
</poly>
<brick>
<mRightAnchored>true</mRightAnchored>
<mBrickTextureFlip>true</mBrickTextureFlip>
<mBrickNumSubdiv>3</mBrickNumSubdiv>
<mBrickAngle>45.000000</mBrickAngle>
<mBrickThickness>20.000139</mBrickThickness>
<mBrickRadius>25.000000</mBrickRadius>
<mBrickRotation>134.999985</mBrickRotation>
<corners>
<point>4</point>
<point>5</point>
<point>0</point>
<point>9</point>
</corners>
</brick>
</ent>
<ent>
<class>6</class>
<mCollidable>true</mCollidable>
<mMoving>true</mMoving>
<mImageDX>0.822106</mImageDX>
<mImageDY>-0.822117</mImageDY>
<pegInfo>
<mVariable>true</mVariable>
<mCrumbleCounter>3</mCrumbleCounter>
</pegInfo>
<poly>
<mAllowFlash>true</mAllowFlash>
<mx>615.000000</mx>
<my>120.000000</my>
</poly>
<brick>
<mRightAnchored>true</mRightAnchored>
<mBrickTextureFlip>true</mBrickTextureFlip>
<mBrickNumSubdiv>3</mBrickNumSubdiv>
<mBrickAngle>45.000000</mBrickAngle>
<mBrickThickness>20.000153</mBrickThickness>
<mBrickRadius>25.000000</mBrickRadius>
<mBrickRotation>44.999931</mBrickRotation>
<corners>
<point>4</point>
<point>5</point>
<point>0</point>
<point>9</point>
</corners>
</brick>
</ent>
<ent>
<class>6</class>
<mCollidable>true</mCollidable>
<mMoving>true</mMoving>
<mImageDX>-0.822114</mImageDX>
<mImageDY>-0.822108</mImageDY>
<pegInfo>
<mVariable>true</mVariable>
<mCrumbleCounter>1</mCrumbleCounter>
</pegInfo>
<poly>
<mAllowFlash>true</mAllowFlash>
<mx>35.000000</mx>
<my>120.000000</my>
</poly>
<brick>
<mLeftAnchored>true</mLeftAnchored>
<mBrickTextureFlip>true</mBrickTextureFlip>
<mBrickNumSubdiv>3</mBrickNumSubdiv>
<mBrickAngle>45.000000</mBrickAngle>
<mBrickThickness>20.000135</mBrickThickness>
<mBrickRadius>25.000000</mBrickRadius>
<mBrickRotation>134.999939</mBrickRotation>
<corners>
<point>4</point>
<point>5</point>
<point>0</point>
<point>9</point>
</corners>
</brick>
</ent>
<ent>
<class>5</class>
<mCollidable>true</mCollidable>
<mMoving>true</mMoving>
<pegInfo>
<mVariable>true</mVariable>
</pegInfo>
<ball>
<mIsPeg>true</mIsPeg>
<mCollidesWithOtherBalls>true</mCollidesWithOtherBalls>
<mx>250.000000</mx>
<my>425.000000</my>
<mRadius>10.000000</mRadius>
</ball>
</ent>
<ent>
<class>5</class>
<mCollidable>true</mCollidable>
<mMoving>true</mMoving>
<pegInfo>
<mVariable>true</mVariable>
</pegInfo>
<ball>
<mIsPeg>true</mIsPeg>
<mCollidesWithOtherBalls>true</mCollidesWithOtherBalls>
<mx>135.000000</mx>
<my>425.000000</my>
<mRadius>10.000000</mRadius>
</ball>
</ent>
<ent>
<class>5</class>
<mCollidable>true</mCollidable>
<mMoving>true</mMoving>
<pegInfo>
<mVariable>true</mVariable>
<mCrumbleCounter>2</mCrumbleCounter>
</pegInfo>
<ball>
<mIsPeg>true</mIsPeg>
<mCollidesWithOtherBalls>true</mCollidesWithOtherBalls>
<mx>395.000000</mx>
<my>425.000000</my>
<mRadius>10.000000</mRadius>
</ball>
</ent>
<ent>
<class>5</class>
<mCollidable>true</mCollidable>
<mMoving>true</mMoving>
<pegInfo>
<mVariable>true</mVariable>
<mCrumbleCounter>1</mCrumbleCounter>
</pegInfo>
<ball>
<mIsPeg>true</mIsPeg>
<mCollidesWithOtherBalls>true</mCollidesWithOtherBalls>
<mx>510.000000</mx>
<my>420.000000</my>
<mRadius>10.000000</mRadius>
</ball>
</ent>
<ent>
<class>5</class>
<mCollidable>true</mCollidable>
<mMoving>true</mMoving>
<pegInfo>
<mVariable>true</mVariable>
<mCrumbleCounter>2</mCrumbleCounter>
</pegInfo>
<ball>
<mIsPeg>true</mIsPeg>
<mCollidesWithOtherBalls>true</mCollidesWithOtherBalls>
<mx>590.000000</mx>
<my>160.000000</my>
<mRadius>10.000000</mRadius>
</ball>
</ent>
<ent>
<class>5</class>
<mCollidable>true</mCollidable>
<mMoving>true</mMoving>
<pegInfo>
<mVariable>true</mVariable>
</pegInfo>
<ball>
<mIsPeg>true</mIsPeg>
<mCollidesWithOtherBalls>true</mCollidesWithOtherBalls>
<mx>500.000000</mx>
<my>195.000000</my>
<mRadius>10.000000</mRadius>
</ball>
</ent>
<ent>
<class>5</class>
<mCollidable>true</mCollidable>
<mMoving>true</mMoving>
<pegInfo>
<mVariable>true</mVariable>
<mCrumbleCounter>1</mCrumbleCounter>
</pegInfo>
<ball>
<mIsPeg>true</mIsPeg>
<mCollidesWithOtherBalls>true</mCollidesWithOtherBalls>
<mx>410.000000</mx>
<my>230.000000</my>
<mRadius>10.000000</mRadius>
</ball>
</ent>
<ent>
<class>5</class>
<mCollidable>true</mCollidable>
<mMoving>true</mMoving>
<pegInfo>
<mVariable>true</mVariable>
<mCrumbleCounter>2</mCrumbleCounter>
</pegInfo>
<ball>
<mIsPeg>true</mIsPeg>
<mCollidesWithOtherBalls>true</mCollidesWithOtherBalls>
<mx>240.000000</mx>
<my>230.000000</my>
<mRadius>10.000000</mRadius>
</ball>
</ent>
<ent>
<class>5</class>
<mCollidable>true</mCollidable>
<mMoving>true</mMoving>
<pegInfo>
<mVariable>true</mVariable>
<mCrumbleCounter>1</mCrumbleCounter>
</pegInfo>
<ball>
<mIsPeg>true</mIsPeg>
<mCollidesWithOtherBalls>true</mCollidesWithOtherBalls>
<mx>145.000000</mx>
<my>190.000000</my>
<mRadius>10.000000</mRadius>
</ball>
</ent>
<ent>
<class>5</class>
<mCollidable>true</mCollidable>
<mMoving>true</mMoving>
<pegInfo>
<mVariable>true</mVariable>
</pegInfo>
<ball>
<mIsPeg>true</mIsPeg>
<mCollidesWithOtherBalls>true</mCollidesWithOtherBalls>
<mx>60.000000</mx>
<my>160.000000</my>
<mRadius>10.000000</mRadius>
</ball>
</ent>
<ent>
<class>5</class>
<mCollidable>true</mCollidable>
<mMoving>true</mMoving>
<pegInfo>
<mVariable>true</mVariable>
</pegInfo>
<ball>
<mIsPeg>true</mIsPeg>
<mCollidesWithOtherBalls>true</mCollidesWithOtherBalls>
<mx>25.000000</mx>
<my>75.000000</my>
<mRadius>10.000000</mRadius>
</ball>
</ent>
<ent>
<class>5</class>
<mCollidable>true</mCollidable>
<mMoving>true</mMoving>
<pegInfo>
<mVariable>true</mVariable>
<mCrumbleCounter>1</mCrumbleCounter>
</pegInfo>
<ball>
<mIsPeg>true</mIsPeg>
<mCollidesWithOtherBalls>true</mCollidesWithOtherBalls>
<mx>60.000000</mx>
<my>75.000000</my>
<mRadius>10.000000</mRadius>
</ball>
</ent>
<ent>
<class>5</class>
<mCollidable>true</mCollidable>
<mMoving>true</mMoving>
<pegInfo>
<mVariable>true</mVariable>
<mCrumbleCounter>2</mCrumbleCounter>
</pegInfo>
<ball>
<mIsPeg>true</mIsPeg>
<mCollidesWithOtherBalls>true</mCollidesWithOtherBalls>
<mx>40.000000</mx>
<my>45.000000</my>
<mRadius>10.000000</mRadius>
</ball>
</ent>
<ent>
<class>5</class>
<mCollidable>true</mCollidable>
<mMoving>true</mMoving>
<pegInfo>
<mVariable>true</mVariable>
<mCrumbleCounter>1</mCrumbleCounter>
</pegInfo>
<ball>
<mIsPeg>true</mIsPeg>
<mCollidesWithOtherBalls>true</mCollidesWithOtherBalls>
<mx>620.000000</mx>
<my>70.000000</my>
<mRadius>10.000000</mRadius>
</ball>
</ent>
<ent>
<class>5</class>
<mCollidable>true</mCollidable>
<mMoving>true</mMoving>
<pegInfo>
<mVariable>true</mVariable>
<mCrumbleCounter>3</mCrumbleCounter>
</pegInfo>
<ball>
<mIsPeg>true</mIsPeg>
<mCollidesWithOtherBalls>true</mCollidesWithOtherBalls>
<mx>580.000000</mx>
<my>70.000000</my>
<mRadius>10.000000</mRadius>
</ball>
</ent>
<ent>
<class>5</class>
<mCollidable>true</mCollidable>
<mMoving>true</mMoving>
<pegInfo>
<mVariable>true</mVariable>
<mCrumbleCounter>3</mCrumbleCounter>
</pegInfo>
<ball>
<mIsPeg>true</mIsPeg>
<mCollidesWithOtherBalls>true</mCollidesWithOtherBalls>
<mx>600.000000</mx>
<my>40.000000</my>
<mRadius>10.000000</mRadius>
</ball>
</ent>
<ent>
<class>5</class>
<mCollidable>true</mCollidable>
<mMoving>true</mMoving>
<pegInfo>
<mVariable>true</mVariable>
<mCrumbleCounter>2</mCrumbleCounter>
</pegInfo>
<ball>
<mIsPeg>true</mIsPeg>
<mCollidesWithOtherBalls>true</mCollidesWithOtherBalls>
<mx>125.000000</mx>
<my>110.000000</my>
<mRadius>10.000000</mRadius>
</ball>
</ent>
<ent>
<class>5</class>
<mCollidable>true</mCollidable>
<mMoving>true</mMoving>
<pegInfo>
<mVariable>true</mVariable>
<mCrumbleCounter>2</mCrumbleCounter>
</pegInfo>
<ball>
<mIsPeg>true</mIsPeg>
<mCollidesWithOtherBalls>true</mCollidesWithOtherBalls>
<mx>525.000000</mx>
<my>105.000000</my>
<mRadius>10.000000</mRadius>
</ball>
</ent>
<ent>
<class>5</class>
<mCollidable>true</mCollidable>
<mMoving>true</mMoving>
<pegInfo>
<mVariable>true</mVariable>
<mCrumbleCounter>1</mCrumbleCounter>
</pegInfo>
<ball>
<mIsPeg>true</mIsPeg>
<mCollidesWithOtherBalls>true</mCollidesWithOtherBalls>
<mx>325.000000</mx>
<my>275.000000</my>
<mRadius>10.000000</mRadius>
</ball>
</ent>
<ent>
<class>5</class>
<mCollidable>true</mCollidable>
<mMoving>true</mMoving>
<pegInfo>
<mVariable>true</mVariable>
<mCrumbleCounter>1</mCrumbleCounter>
</pegInfo>
<ball>
<mIsPeg>true</mIsPeg>
<mCollidesWithOtherBalls>true</mCollidesWithOtherBalls>
<mx>325.000000</mx>
<my>320.000000</my>
<mRadius>10.000000</mRadius>
</ball>
</ent>
<ent>
<class>5</class>
<mCollidable>true</mCollidable>
<mMoving>true</mMoving>
<pegInfo>
<mVariable>true</mVariable>
<mCrumbleCounter>1</mCrumbleCounter>
</pegInfo>
<ball>
<mIsPeg>true</mIsPeg>
<mCollidesWithOtherBalls>true</mCollidesWithOtherBalls>
<mx>365.000000</mx>
<my>275.000000</my>
<mRadius>10.000000</mRadius>
</ball>
</ent>
<ent>
<class>5</class>
<mCollidable>true</mCollidable>
<mMoving>true</mMoving>
<pegInfo>
<mVariable>true</mVariable>
<mCrumbleCounter>3</mCrumbleCounter>
</pegInfo>
<ball>
<mIsPeg>true</mIsPeg>
<mCollidesWithOtherBalls>true</mCollidesWithOtherBalls>
<mx>285.000000</mx>
<my>275.000000</my>
<mRadius>10.000000</mRadius>
</ball>
</ent>
<ent>
<class>5</class>
<mCollidable>true</mCollidable>
<mMoving>true</mMoving>
<pegInfo>
<mVariable>true</mVariable>
<mCrumbleCounter>2</mCrumbleCounter>
</pegInfo>
<ball>
<mIsPeg>true</mIsPeg>
<mCollidesWithOtherBalls>true</mCollidesWithOtherBalls>
<mx>305.000000</mx>
<my>240.000000</my>
<mRadius>10.000000</mRadius>
</ball>
</ent>
<ent>
<class>5</class>
<mCollidable>true</mCollidable>
<mMoving>true</mMoving>
<pegInfo>
<mVariable>true</mVariable>
<mCrumbleCounter>1</mCrumbleCounter>
</pegInfo>
<ball>
<mIsPeg>true</mIsPeg>
<mCollidesWithOtherBalls>true</mCollidesWithOtherBalls>
<mx>345.000000</mx>
<my>240.000000</my>
<mRadius>10.000000</mRadius>
</ball>
</ent>
<ent>
<class>6</class>
<mCollidable>true</mCollidable>
<mMoving>true</mMoving>
<mImageDX>0.951507</mImageDX>
<mImageDY>-0.000001</mImageDY>
<pegInfo>
<mVariable>true</mVariable>
</pegInfo>
<poly>
<mAllowFlash>true</mAllowFlash>
<mx>288.869812</mx>
<my>420.009003</my>
</poly>
<brick>
<mLeftAnchored>true</mLeftAnchored>
<mRightAnchored>true</mRightAnchored>
<mBrickTextureFlip>true</mBrickTextureFlip>
<mBrickNumSubdiv>3</mBrickNumSubdiv>
<mBrickAngle>45.000000</mBrickAngle>
<mBrickThickness>20.000139</mBrickThickness>
<mBrickRadius>25.000000</mBrickRadius>
<mBrickRotation>179.999985</mBrickRotation>
<corners>
<point>4</point>
<point>5</point>
<point>0</point>
<point>9</point>
</corners>
</brick>
</ent>
<ent>
<class>6</class>
<mCollidable>true</mCollidable>
<mMoving>true</mMoving>
<mImageDX>-0.822107</mImageDX>
<mImageDY>-0.822110</mImageDY>
<pegInfo>
<mVariable>true</mVariable>
</pegInfo>
<poly>
<mAllowFlash>true</mAllowFlash>
<mx>299.121094</mx>
<my>395.260223</my>
</poly>
<brick>
<mLeftAnchored>true</mLeftAnchored>
<mRightAnchored>true</mRightAnchored>
<mBrickTextureFlip>true</mBrickTextureFlip>
<mBrickNumSubdiv>3</mBrickNumSubdiv>
<mBrickAngle>45.000000</mBrickAngle>
<mBrickThickness>20.000139</mBrickThickness>
<mBrickRadius>25.000000</mBrickRadius>
<mBrickRotation>135.000000</mBrickRotation>
<corners>
<point>4</point>
<point>5</point>
<point>0</point>
<point>9</point>
</corners>
</brick>
</ent>
<ent>
<class>6</class>
<mCollidable>true</mCollidable>
<mMoving>true</mMoving>
<mImageDX>0.000001</mImageDX>
<mImageDY>0.951507</mImageDY>
<pegInfo>
<mVariable>true</mVariable>
</pegInfo>
<poly>
<mAllowFlash>true</mAllowFlash>
<mx>323.869873</mx>
<my>385.008942</my>
</poly>
<brick>
<mLeftAnchored>true</mLeftAnchored>
<mRightAnchored>true</mRightAnchored>
<mBrickTextureFlip>true</mBrickTextureFlip>
<mBrickNumSubdiv>3</mBrickNumSubdiv>
<mBrickAngle>45.000000</mBrickAngle>
<mBrickThickness>20.000139</mBrickThickness>
<mBrickRadius>25.000000</mBrickRadius>
<mBrickRotation>89.999985</mBrickRotation>
<corners>
<point>4</point>
<point>5</point>
<point>0</point>
<point>9</point>
</corners>
</brick>
</ent>
<ent>
<class>6</class>
<mCollidable>true</mCollidable>
<mMoving>true</mMoving>
<mImageDX>0.822106</mImageDX>
<mImageDY>-0.822118</mImageDY>
<pegInfo>
<mVariable>true</mVariable>
</pegInfo>
<poly>
<mAllowFlash>true</mAllowFlash>
<mx>348.618652</mx>
<my>395.260223</my>
</poly>
<brick>
<mLeftAnchored>true</mLeftAnchored>
<mRightAnchored>true</mRightAnchored>
<mBrickTextureFlip>true</mBrickTextureFlip>
<mBrickNumSubdiv>3</mBrickNumSubdiv>
<mBrickAngle>45.000000</mBrickAngle>
<mBrickThickness>20.000153</mBrickThickness>
<mBrickRadius>25.000000</mBrickRadius>
<mBrickRotation>44.999939</mBrickRotation>
<corners>
<point>4</point>
<point>5</point>
<point>0</point>
<point>9</point>
</corners>
</brick>
</ent>
<ent>
<class>6</class>
<mCollidable>true</mCollidable>
<mMoving>true</mMoving>
<mImageDX>-0.951509</mImageDX>
<mImageDY>0.000006</mImageDY>
<pegInfo>
<mVariable>true</mVariable>
</pegInfo>
<poly>
<mAllowFlash>true</mAllowFlash>
<mx>358.869904</mx>
<my>420.009033</my>
</poly>
<brick>
<mLeftAnchored>true</mLeftAnchored>
<mRightAnchored>true</mRightAnchored>
<mBrickTextureFlip>true</mBrickTextureFlip>
<mBrickNumSubdiv>3</mBrickNumSubdiv>
<mBrickAngle>45.000000</mBrickAngle>
<mBrickThickness>20.000168</mBrickThickness>
<mBrickRadius>25.000000</mBrickRadius>
<mBrickRotation>-0.000048</mBrickRotation>
<corners>
<point>4</point>
<point>5</point>
<point>0</point>
<point>9</point>
</corners>
</brick>
</ent>
<ent>
<class>6</class>
<mCollidable>true</mCollidable>
<mMoving>true</mMoving>
<mImageDX>0.951510</mImageDX>
<mImageDY>0.000002</mImageDY>
<pegInfo>
<mVariable>true</mVariable>
</pegInfo>
<poly>
<mAllowFlash>true</mAllowFlash>
<mx>353.541443</mx>
<my>446.796936</my>
</poly>
<brick>
<mLeftAnchored>true</mLeftAnchored>
<mRightAnchored>true</mRightAnchored>
<mBrickNumSubdiv>3</mBrickNumSubdiv>
<mBrickAngle>45.000000</mBrickAngle>
<mBrickThickness>20.000179</mBrickThickness>
<mBrickRadius>25.000000</mBrickRadius>
<mBrickRotation>179.999969</mBrickRotation>
<corners>
<point>4</point>
<point>5</point>
<point>0</point>
<point>9</point>
</corners>
</brick>
</ent>
<ent>
<class>6</class>
<mCollidable>true</mCollidable>
<mMoving>true</mMoving>
<mImageDX>-0.822105</mImageDX>
<mImageDY>0.822120</mImageDY>
<pegInfo>
<mVariable>true</mVariable>
</pegInfo>
<poly>
<mAllowFlash>true</mAllowFlash>
<mx>363.792725</mx>
<my>471.545746</my>
</poly>
<brick>
<mLeftAnchored>true</mLeftAnchored>
<mRightAnchored>true</mRightAnchored>
<mBrickNumSubdiv>3</mBrickNumSubdiv>
<mBrickAngle>45.000000</mBrickAngle>
<mBrickThickness>20.000168</mBrickThickness>
<mBrickRadius>25.000000</mBrickRadius>
<mBrickRotation>-135.000046</mBrickRotation>
<corners>
<point>4</point>
<point>5</point>
<point>0</point>
<point>9</point>
</corners>
</brick>
</ent>
<ent>
<class>6</class>
<mCollidable>true</mCollidable>
<mMoving>true</mMoving>
<mImageDX>0.822111</mImageDX>
<mImageDY>0.822117</mImageDY>
<pegInfo>
<mVariable>true</mVariable>
</pegInfo>
<poly>
<mAllowFlash>true</mAllowFlash>
<mx>413.290283</mx>
<my>471.545746</my>
</poly>
<brick>
<mLeftAnchored>true</mLeftAnchored>
<mRightAnchored>true</mRightAnchored>
<mBrickNumSubdiv>3</mBrickNumSubdiv>
<mBrickAngle>45.000000</mBrickAngle>
<mBrickThickness>20.000179</mBrickThickness>
<mBrickRadius>25.000000</mBrickRadius>
<mBrickRotation>-44.999969</mBrickRotation>
<corners>
<point>4</point>
<point>5</point>
<point>0</point>
<point>9</point>
</corners>
</brick>
</ent>
<ent>
<class>6</class>
<mCollidable>true</mCollidable>
<mMoving>true</mMoving>
<mImageDX>-0.822105</mImageDX>
<mImageDY>-0.822120</mImageDY>
<pegInfo>
<mVariable>true</mVariable>
</pegInfo>
<poly>
<mAllowFlash>true</mAllowFlash>
<mx>428.464386</mx>
<my>448.836060</my>
</poly>
<brick>
<mLeftAnchored>true</mLeftAnchored>
<mRightAnchored>true</mRightAnchored>
<mBrickTextureFlip>true</mBrickTextureFlip>
<mBrickNumSubdiv>3</mBrickNumSubdiv>
<mBrickAngle>45.000000</mBrickAngle>
<mBrickThickness>20.000168</mBrickThickness>
<mBrickRadius>25.000000</mBrickRadius>
<mBrickRotation>135.000046</mBrickRotation>
<corners>
<point>4</point>
<point>5</point>
<point>0</point>
<point>9</point>
</corners>
</brick>
</ent>
<ent>
<class>6</class>
<mCollidable>true</mCollidable>
<mMoving>true</mMoving>
<mImageDX>-0.000007</mImageDX>
<mImageDY>0.951509</mImageDY>
<pegInfo>
<mVariable>true</mVariable>
</pegInfo>
<poly>
<mAllowFlash>true</mAllowFlash>
<mx>453.213196</mx>
<my>438.584747</my>
</poly>
<brick>
<mLeftAnchored>true</mLeftAnchored>
<mRightAnchored>true</mRightAnchored>
<mBrickTextureFlip>true</mBrickTextureFlip>
<mBrickNumSubdiv>3</mBrickNumSubdiv>
<mBrickAngle>45.000000</mBrickAngle>
<mBrickThickness>20.000179</mBrickThickness>
<mBrickRadius>25.000000</mBrickRadius>
<mBrickRotation>90.000023</mBrickRotation>
<corners>
<point>4</point>
<point>5</point>
<point>0</point>
<point>9</point>
</corners>
</brick>
</ent>
<ent>
<class>6</class>
<mCollidable>true</mCollidable>
<mMoving>true</mMoving>
<mImageDX>0.822117</mImageDX>
<mImageDY>-0.822117</mImageDY>
<pegInfo>
<mVariable>true</mVariable>
</pegInfo>
<poly>
<mAllowFlash>true</mAllowFlash>
<mx>477.962006</mx>
<my>448.836029</my>
</poly>
<brick>
<mLeftAnchored>true</mLeftAnchored>
<mRightAnchored>true</mRightAnchored>
<mBrickTextureFlip>true</mBrickTextureFlip>
<mBrickNumSubdiv>3</mBrickNumSubdiv>
<mBrickAngle>45.000000</mBrickAngle>
<mBrickThickness>20.000208</mBrickThickness>
<mBrickRadius>25.000000</mBrickRadius>
<mBrickRotation>45.000000</mBrickRotation>
<corners>
<point>4</point>
<point>5</point>
<point>0</point>
<point>9</point>
</corners>
</brick>
</ent>
<ent>
<class>6</class>
<mCollidable>true</mCollidable>
<mMoving>true</mMoving>
<mImageDX>-0.822121</mImageDX>
<mImageDY>0.822116</mImageDY>
<pegInfo>
<mVariable>true</mVariable>
</pegInfo>
<poly>
<mAllowFlash>true</mAllowFlash>
<mx>493.136139</mx>
<my>471.545715</my>
</poly>
<brick>
<mLeftAnchored>true</mLeftAnchored>
<mRightAnchored>true</mRightAnchored>
<mBrickNumSubdiv>3</mBrickNumSubdiv>
<mBrickAngle>45.000000</mBrickAngle>
<mBrickThickness>20.000208</mBrickThickness>
<mBrickRadius>25.000000</mBrickRadius>
<mBrickRotation>225.000000</mBrickRotation>
<corners>
<point>4</point>
<point>5</point>
<point>0</point>
<point>9</point>
</corners>
</brick>
</ent>
<ent>
<class>6</class>
<mCollidable>true</mCollidable>
<mMoving>true</mMoving>
<mImageDX>-0.000009</mImageDX>
<mImageDY>-0.951512</mImageDY>
<pegInfo>
<mVariable>true</mVariable>
<mCrumble>true</mCrumble>
</pegInfo>
<poly>
<mAllowFlash>true</mAllowFlash>
<mx>517.884949</mx>
<my>481.797028</my>
</poly>
<brick>
<mLeftAnchored>true</mLeftAnchored>
<mRightAnchored>true</mRightAnchored>
<mBrickNumSubdiv>3</mBrickNumSubdiv>
<mBrickAngle>45.000000</mBrickAngle>
<mBrickThickness>20.000219</mBrickThickness>
<mBrickRadius>25.000000</mBrickRadius>
<mBrickRotation>-90.000076</mBrickRotation>
<corners>
<point>4</point>
<point>5</point>
<point>0</point>
<point>9</point>
</corners>
</brick>
</ent>
<ent>
<class>6</class>
<mCollidable>true</mCollidable>
<mMoving>true</mMoving>
<mImageDX>0.822122</mImageDX>
<mImageDY>0.822118</mImageDY>
<pegInfo>
<mVariable>true</mVariable>
</pegInfo>
<poly>
<mAllowFlash>true</mAllowFlash>
<mx>542.633789</mx>
<my>471.545776</my>
</poly>
<brick>
<mLeftAnchored>true</mLeftAnchored>
<mRightAnchored>true</mRightAnchored>
<mBrickNumSubdiv>3</mBrickNumSubdiv>
<mBrickAngle>45.000000</mBrickAngle>
<mBrickThickness>20.000237</mBrickThickness>
<mBrickRadius>25.000000</mBrickRadius>
<mBrickRotation>-45.000031</mBrickRotation>
<corners>
<point>4</point>
<point>5</point>
<point>0</point>
<point>9</point>
</corners>
</brick>
</ent>
<ent>
<class>6</class>
<mCollidable>true</mCollidable>
<mMoving>true</mMoving>
<mImageDX>-0.951507</mImageDX>
<mImageDY>0.000002</mImageDY>
<pegInfo>
<mVariable>true</mVariable>
</pegInfo>
<poly>
<mAllowFlash>true</mAllowFlash>
<mx>552.885071</mx>
<my>446.796967</my>
</poly>
<brick>
<mLeftAnchored>true</mLeftAnchored>
<mBrickNumSubdiv>3</mBrickNumSubdiv>
<mBrickAngle>45.000000</mBrickAngle>
<mBrickThickness>20.000277</mBrickThickness>
<mBrickRadius>25.000000</mBrickRadius>
<mBrickRotation>-0.000010</mBrickRotation>
<corners>
<point>4</point>
<point>5</point>
<point>0</point>
<point>9</point>
</corners>
</brick>
</ent>
<ent>
<class>6</class>
<mCollidable>true</mCollidable>
<mMoving>true</mMoving>
<mImageDX>-0.822105</mImageDX>
<mImageDY>0.822110</mImageDY>
<pegInfo>
<mVariable>true</mVariable>
</pegInfo>
<poly>
<mAllowFlash>true</mAllowFlash>
<mx>234.748764</mx>
<my>472.246246</my>
</poly>
<brick>
<mLeftAnchored>true</mLeftAnchored>
<mRightAnchored>true</mRightAnchored>
<mBrickNumSubdiv>3</mBrickNumSubdiv>
<mBrickAngle>45.000000</mBrickAngle>
<mBrickThickness>20.000139</mBrickThickness>
<mBrickRadius>25.000000</mBrickRadius>
<mBrickRotation>-134.999985</mBrickRotation>
<corners>
<point>4</point>
<point>5</point>
<point>0</point>
<point>9</point>
</corners>
</brick>
</ent>
<ent>
<class>6</class>
<mCollidable>true</mCollidable>
<mMoving>true</mMoving>
<mImageDX>0.822109</mImageDX>
<mImageDY>-0.822110</mImageDY>
<pegInfo>
<mVariable>true</mVariable>
</pegInfo>
<poly>
<mAllowFlash>true</mAllowFlash>
<mx>219.574646</mx>
<my>449.536560</my>
</poly>
<brick>
<mLeftAnchored>true</mLeftAnchored>
<mRightAnchored>true</mRightAnchored>
<mBrickTextureFlip>true</mBrickTextureFlip>
<mBrickNumSubdiv>3</mBrickNumSubdiv>
<mBrickAngle>45.000000</mBrickAngle>
<mBrickThickness>20.000126</mBrickThickness>
<mBrickRadius>25.000000</mBrickRadius>
<mBrickRotation>45.000000</mBrickRotation>
<corners>
<point>4</point>
<point>5</point>
<point>0</point>
<point>9</point>
</corners>
</brick>
</ent>
<ent>
<class>6</class>
<mCollidable>true</mCollidable>
<mMoving>true</mMoving>
<mImageDX>-0.000001</mImageDX>
<mImageDY>0.951507</mImageDY>
<pegInfo>
<mVariable>true</mVariable>
</pegInfo>
<poly>
<mAllowFlash>true</mAllowFlash>
<mx>194.825851</mx>
<my>439.285278</my>
</poly>
<brick>
<mLeftAnchored>true</mLeftAnchored>
<mRightAnchored>true</mRightAnchored>
<mBrickTextureFlip>true</mBrickTextureFlip>
<mBrickNumSubdiv>3</mBrickNumSubdiv>
<mBrickAngle>45.000000</mBrickAngle>
<mBrickThickness>20.000139</mBrickThickness>
<mBrickRadius>25.000000</mBrickRadius>
<mBrickRotation>90.000008</mBrickRotation>
<corners>
<point>4</point>
<point>5</point>
<point>0</point>
<point>9</point>
</corners>
</brick>
</ent>
<ent>
<class>6</class>
<mCollidable>true</mCollidable>
<mMoving>true</mMoving>
<mImageDX>-0.822108</mImageDX>
<mImageDY>-0.822114</mImageDY>
<pegInfo>
<mVariable>true</mVariable>
</pegInfo>
<poly>
<mAllowFlash>true</mAllowFlash>
<mx>170.077072</mx>
<my>449.536560</my>
</poly>
<brick>
<mLeftAnchored>true</mLeftAnchored>
<mRightAnchored>true</mRightAnchored>
<mBrickTextureFlip>true</mBrickTextureFlip>
<mBrickNumSubdiv>3</mBrickNumSubdiv>
<mBrickAngle>45.000000</mBrickAngle>
<mBrickThickness>20.000145</mBrickThickness>
<mBrickRadius>25.000000</mBrickRadius>
<mBrickRotation>135.000031</mBrickRotation>
<corners>
<point>4</point>
<point>5</point>
<point>0</point>
<point>9</point>
</corners>
</brick>
</ent>
<ent>
<class>6</class>
<mCollidable>true</mCollidable>
<mMoving>true</mMoving>
<mImageDX>0.822108</mImageDX>
<mImageDY>0.822112</mImageDY>
<pegInfo>
<mVariable>true</mVariable>
</pegInfo>
<poly>
<mAllowFlash>true</mAllowFlash>
<mx>154.902954</mx>
<my>472.246246</my>
</poly>
<brick>
<mLeftAnchored>true</mLeftAnchored>
<mRightAnchored>true</mRightAnchored>
<mBrickNumSubdiv>3</mBrickNumSubdiv>
<mBrickAngle>45.000000</mBrickAngle>
<mBrickThickness>20.000139</mBrickThickness>
<mBrickRadius>25.000000</mBrickRadius>
<mBrickRotation>315.000000</mBrickRotation>
<corners>
<point>4</point>
<point>5</point>
<point>0</point>
<point>9</point>
</corners>
</brick>
</ent>
<ent>
<class>6</class>
<mCollidable>true</mCollidable>
<mMoving>true</mMoving>
<mImageDX>-0.822105</mImageDX>
<mImageDY>0.822110</mImageDY>
<pegInfo>
<mVariable>true</mVariable>
</pegInfo>
<poly>
<mAllowFlash>true</mAllowFlash>
<mx>105.405365</mx>
<my>472.246246</my>
</poly>
<brick>
<mLeftAnchored>true</mLeftAnchored>
<mRightAnchored>true</mRightAnchored>
<mBrickNumSubdiv>3</mBrickNumSubdiv>
<mBrickAngle>45.000000</mBrickAngle>
<mBrickThickness>20.000139</mBrickThickness>
<mBrickRadius>25.000000</mBrickRadius>
<mBrickRotation>-134.999985</mBrickRotation>
<corners>
<point>4</point>
<point>5</point>
<point>0</point>
<point>9</point>
</corners>
</brick>
</ent>
<ent>
<class>6</class>
<mCollidable>true</mCollidable>
<mMoving>true</mMoving>
<mImageDX>0.951509</mImageDX>
<pegInfo>
<mVariable>true</mVariable>
</pegInfo>
<poly>
<mAllowFlash>true</mAllowFlash>
<mx>95.154083</mx>
<my>447.497467</my>
</poly>
<brick>
<mRightAnchored>true</mRightAnchored>
<mBrickNumSubdiv>3</mBrickNumSubdiv>
<mBrickAngle>45.000000</mBrickAngle>
<mBrickThickness>20.000134</mBrickThickness>
<mBrickRadius>25.000000</mBrickRadius>
<mBrickRotation>-180.000000</mBrickRotation>
<corners>
<point>4</point>
<point>5</point>
<point>0</point>
<point>9</point>
</corners>
</brick>
</ent>
<ent>
<class>6</class>
<mCollidable>true</mCollidable>
<mMoving>true</mMoving>
<mImageDX>0.822115</mImageDX>
<mImageDY>0.822106</mImageDY>
<pegInfo>
<mVariable>true</mVariable>
</pegInfo>
<poly>
<mAllowFlash>true</mAllowFlash>
<mx>283.946960</mx>
<my>471.545685</my>
</poly>
<brick>
<mLeftAnchored>true</mLeftAnchored>
<mRightAnchored>true</mRightAnchored>
<mBrickNumSubdiv>3</mBrickNumSubdiv>
<mBrickAngle>45.000000</mBrickAngle>
<mBrickThickness>20.000153</mBrickThickness>
<mBrickRadius>25.000000</mBrickRadius>
<mBrickRotation>-45.000065</mBrickRotation>
<corners>
<point>4</point>
<point>5</point>
<point>0</point>
<point>9</point>
</corners>
</brick>
</ent>
<ent>
<class>6</class>
<mCollidable>true</mCollidable>
<mMoving>true</mMoving>
<mImageDX>-0.000015</mImageDX>
<mImageDY>-0.951515</mImageDY>
<pegInfo>
<mVariable>true</mVariable>
<mCrumble>true</mCrumble>
</pegInfo>
<poly>
<mAllowFlash>true</mAllowFlash>
<mx>259.198151</mx>
<my>481.796936</my>
</poly>
<brick>
<mRightAnchored>true</mRightAnchored>
<mBrickNumSubdiv>3</mBrickNumSubdiv>
<mBrickAngle>45.000000</mBrickAngle>
<mBrickThickness>20.000156</mBrickThickness>
<mBrickRadius>25.000000</mBrickRadius>
<mBrickRotation>-90.000130</mBrickRotation>
<corners>
<point>4</point>
<point>5</point>
<point>0</point>
<point>9</point>
</corners>
</brick>
</ent>
<ent>
<class>6</class>
<mCollidable>true</mCollidable>
<mMoving>true</mMoving>
<mImageDX>0.000001</mImageDX>
<mImageDY>-0.951507</mImageDY>
<pegInfo>
<mVariable>true</mVariable>
<mCrumble>true</mCrumble>
</pegInfo>
<poly>
<mAllowFlash>true</mAllowFlash>
<mx>130.154160</mx>
<my>482.497528</my>
</poly>
<brick>
<mLeftAnchored>true</mLeftAnchored>
<mBrickNumSubdiv>3</mBrickNumSubdiv>
<mBrickAngle>45.000000</mBrickAngle>
<mBrickThickness>20.000139</mBrickThickness>
<mBrickRadius>25.000000</mBrickRadius>
<mBrickRotation>-89.999985</mBrickRotation>
<corners>
<point>4</point>
<point>5</point>
<point>0</point>
<point>9</point>
</corners>
</brick>
</ent>
<ent>
<class>6</class>
<mCollidable>true</mCollidable>
<mMoving>true</mMoving>
<mImageDX>-0.000007</mImageDX>
<mImageDY>-0.951509</mImageDY>
<pegInfo>
<mVariable>true</mVariable>
<mCrumble>true</mCrumble>
</pegInfo>
<poly>
<mAllowFlash>true</mAllowFlash>
<mx>388.541504</mx>
<my>481.797058</my>
</poly>
<brick>
<mLeftAnchored>true</mLeftAnchored>
<mBrickNumSubdiv>3</mBrickNumSubdiv>
<mBrickAngle>45.000000</mBrickAngle>
<mBrickThickness>20.000179</mBrickThickness>
<mBrickRadius>25.000000</mBrickRadius>
<mBrickRotation>-90.000023</mBrickRotation>
<corners>
<point>4</point>
<point>5</point>
<point>0</point>
<point>9</point>
</corners>
</brick>
</ent>
</level>
