<level name="levels/export66/level10web.dat.xml">
<version>66</version>
<isLevel>true</isLevel>
<ent>
<class>6</class>
<mCollidable>true</mCollidable>
<mMoving>true</mMoving>
<mImageDX>-0.000002</mImageDX>
<mImageDY>-0.454032</mImageDY>
<pegInfo>
<mVariable>true</mVariable>
</pegInfo>
<mover>
<mMoveType>13</mMoveType>
<mOrigX>329.000000</mOrigX>
<mOrigY>279.000000</mOrigY>
<mMoveTime>2000</mMoveTime>
<mMoveRadius>75</mMoveRadius>
<mMovePhase>0.250000</mMovePhase>
<mRotation>3.141593</mRotation>
<mRotationAdd>1.570796</mRotationAdd>
<mx>329.000000</mx>
<my>204.000000</my>
</mover>
<poly>
<mAllowFlash>true</mAllowFlash>
<mRad>3.141593</mRad>
</poly>
<brick>
<mBrickAngle>30.000000</mBrickAngle>
<mBrickRadius>30.000000</mBrickRadius>
<mBrickRotation>-90.000000</mBrickRotation>
<corners>
<point>3</point>
<point>4</point>
<point>0</point>
<point>7</point>
</corners>
</brick>
</ent>
<ent>
<class>6</class>
<mCollidable>true</mCollidable>
<mMoving>true</mMoving>
<mImageDX>1.636061</mImageDX>
<mImageDY>0.245552</mImageDY>
<pegInfo>
<mVariable>true</mVariable>
</pegInfo>
<mover>
<mMoveType>13</mMoveType>
<mOrigX>329.000000</mOrigX>
<mOrigY>279.000000</mOrigY>
<mMoveTime>2000</mMoveTime>
<mMoveRadius>75</mMoveRadius>
<mMovePhase>0.166667</mMovePhase>
<mRotation>2.093348</mRotation>
<mRotationAdd>1.047198</mRotationAdd>
<mx>366.567993</mx>
<my>214.087402</my>
</mover>
<poly>
<mAllowFlash>true</mAllowFlash>
<mRad>2.093348</mRad>
</poly>
<brick>
<mBrickAngle>30.000000</mBrickAngle>
<mBrickRadius>30.000000</mBrickRadius>
<mBrickRotation>-60.000000</mBrickRotation>
<corners>
<point>3</point>
<point>4</point>
<point>0</point>
<point>7</point>
</corners>
</brick>
</ent>
<ent>
<class>6</class>
<mCollidable>true</mCollidable>
<mMoving>true</mMoving>
<mImageDX>0.245550</mImageDX>
<mImageDY>1.636062</mImageDY>
<pegInfo>
<mVariable>true</mVariable>
</pegInfo>
<mover>
<mMoveType>13</mMoveType>
<mOrigX>329.000000</mOrigX>
<mOrigY>279.000000</mOrigY>
<mMoveTime>2000</mMoveTime>
<mMoveRadius>75</mMoveRadius>
<mMovePhase>0.083333</mMovePhase>
<mRotation>1.045103</mRotation>
<mRotationAdd>0.523599</mRotationAdd>
<mx>394.030304</mx>
<my>241.636108</my>
</mover>
<poly>
<mAllowFlash>true</mAllowFlash>
<mRad>1.045103</mRad>
</poly>
<brick>
<mBrickAngle>30.000000</mBrickAngle>
<mBrickRadius>30.000000</mBrickRadius>
<mBrickRotation>-30.000000</mBrickRotation>
<corners>
<point>3</point>
<point>4</point>
<point>0</point>
<point>7</point>
</corners>
</brick>
</ent>
<ent>
<class>6</class>
<mCollidable>true</mCollidable>
<mMoving>true</mMoving>
<mImageDX>-0.454032</mImageDX>
<pegInfo>
<mVariable>true</mVariable>
</pegInfo>
<mover>
<mMoveType>13</mMoveType>
<mOrigX>329.000000</mOrigX>
<mOrigY>279.000000</mOrigY>
<mMoveTime>2000</mMoveTime>
<mMoveRadius>75</mMoveRadius>
<mx>404.000000</mx>
<my>279.000000</my>
</mover>
<poly>
<mAllowFlash>true</mAllowFlash>
</poly>
<brick>
<mBrickAngle>30.000000</mBrickAngle>
<mBrickRadius>30.000000</mBrickRadius>
<mBrickRotation>0.000000</mBrickRotation>
<corners>
<point>3</point>
<point>4</point>
<point>0</point>
<point>7</point>
</corners>
</brick>
</ent>
<ent>
<class>6</class>
<mCollidable>true</mCollidable>
<mMoving>true</mMoving>
<mImageDX>0.245550</mImageDX>
<mImageDY>-1.636062</mImageDY>
<pegInfo>
<mVariable>true</mVariable>
</pegInfo>
<mover>
<mMoveType>13</mMoveType>
<mOrigX>329.000000</mOrigX>
<mOrigY>279.000000</mOrigY>
<mMoveTime>2000</mMoveTime>
<mMoveRadius>75</mMoveRadius>
<mMovePhase>0.916667</mMovePhase>
<mRotation>5.234941</mRotation>
<mRotationAdd>-0.523599</mRotationAdd>
<mx>393.912598</mx>
<my>316.567993</my>
</mover>
<poly>
<mAllowFlash>true</mAllowFlash>
<mRad>5.234941</mRad>
</poly>
<brick>
<mBrickAngle>30.000000</mBrickAngle>
<mBrickRadius>30.000000</mBrickRadius>
<mBrickRotation>30.000000</mBrickRotation>
<corners>
<point>3</point>
<point>4</point>
<point>0</point>
<point>7</point>
</corners>
</brick>
</ent>
<ent>
<class>6</class>
<mCollidable>true</mCollidable>
<mMoving>true</mMoving>
<mImageDX>1.636061</mImageDX>
<mImageDY>-0.245552</mImageDY>
<pegInfo>
<mVariable>true</mVariable>
</pegInfo>
<mover>
<mMoveType>13</mMoveType>
<mOrigX>329.000000</mOrigX>
<mOrigY>279.000000</mOrigY>
<mMoveTime>2000</mMoveTime>
<mMoveRadius>75</mMoveRadius>
<mMovePhase>0.833333</mMovePhase>
<mRotation>4.186696</mRotation>
<mRotationAdd>-1.047198</mRotationAdd>
<mx>366.363892</mx>
<my>344.030304</my>
</mover>
<poly>
<mAllowFlash>true</mAllowFlash>
<mRad>4.186696</mRad>
</poly>
<brick>
<mBrickAngle>30.000000</mBrickAngle>
<mBrickRadius>30.000000</mBrickRadius>
<mBrickRotation>60.000000</mBrickRotation>
<corners>
<point>3</point>
<point>4</point>
<point>0</point>
<point>7</point>
</corners>
</brick>
</ent>
<ent>
<class>6</class>
<mCollidable>true</mCollidable>
<mMoving>true</mMoving>
<mImageDX>-0.000002</mImageDX>
<mImageDY>0.454032</mImageDY>
<pegInfo>
<mVariable>true</mVariable>
</pegInfo>
<mover>
<mMoveType>13</mMoveType>
<mOrigX>329.000000</mOrigX>
<mOrigY>279.000000</mOrigY>
<mMoveTime>2000</mMoveTime>
<mMoveRadius>75</mMoveRadius>
<mMovePhase>0.750000</mMovePhase>
<mRotation>3.141593</mRotation>
<mRotationAdd>-1.570796</mRotationAdd>
<mx>329.000000</mx>
<my>354.000000</my>
</mover>
<poly>
<mAllowFlash>true</mAllowFlash>
<mRad>3.141593</mRad>
</poly>
<brick>
<mBrickAngle>30.000000</mBrickAngle>
<mBrickRadius>30.000000</mBrickRadius>
<mBrickRotation>90.000000</mBrickRotation>
<corners>
<point>3</point>
<point>4</point>
<point>0</point>
<point>7</point>
</corners>
</brick>
</ent>
<ent>
<class>6</class>
<mCollidable>true</mCollidable>
<mMoving>true</mMoving>
<mImageDX>-1.636060</mImageDX>
<mImageDY>-0.245554</mImageDY>
<pegInfo>
<mVariable>true</mVariable>
</pegInfo>
<mover>
<mMoveType>13</mMoveType>
<mOrigX>329.000000</mOrigX>
<mOrigY>279.000000</mOrigY>
<mMoveTime>2000</mMoveTime>
<mMoveRadius>75</mMoveRadius>
<mMovePhase>0.666667</mMovePhase>
<mRotation>2.093348</mRotation>
<mRotationAdd>-2.094395</mRotationAdd>
<mx>291.432007</mx>
<my>343.912598</my>
</mover>
<poly>
<mAllowFlash>true</mAllowFlash>
<mRad>2.093348</mRad>
</poly>
<brick>
<mBrickAngle>30.000000</mBrickAngle>
<mBrickRadius>30.000000</mBrickRadius>
<mBrickRotation>120.000000</mBrickRotation>
<corners>
<point>3</point>
<point>4</point>
<point>0</point>
<point>7</point>
</corners>
</brick>
</ent>
<ent>
<class>6</class>
<mCollidable>true</mCollidable>
<mMoving>true</mMoving>
<mImageDX>-0.245552</mImageDX>
<mImageDY>-1.636057</mImageDY>
<pegInfo>
<mVariable>true</mVariable>
</pegInfo>
<mover>
<mMoveType>13</mMoveType>
<mOrigX>329.000000</mOrigX>
<mOrigY>279.000000</mOrigY>
<mMoveTime>2000</mMoveTime>
<mMoveRadius>75</mMoveRadius>
<mMovePhase>0.583333</mMovePhase>
<mRotation>1.045103</mRotation>
<mRotationAdd>-2.617994</mRotationAdd>
<mx>263.969696</mx>
<my>316.363892</my>
</mover>
<poly>
<mAllowFlash>true</mAllowFlash>
<mRad>1.045103</mRad>
</poly>
<brick>
<mBrickAngle>30.000000</mBrickAngle>
<mBrickRadius>30.000000</mBrickRadius>
<mBrickRotation>150.000000</mBrickRotation>
<corners>
<point>3</point>
<point>4</point>
<point>0</point>
<point>7</point>
</corners>
</brick>
</ent>
<ent>
<class>6</class>
<mCollidable>true</mCollidable>
<mMoving>true</mMoving>
<mImageDX>0.454033</mImageDX>
<mImageDY>0.000003</mImageDY>
<pegInfo>
<mVariable>true</mVariable>
</pegInfo>
<mover>
<mMoveType>13</mMoveType>
<mOrigX>329.000000</mOrigX>
<mOrigY>279.000000</mOrigY>
<mMoveTime>2000</mMoveTime>
<mMoveRadius>75</mMoveRadius>
<mMovePhase>0.500000</mMovePhase>
<mRotationAdd>-3.141593</mRotationAdd>
<mx>254.000000</mx>
<my>279.000000</my>
</mover>
<poly>
<mAllowFlash>true</mAllowFlash>
</poly>
<brick>
<mBrickAngle>30.000000</mBrickAngle>
<mBrickRadius>30.000000</mBrickRadius>
<mBrickRotation>180.000000</mBrickRotation>
<corners>
<point>3</point>
<point>4</point>
<point>0</point>
<point>7</point>
</corners>
</brick>
</ent>
<ent>
<class>6</class>
<mCollidable>true</mCollidable>
<mMoving>true</mMoving>
<mImageDX>-0.245549</mImageDX>
<mImageDY>1.636065</mImageDY>
<pegInfo>
<mVariable>true</mVariable>
</pegInfo>
<mover>
<mMoveType>13</mMoveType>
<mOrigX>329.000000</mOrigX>
<mOrigY>279.000000</mOrigY>
<mMoveTime>2000</mMoveTime>
<mMoveRadius>75</mMoveRadius>
<mMovePhase>0.416667</mMovePhase>
<mRotation>-1.048245</mRotation>
<mRotationAdd>-3.665191</mRotationAdd>
<mx>264.087402</mx>
<my>241.432007</my>
</mover>
<poly>
<mAllowFlash>true</mAllowFlash>
<mRad>-1.048245</mRad>
</poly>
<brick>
<mBrickAngle>30.000000</mBrickAngle>
<mBrickRadius>30.000000</mBrickRadius>
<mBrickRotation>210.000000</mBrickRotation>
<corners>
<point>3</point>
<point>4</point>
<point>0</point>
<point>7</point>
</corners>
</brick>
</ent>
<ent>
<class>6</class>
<mCollidable>true</mCollidable>
<mMoving>true</mMoving>
<mImageDX>-1.636055</mImageDX>
<mImageDY>0.245555</mImageDY>
<pegInfo>
<mVariable>true</mVariable>
</pegInfo>
<mover>
<mMoveType>13</mMoveType>
<mOrigX>329.000000</mOrigX>
<mOrigY>279.000000</mOrigY>
<mMoveTime>2000</mMoveTime>
<mMoveRadius>75</mMoveRadius>
<mMovePhase>0.333333</mMovePhase>
<mRotation>-2.096489</mRotation>
<mRotationAdd>-4.188790</mRotationAdd>
<mx>291.636108</mx>
<my>213.969696</my>
</mover>
<poly>
<mAllowFlash>true</mAllowFlash>
<mRad>-2.096489</mRad>
</poly>
<brick>
<mBrickAngle>30.000000</mBrickAngle>
<mBrickRadius>30.000000</mBrickRadius>
<mBrickRotation>240.000000</mBrickRotation>
<corners>
<point>3</point>
<point>4</point>
<point>0</point>
<point>7</point>
</corners>
</brick>
</ent>
<ent>
<class>5</class>
<mCollidable>true</mCollidable>
<mMoving>true</mMoving>
<ball>
<mIsPeg>true</mIsPeg>
<mCollidesWithOtherBalls>true</mCollidesWithOtherBalls>
<mx>329.000000</mx>
<my>280.000000</my>
<mRadius>30.000000</mRadius>
</ball>
</ent>
<ent>
<class>6</class>
<mCollidable>true</mCollidable>
<mMoving>true</mMoving>
<mImageDX>-0.000002</mImageDX>
<mImageDY>-0.454032</mImageDY>
<pegInfo>
<mVariable>true</mVariable>
</pegInfo>
<mover>
<mMoveType>13</mMoveType>
<mOrigX>109.000000</mOrigX>
<mOrigY>379.000000</mOrigY>
<mMoveTime>2000</mMoveTime>
<mMoveRadius>75</mMoveRadius>
<mMovePhase>0.250000</mMovePhase>
<mRotation>3.141593</mRotation>
<mRotationAdd>1.570796</mRotationAdd>
<mx>109.000000</mx>
<my>304.000000</my>
</mover>
<poly>
<mAllowFlash>true</mAllowFlash>
<mRad>3.141593</mRad>
</poly>
<brick>
<mBrickAngle>30.000000</mBrickAngle>
<mBrickRadius>30.000000</mBrickRadius>
<mBrickRotation>-90.000000</mBrickRotation>
<corners>
<point>3</point>
<point>4</point>
<point>0</point>
<point>7</point>
</corners>
</brick>
</ent>
<ent>
<class>6</class>
<mCollidable>true</mCollidable>
<mMoving>true</mMoving>
<mImageDX>1.636061</mImageDX>
<mImageDY>0.245552</mImageDY>
<pegInfo>
<mVariable>true</mVariable>
</pegInfo>
<mover>
<mMoveType>13</mMoveType>
<mOrigX>109.000000</mOrigX>
<mOrigY>379.000000</mOrigY>
<mMoveTime>2000</mMoveTime>
<mMoveRadius>75</mMoveRadius>
<mMovePhase>0.166667</mMovePhase>
<mRotation>2.093348</mRotation>
<mRotationAdd>1.047198</mRotationAdd>
<mx>146.567993</mx>
<my>314.087402</my>
</mover>
<poly>
<mAllowFlash>true</mAllowFlash>
<mRad>2.093348</mRad>
</poly>
<brick>
<mBrickAngle>30.000000</mBrickAngle>
<mBrickRadius>30.000000</mBrickRadius>
<mBrickRotation>-60.000000</mBrickRotation>
<corners>
<point>3</point>
<point>4</point>
<point>0</point>
<point>7</point>
</corners>
</brick>
</ent>
<ent>
<class>6</class>
<mCollidable>true</mCollidable>
<mMoving>true</mMoving>
<mImageDX>0.245550</mImageDX>
<mImageDY>1.636062</mImageDY>
<pegInfo>
<mVariable>true</mVariable>
</pegInfo>
<mover>
<mMoveType>13</mMoveType>
<mOrigX>109.000000</mOrigX>
<mOrigY>379.000000</mOrigY>
<mMoveTime>2000</mMoveTime>
<mMoveRadius>75</mMoveRadius>
<mMovePhase>0.083333</mMovePhase>
<mRotation>1.045103</mRotation>
<mRotationAdd>0.523599</mRotationAdd>
<mx>174.030304</mx>
<my>341.636108</my>
</mover>
<poly>
<mAllowFlash>true</mAllowFlash>
<mRad>1.045103</mRad>
</poly>
<brick>
<mBrickAngle>30.000000</mBrickAngle>
<mBrickRadius>30.000000</mBrickRadius>
<mBrickRotation>-30.000000</mBrickRotation>
<corners>
<point>3</point>
<point>4</point>
<point>0</point>
<point>7</point>
</corners>
</brick>
</ent>
<ent>
<class>6</class>
<mCollidable>true</mCollidable>
<mMoving>true</mMoving>
<mImageDX>-0.454032</mImageDX>
<pegInfo>
<mVariable>true</mVariable>
</pegInfo>
<mover>
<mMoveType>13</mMoveType>
<mOrigX>109.000000</mOrigX>
<mOrigY>379.000000</mOrigY>
<mMoveTime>2000</mMoveTime>
<mMoveRadius>75</mMoveRadius>
<mx>184.000000</mx>
<my>379.000000</my>
</mover>
<poly>
<mAllowFlash>true</mAllowFlash>
</poly>
<brick>
<mBrickAngle>30.000000</mBrickAngle>
<mBrickRadius>30.000000</mBrickRadius>
<mBrickRotation>0.000000</mBrickRotation>
<corners>
<point>3</point>
<point>4</point>
<point>0</point>
<point>7</point>
</corners>
</brick>
</ent>
<ent>
<class>6</class>
<mCollidable>true</mCollidable>
<mMoving>true</mMoving>
<mImageDX>0.245550</mImageDX>
<mImageDY>-1.636062</mImageDY>
<pegInfo>
<mVariable>true</mVariable>
</pegInfo>
<mover>
<mMoveType>13</mMoveType>
<mOrigX>109.000000</mOrigX>
<mOrigY>379.000000</mOrigY>
<mMoveTime>2000</mMoveTime>
<mMoveRadius>75</mMoveRadius>
<mMovePhase>0.916667</mMovePhase>
<mRotation>5.234941</mRotation>
<mRotationAdd>-0.523599</mRotationAdd>
<mx>173.912598</mx>
<my>416.567993</my>
</mover>
<poly>
<mAllowFlash>true</mAllowFlash>
<mRad>5.234941</mRad>
</poly>
<brick>
<mBrickAngle>30.000000</mBrickAngle>
<mBrickRadius>30.000000</mBrickRadius>
<mBrickRotation>30.000000</mBrickRotation>
<corners>
<point>3</point>
<point>4</point>
<point>0</point>
<point>7</point>
</corners>
</brick>
</ent>
<ent>
<class>6</class>
<mCollidable>true</mCollidable>
<mMoving>true</mMoving>
<mImageDX>1.636061</mImageDX>
<mImageDY>-0.245552</mImageDY>
<pegInfo>
<mVariable>true</mVariable>
</pegInfo>
<mover>
<mMoveType>13</mMoveType>
<mOrigX>109.000000</mOrigX>
<mOrigY>379.000000</mOrigY>
<mMoveTime>2000</mMoveTime>
<mMoveRadius>75</mMoveRadius>
<mMovePhase>0.833333</mMovePhase>
<mRotation>4.186696</mRotation>
<mRotationAdd>-1.047198</mRotationAdd>
<mx>146.363892</mx>
<my>444.030304</my>
</mover>
<poly>
<mAllowFlash>true</mAllowFlash>
<mRad>4.186696</mRad>
</poly>
<brick>
<mBrickAngle>30.000000</mBrickAngle>
<mBrickRadius>30.000000</mBrickRadius>
<mBrickRotation>60.000000</mBrickRotation>
<corners>
<point>3</point>
<point>4</point>
<point>0</point>
<point>7</point>
</corners>
</brick>
</ent>
<ent>
<class>6</class>
<mCollidable>true</mCollidable>
<mMoving>true</mMoving>
<mImageDX>-0.000002</mImageDX>
<mImageDY>0.454032</mImageDY>
<pegInfo>
<mVariable>true</mVariable>
</pegInfo>
<mover>
<mMoveType>13</mMoveType>
<mOrigX>109.000000</mOrigX>
<mOrigY>379.000000</mOrigY>
<mMoveTime>2000</mMoveTime>
<mMoveRadius>75</mMoveRadius>
<mMovePhase>0.750000</mMovePhase>
<mRotation>3.141593</mRotation>
<mRotationAdd>-1.570796</mRotationAdd>
<mx>109.000000</mx>
<my>454.000000</my>
</mover>
<poly>
<mAllowFlash>true</mAllowFlash>
<mRad>3.141593</mRad>
</poly>
<brick>
<mBrickAngle>30.000000</mBrickAngle>
<mBrickRadius>30.000000</mBrickRadius>
<mBrickRotation>90.000000</mBrickRotation>
<corners>
<point>3</point>
<point>4</point>
<point>0</point>
<point>7</point>
</corners>
</brick>
</ent>
<ent>
<class>6</class>
<mCollidable>true</mCollidable>
<mMoving>true</mMoving>
<mImageDX>-1.636060</mImageDX>
<mImageDY>-0.245554</mImageDY>
<pegInfo>
<mVariable>true</mVariable>
</pegInfo>
<mover>
<mMoveType>13</mMoveType>
<mOrigX>109.000000</mOrigX>
<mOrigY>379.000000</mOrigY>
<mMoveTime>2000</mMoveTime>
<mMoveRadius>75</mMoveRadius>
<mMovePhase>0.666667</mMovePhase>
<mRotation>2.093348</mRotation>
<mRotationAdd>-2.094395</mRotationAdd>
<mx>71.432014</mx>
<my>443.912598</my>
</mover>
<poly>
<mAllowFlash>true</mAllowFlash>
<mRad>2.093348</mRad>
</poly>
<brick>
<mBrickAngle>30.000000</mBrickAngle>
<mBrickRadius>30.000000</mBrickRadius>
<mBrickRotation>120.000000</mBrickRotation>
<corners>
<point>3</point>
<point>4</point>
<point>0</point>
<point>7</point>
</corners>
</brick>
</ent>
<ent>
<class>6</class>
<mCollidable>true</mCollidable>
<mMoving>true</mMoving>
<mImageDX>-0.245552</mImageDX>
<mImageDY>-1.636057</mImageDY>
<pegInfo>
<mVariable>true</mVariable>
</pegInfo>
<mover>
<mMoveType>13</mMoveType>
<mOrigX>109.000000</mOrigX>
<mOrigY>379.000000</mOrigY>
<mMoveTime>2000</mMoveTime>
<mMoveRadius>75</mMoveRadius>
<mMovePhase>0.583333</mMovePhase>
<mRotation>1.045103</mRotation>
<mRotationAdd>-2.617994</mRotationAdd>
<mx>43.969696</mx>
<my>416.363892</my>
</mover>
<poly>
<mAllowFlash>true</mAllowFlash>
<mRad>1.045103</mRad>
</poly>
<brick>
<mBrickAngle>30.000000</mBrickAngle>
<mBrickRadius>30.000000</mBrickRadius>
<mBrickRotation>150.000000</mBrickRotation>
<corners>
<point>3</point>
<point>4</point>
<point>0</point>
<point>7</point>
</corners>
</brick>
</ent>
<ent>
<class>6</class>
<mCollidable>true</mCollidable>
<mMoving>true</mMoving>
<mImageDX>0.454033</mImageDX>
<mImageDY>0.000003</mImageDY>
<pegInfo>
<mVariable>true</mVariable>
</pegInfo>
<mover>
<mMoveType>13</mMoveType>
<mOrigX>109.000000</mOrigX>
<mOrigY>379.000000</mOrigY>
<mMoveTime>2000</mMoveTime>
<mMoveRadius>75</mMoveRadius>
<mMovePhase>0.500000</mMovePhase>
<mRotationAdd>-3.141593</mRotationAdd>
<mx>34.000000</mx>
<my>379.000000</my>
</mover>
<poly>
<mAllowFlash>true</mAllowFlash>
</poly>
<brick>
<mBrickAngle>30.000000</mBrickAngle>
<mBrickRadius>30.000000</mBrickRadius>
<mBrickRotation>180.000000</mBrickRotation>
<corners>
<point>3</point>
<point>4</point>
<point>0</point>
<point>7</point>
</corners>
</brick>
</ent>
<ent>
<class>6</class>
<mCollidable>true</mCollidable>
<mMoving>true</mMoving>
<mImageDX>-0.245549</mImageDX>
<mImageDY>1.636065</mImageDY>
<pegInfo>
<mVariable>true</mVariable>
</pegInfo>
<mover>
<mMoveType>13</mMoveType>
<mOrigX>109.000000</mOrigX>
<mOrigY>379.000000</mOrigY>
<mMoveTime>2000</mMoveTime>
<mMoveRadius>75</mMoveRadius>
<mMovePhase>0.416667</mMovePhase>
<mRotation>-1.048245</mRotation>
<mRotationAdd>-3.665191</mRotationAdd>
<mx>44.087402</mx>
<my>341.432007</my>
</mover>
<poly>
<mAllowFlash>true</mAllowFlash>
<mRad>-1.048245</mRad>
</poly>
<brick>
<mBrickAngle>30.000000</mBrickAngle>
<mBrickRadius>30.000000</mBrickRadius>
<mBrickRotation>210.000000</mBrickRotation>
<corners>
<point>3</point>
<point>4</point>
<point>0</point>
<point>7</point>
</corners>
</brick>
</ent>
<ent>
<class>6</class>
<mCollidable>true</mCollidable>
<mMoving>true</mMoving>
<mImageDX>-1.636055</mImageDX>
<mImageDY>0.245555</mImageDY>
<pegInfo>
<mVariable>true</mVariable>
</pegInfo>
<mover>
<mMoveType>13</mMoveType>
<mOrigX>109.000000</mOrigX>
<mOrigY>379.000000</mOrigY>
<mMoveTime>2000</mMoveTime>
<mMoveRadius>75</mMoveRadius>
<mMovePhase>0.333333</mMovePhase>
<mRotation>-2.096489</mRotation>
<mRotationAdd>-4.188790</mRotationAdd>
<mx>71.636108</mx>
<my>313.969696</my>
</mover>
<poly>
<mAllowFlash>true</mAllowFlash>
<mRad>-2.096489</mRad>
</poly>
<brick>
<mBrickAngle>30.000000</mBrickAngle>
<mBrickRadius>30.000000</mBrickRadius>
<mBrickRotation>240.000000</mBrickRotation>
<corners>
<point>3</point>
<point>4</point>
<point>0</point>
<point>7</point>
</corners>
</brick>
</ent>
<ent>
<class>5</class>
<mCollidable>true</mCollidable>
<mMoving>true</mMoving>
<ball>
<mIsPeg>true</mIsPeg>
<mCollidesWithOtherBalls>true</mCollidesWithOtherBalls>
<mx>109.000000</mx>
<my>380.000000</my>
<mRadius>30.000000</mRadius>
</ball>
</ent>
<ent>
<class>6</class>
<mCollidable>true</mCollidable>
<mMoving>true</mMoving>
<mImageDX>-0.000002</mImageDX>
<mImageDY>-0.454032</mImageDY>
<pegInfo>
<mVariable>true</mVariable>
</pegInfo>
<mover>
<mMoveType>13</mMoveType>
<mOrigX>534.000000</mOrigX>
<mOrigY>375.000000</mOrigY>
<mMoveTime>2000</mMoveTime>
<mMoveRadius>75</mMoveRadius>
<mMovePhase>0.250000</mMovePhase>
<mRotation>3.141593</mRotation>
<mRotationAdd>1.570796</mRotationAdd>
<mx>534.000000</mx>
<my>300.000000</my>
</mover>
<poly>
<mAllowFlash>true</mAllowFlash>
<mRad>3.141593</mRad>
</poly>
<brick>
<mBrickAngle>30.000000</mBrickAngle>
<mBrickRadius>30.000000</mBrickRadius>
<mBrickRotation>-90.000000</mBrickRotation>
<corners>
<point>3</point>
<point>4</point>
<point>0</point>
<point>7</point>
</corners>
</brick>
</ent>
<ent>
<class>6</class>
<mCollidable>true</mCollidable>
<mMoving>true</mMoving>
<mImageDX>1.636061</mImageDX>
<mImageDY>0.245552</mImageDY>
<pegInfo>
<mVariable>true</mVariable>
</pegInfo>
<mover>
<mMoveType>13</mMoveType>
<mOrigX>534.000000</mOrigX>
<mOrigY>375.000000</mOrigY>
<mMoveTime>2000</mMoveTime>
<mMoveRadius>75</mMoveRadius>
<mMovePhase>0.166667</mMovePhase>
<mRotation>2.093348</mRotation>
<mRotationAdd>1.047198</mRotationAdd>
<mx>571.567993</mx>
<my>310.087402</my>
</mover>
<poly>
<mAllowFlash>true</mAllowFlash>
<mRad>2.093348</mRad>
</poly>
<brick>
<mBrickAngle>30.000000</mBrickAngle>
<mBrickRadius>30.000000</mBrickRadius>
<mBrickRotation>-60.000000</mBrickRotation>
<corners>
<point>3</point>
<point>4</point>
<point>0</point>
<point>7</point>
</corners>
</brick>
</ent>
<ent>
<class>6</class>
<mCollidable>true</mCollidable>
<mMoving>true</mMoving>
<mImageDX>0.245550</mImageDX>
<mImageDY>1.636062</mImageDY>
<pegInfo>
<mVariable>true</mVariable>
</pegInfo>
<mover>
<mMoveType>13</mMoveType>
<mOrigX>534.000000</mOrigX>
<mOrigY>375.000000</mOrigY>
<mMoveTime>2000</mMoveTime>
<mMoveRadius>75</mMoveRadius>
<mMovePhase>0.083333</mMovePhase>
<mRotation>1.045103</mRotation>
<mRotationAdd>0.523599</mRotationAdd>
<mx>599.030273</mx>
<my>337.636108</my>
</mover>
<poly>
<mAllowFlash>true</mAllowFlash>
<mRad>1.045103</mRad>
</poly>
<brick>
<mBrickAngle>30.000000</mBrickAngle>
<mBrickRadius>30.000000</mBrickRadius>
<mBrickRotation>-30.000000</mBrickRotation>
<corners>
<point>3</point>
<point>4</point>
<point>0</point>
<point>7</point>
</corners>
</brick>
</ent>
<ent>
<class>6</class>
<mCollidable>true</mCollidable>
<mMoving>true</mMoving>
<mImageDX>-0.454032</mImageDX>
<pegInfo>
<mVariable>true</mVariable>
</pegInfo>
<mover>
<mMoveType>13</mMoveType>
<mOrigX>534.000000</mOrigX>
<mOrigY>375.000000</mOrigY>
<mMoveTime>2000</mMoveTime>
<mMoveRadius>75</mMoveRadius>
<mx>609.000000</mx>
<my>375.000000</my>
</mover>
<poly>
<mAllowFlash>true</mAllowFlash>
</poly>
<brick>
<mBrickAngle>30.000000</mBrickAngle>
<mBrickRadius>30.000000</mBrickRadius>
<mBrickRotation>0.000000</mBrickRotation>
<corners>
<point>3</point>
<point>4</point>
<point>0</point>
<point>7</point>
</corners>
</brick>
</ent>
<ent>
<class>6</class>
<mCollidable>true</mCollidable>
<mMoving>true</mMoving>
<mImageDX>0.245550</mImageDX>
<mImageDY>-1.636062</mImageDY>
<pegInfo>
<mVariable>true</mVariable>
</pegInfo>
<mover>
<mMoveType>13</mMoveType>
<mOrigX>534.000000</mOrigX>
<mOrigY>375.000000</mOrigY>
<mMoveTime>2000</mMoveTime>
<mMoveRadius>75</mMoveRadius>
<mMovePhase>0.916667</mMovePhase>
<mRotation>5.234941</mRotation>
<mRotationAdd>-0.523599</mRotationAdd>
<mx>598.912598</mx>
<my>412.567993</my>
</mover>
<poly>
<mAllowFlash>true</mAllowFlash>
<mRad>5.234941</mRad>
</poly>
<brick>
<mBrickAngle>30.000000</mBrickAngle>
<mBrickRadius>30.000000</mBrickRadius>
<mBrickRotation>30.000000</mBrickRotation>
<corners>
<point>3</point>
<point>4</point>
<point>0</point>
<point>7</point>
</corners>
</brick>
</ent>
<ent>
<class>6</class>
<mCollidable>true</mCollidable>
<mMoving>true</mMoving>
<mImageDX>1.636061</mImageDX>
<mImageDY>-0.245552</mImageDY>
<pegInfo>
<mVariable>true</mVariable>
</pegInfo>
<mover>
<mMoveType>13</mMoveType>
<mOrigX>534.000000</mOrigX>
<mOrigY>375.000000</mOrigY>
<mMoveTime>2000</mMoveTime>
<mMoveRadius>75</mMoveRadius>
<mMovePhase>0.833333</mMovePhase>
<mRotation>4.186696</mRotation>
<mRotationAdd>-1.047198</mRotationAdd>
<mx>571.363892</mx>
<my>440.030304</my>
</mover>
<poly>
<mAllowFlash>true</mAllowFlash>
<mRad>4.186696</mRad>
</poly>
<brick>
<mBrickAngle>30.000000</mBrickAngle>
<mBrickRadius>30.000000</mBrickRadius>
<mBrickRotation>60.000000</mBrickRotation>
<corners>
<point>3</point>
<point>4</point>
<point>0</point>
<point>7</point>
</corners>
</brick>
</ent>
<ent>
<class>6</class>
<mCollidable>true</mCollidable>
<mMoving>true</mMoving>
<mImageDX>-0.000002</mImageDX>
<mImageDY>0.454032</mImageDY>
<pegInfo>
<mVariable>true</mVariable>
</pegInfo>
<mover>
<mMoveType>13</mMoveType>
<mOrigX>534.000000</mOrigX>
<mOrigY>375.000000</mOrigY>
<mMoveTime>2000</mMoveTime>
<mMoveRadius>75</mMoveRadius>
<mMovePhase>0.750000</mMovePhase>
<mRotation>3.141593</mRotation>
<mRotationAdd>-1.570796</mRotationAdd>
<mx>534.000000</mx>
<my>450.000000</my>
</mover>
<poly>
<mAllowFlash>true</mAllowFlash>
<mRad>3.141593</mRad>
</poly>
<brick>
<mBrickAngle>30.000000</mBrickAngle>
<mBrickRadius>30.000000</mBrickRadius>
<mBrickRotation>90.000000</mBrickRotation>
<corners>
<point>3</point>
<point>4</point>
<point>0</point>
<point>7</point>
</corners>
</brick>
</ent>
<ent>
<class>6</class>
<mCollidable>true</mCollidable>
<mMoving>true</mMoving>
<mImageDX>-1.636060</mImageDX>
<mImageDY>-0.245554</mImageDY>
<pegInfo>
<mVariable>true</mVariable>
</pegInfo>
<mover>
<mMoveType>13</mMoveType>
<mOrigX>534.000000</mOrigX>
<mOrigY>375.000000</mOrigY>
<mMoveTime>2000</mMoveTime>
<mMoveRadius>75</mMoveRadius>
<mMovePhase>0.666667</mMovePhase>
<mRotation>2.093348</mRotation>
<mRotationAdd>-2.094395</mRotationAdd>
<mx>496.432007</mx>
<my>439.912598</my>
</mover>
<poly>
<mAllowFlash>true</mAllowFlash>
<mRad>2.093348</mRad>
</poly>
<brick>
<mBrickAngle>30.000000</mBrickAngle>
<mBrickRadius>30.000000</mBrickRadius>
<mBrickRotation>120.000000</mBrickRotation>
<corners>
<point>3</point>
<point>4</point>
<point>0</point>
<point>7</point>
</corners>
</brick>
</ent>
<ent>
<class>6</class>
<mCollidable>true</mCollidable>
<mMoving>true</mMoving>
<mImageDX>-0.245552</mImageDX>
<mImageDY>-1.636057</mImageDY>
<pegInfo>
<mVariable>true</mVariable>
</pegInfo>
<mover>
<mMoveType>13</mMoveType>
<mOrigX>534.000000</mOrigX>
<mOrigY>375.000000</mOrigY>
<mMoveTime>2000</mMoveTime>
<mMoveRadius>75</mMoveRadius>
<mMovePhase>0.583333</mMovePhase>
<mRotation>1.045103</mRotation>
<mRotationAdd>-2.617994</mRotationAdd>
<mx>468.969696</mx>
<my>412.363892</my>
</mover>
<poly>
<mAllowFlash>true</mAllowFlash>
<mRad>1.045103</mRad>
</poly>
<brick>
<mBrickAngle>30.000000</mBrickAngle>
<mBrickRadius>30.000000</mBrickRadius>
<mBrickRotation>150.000000</mBrickRotation>
<corners>
<point>3</point>
<point>4</point>
<point>0</point>
<point>7</point>
</corners>
</brick>
</ent>
<ent>
<class>6</class>
<mCollidable>true</mCollidable>
<mMoving>true</mMoving>
<mImageDX>0.454033</mImageDX>
<mImageDY>0.000003</mImageDY>
<pegInfo>
<mVariable>true</mVariable>
</pegInfo>
<mover>
<mMoveType>13</mMoveType>
<mOrigX>534.000000</mOrigX>
<mOrigY>375.000000</mOrigY>
<mMoveTime>2000</mMoveTime>
<mMoveRadius>75</mMoveRadius>
<mMovePhase>0.500000</mMovePhase>
<mRotationAdd>-3.141593</mRotationAdd>
<mx>459.000000</mx>
<my>375.000000</my>
</mover>
<poly>
<mAllowFlash>true</mAllowFlash>
</poly>
<brick>
<mBrickAngle>30.000000</mBrickAngle>
<mBrickRadius>30.000000</mBrickRadius>
<mBrickRotation>180.000000</mBrickRotation>
<corners>
<point>3</point>
<point>4</point>
<point>0</point>
<point>7</point>
</corners>
</brick>
</ent>
<ent>
<class>6</class>
<mCollidable>true</mCollidable>
<mMoving>true</mMoving>
<mImageDX>-0.245549</mImageDX>
<mImageDY>1.636065</mImageDY>
<pegInfo>
<mVariable>true</mVariable>
</pegInfo>
<mover>
<mMoveType>13</mMoveType>
<mOrigX>534.000000</mOrigX>
<mOrigY>375.000000</mOrigY>
<mMoveTime>2000</mMoveTime>
<mMoveRadius>75</mMoveRadius>
<mMovePhase>0.416667</mMovePhase>
<mRotation>-1.048245</mRotation>
<mRotationAdd>-3.665191</mRotationAdd>
<mx>469.087402</mx>
<my>337.432007</my>
</mover>
<poly>
<mAllowFlash>true</mAllowFlash>
<mRad>-1.048245</mRad>
</poly>
<brick>
<mBrickAngle>30.000000</mBrickAngle>
<mBrickRadius>30.000000</mBrickRadius>
<mBrickRotation>210.000000</mBrickRotation>
<corners>
<point>3</point>
<point>4</point>
<point>0</point>
<point>7</point>
</corners>
</brick>
</ent>
<ent>
<class>6</class>
<mCollidable>true</mCollidable>
<mMoving>true</mMoving>
<mImageDX>-1.636055</mImageDX>
<mImageDY>0.245555</mImageDY>
<pegInfo>
<mVariable>true</mVariable>
</pegInfo>
<mover>
<mMoveType>13</mMoveType>
<mOrigX>534.000000</mOrigX>
<mOrigY>375.000000</mOrigY>
<mMoveTime>2000</mMoveTime>
<mMoveRadius>75</mMoveRadius>
<mMovePhase>0.333333</mMovePhase>
<mRotation>-2.096489</mRotation>
<mRotationAdd>-4.188790</mRotationAdd>
<mx>496.636108</mx>
<my>309.969696</my>
</mover>
<poly>
<mAllowFlash>true</mAllowFlash>
<mRad>-2.096489</mRad>
</poly>
<brick>
<mBrickAngle>30.000000</mBrickAngle>
<mBrickRadius>30.000000</mBrickRadius>
<mBrickRotation>240.000000</mBrickRotation>
<corners>
<point>3</point>
<point>4</point>
<point>0</point>
<point>7</point>
</corners>
</brick>
</ent>
<ent>
<class>5</class>
<mCollidable>true</mCollidable>
<mMoving>true</mMoving>
<ball>
<mIsPeg>true</mIsPeg>
<mCollidesWithOtherBalls>true</mCollidesWithOtherBalls>
<mx>534.000000</mx>
<my>376.000000</my>
<mRadius>30.000000</mRadius>
</ball>
</ent>
<ent>
<class>5</class>
<mCollidable>true</mCollidable>
<mMoving>true</mMoving>
<pegInfo>
<mVariable>true</mVariable>
</pegInfo>
<ball>
<mIsPeg>true</mIsPeg>
<mCollidesWithOtherBalls>true</mCollidesWithOtherBalls>
<mx>328.000000</mx>
<my>229.000000</my>
<mRadius>10.000000</mRadius>
</ball>
</ent>
<ent>
<class>5</class>
<mCollidable>true</mCollidable>
<mMoving>true</mMoving>
<pegInfo>
<mVariable>true</mVariable>
</pegInfo>
<ball>
<mIsPeg>true</mIsPeg>
<mCollidesWithOtherBalls>true</mCollidesWithOtherBalls>
<mx>373.000000</mx>
<my>255.000000</my>
<mRadius>10.000000</mRadius>
</ball>
</ent>
<ent>
<class>5</class>
<mCollidable>true</mCollidable>
<mMoving>true</mMoving>
<pegInfo>
<mVariable>true</mVariable>
</pegInfo>
<ball>
<mIsPeg>true</mIsPeg>
<mCollidesWithOtherBalls>true</mCollidesWithOtherBalls>
<mx>364.000000</mx>
<my>315.000000</my>
<mRadius>10.000000</mRadius>
</ball>
</ent>
<ent>
<class>5</class>
<mCollidable>true</mCollidable>
<mMoving>true</mMoving>
<pegInfo>
<mVariable>true</mVariable>
</pegInfo>
<ball>
<mIsPeg>true</mIsPeg>
<mCollidesWithOtherBalls>true</mCollidesWithOtherBalls>
<mx>296.000000</mx>
<my>318.000000</my>
<mRadius>10.000000</mRadius>
</ball>
</ent>
<ent>
<class>5</class>
<mCollidable>true</mCollidable>
<mMoving>true</mMoving>
<pegInfo>
<mVariable>true</mVariable>
</pegInfo>
<ball>
<mIsPeg>true</mIsPeg>
<mCollidesWithOtherBalls>true</mCollidesWithOtherBalls>
<mx>283.000000</mx>
<my>256.000000</my>
<mRadius>10.000000</mRadius>
</ball>
</ent>
<ent>
<class>5</class>
<mCollidable>true</mCollidable>
<mMoving>true</mMoving>
<pegInfo>
<mVariable>true</mVariable>
</pegInfo>
<ball>
<mIsPeg>true</mIsPeg>
<mCollidesWithOtherBalls>true</mCollidesWithOtherBalls>
<mx>43.000000</mx>
<my>173.000000</my>
<mRadius>10.000000</mRadius>
</ball>
</ent>
<ent>
<class>5</class>
<mCollidable>true</mCollidable>
<mMoving>true</mMoving>
<pegInfo>
<mVariable>true</mVariable>
</pegInfo>
<ball>
<mIsPeg>true</mIsPeg>
<mCollidesWithOtherBalls>true</mCollidesWithOtherBalls>
<mx>81.000000</mx>
<my>177.000000</my>
<mRadius>10.000000</mRadius>
</ball>
</ent>
<ent>
<class>5</class>
<mCollidable>true</mCollidable>
<mMoving>true</mMoving>
<pegInfo>
<mVariable>true</mVariable>
</pegInfo>
<ball>
<mIsPeg>true</mIsPeg>
<mCollidesWithOtherBalls>true</mCollidesWithOtherBalls>
<mx>118.000000</mx>
<my>189.000000</my>
<mRadius>10.000000</mRadius>
</ball>
</ent>
<ent>
<class>5</class>
<mCollidable>true</mCollidable>
<mMoving>true</mMoving>
<pegInfo>
<mVariable>true</mVariable>
</pegInfo>
<ball>
<mIsPeg>true</mIsPeg>
<mCollidesWithOtherBalls>true</mCollidesWithOtherBalls>
<mx>143.000000</mx>
<my>211.000000</my>
<mRadius>10.000000</mRadius>
</ball>
</ent>
<ent>
<class>5</class>
<mCollidable>true</mCollidable>
<mMoving>true</mMoving>
<pegInfo>
<mVariable>true</mVariable>
</pegInfo>
<ball>
<mIsPeg>true</mIsPeg>
<mCollidesWithOtherBalls>true</mCollidesWithOtherBalls>
<mx>166.000000</mx>
<my>244.000000</my>
<mRadius>10.000000</mRadius>
</ball>
</ent>
<ent>
<class>5</class>
<mCollidable>true</mCollidable>
<mMoving>true</mMoving>
<pegInfo>
<mVariable>true</mVariable>
</pegInfo>
<ball>
<mIsPeg>true</mIsPeg>
<mCollidesWithOtherBalls>true</mCollidesWithOtherBalls>
<mx>187.000000</mx>
<my>276.000000</my>
<mRadius>10.000000</mRadius>
</ball>
</ent>
<ent>
<class>5</class>
<mCollidable>true</mCollidable>
<mMoving>true</mMoving>
<pegInfo>
<mVariable>true</mVariable>
</pegInfo>
<ball>
<mIsPeg>true</mIsPeg>
<mCollidesWithOtherBalls>true</mCollidesWithOtherBalls>
<mx>213.000000</mx>
<my>316.000000</my>
<mRadius>10.000000</mRadius>
</ball>
</ent>
<ent>
<class>5</class>
<mCollidable>true</mCollidable>
<mMoving>true</mMoving>
<pegInfo>
<mVariable>true</mVariable>
</pegInfo>
<ball>
<mIsPeg>true</mIsPeg>
<mCollidesWithOtherBalls>true</mCollidesWithOtherBalls>
<mx>232.000000</mx>
<my>357.000000</my>
<mRadius>10.000000</mRadius>
</ball>
</ent>
<ent>
<class>5</class>
<mCollidable>true</mCollidable>
<mMoving>true</mMoving>
<pegInfo>
<mVariable>true</mVariable>
</pegInfo>
<ball>
<mIsPeg>true</mIsPeg>
<mCollidesWithOtherBalls>true</mCollidesWithOtherBalls>
<mx>254.000000</mx>
<my>389.000000</my>
<mRadius>10.000000</mRadius>
</ball>
</ent>
<ent>
<class>5</class>
<mCollidable>true</mCollidable>
<mMoving>true</mMoving>
<pegInfo>
<mVariable>true</mVariable>
</pegInfo>
<ball>
<mIsPeg>true</mIsPeg>
<mCollidesWithOtherBalls>true</mCollidesWithOtherBalls>
<mx>285.000000</mx>
<my>415.000000</my>
<mRadius>10.000000</mRadius>
</ball>
</ent>
<ent>
<class>5</class>
<mCollidable>true</mCollidable>
<mMoving>true</mMoving>
<pegInfo>
<mVariable>true</mVariable>
</pegInfo>
<ball>
<mIsPeg>true</mIsPeg>
<mCollidesWithOtherBalls>true</mCollidesWithOtherBalls>
<mx>327.000000</mx>
<my>438.000000</my>
<mRadius>10.000000</mRadius>
</ball>
</ent>
<ent>
<class>5</class>
<mCollidable>true</mCollidable>
<mMoving>true</mMoving>
<pegInfo>
<mVariable>true</mVariable>
</pegInfo>
<ball>
<mIsPeg>true</mIsPeg>
<mCollidesWithOtherBalls>true</mCollidesWithOtherBalls>
<mx>599.000000</mx>
<my>173.000000</my>
<mRadius>10.000000</mRadius>
</ball>
</ent>
<ent>
<class>5</class>
<mCollidable>true</mCollidable>
<mMoving>true</mMoving>
<pegInfo>
<mVariable>true</mVariable>
</pegInfo>
<ball>
<mIsPeg>true</mIsPeg>
<mCollidesWithOtherBalls>true</mCollidesWithOtherBalls>
<mx>561.000000</mx>
<my>177.000000</my>
<mRadius>10.000000</mRadius>
</ball>
</ent>
<ent>
<class>5</class>
<mCollidable>true</mCollidable>
<mMoving>true</mMoving>
<pegInfo>
<mVariable>true</mVariable>
</pegInfo>
<ball>
<mIsPeg>true</mIsPeg>
<mCollidesWithOtherBalls>true</mCollidesWithOtherBalls>
<mx>524.000000</mx>
<my>189.000000</my>
<mRadius>10.000000</mRadius>
</ball>
</ent>
<ent>
<class>5</class>
<mCollidable>true</mCollidable>
<mMoving>true</mMoving>
<pegInfo>
<mVariable>true</mVariable>
</pegInfo>
<ball>
<mIsPeg>true</mIsPeg>
<mCollidesWithOtherBalls>true</mCollidesWithOtherBalls>
<mx>499.000000</mx>
<my>211.000000</my>
<mRadius>10.000000</mRadius>
</ball>
</ent>
<ent>
<class>5</class>
<mCollidable>true</mCollidable>
<mMoving>true</mMoving>
<pegInfo>
<mVariable>true</mVariable>
</pegInfo>
<ball>
<mIsPeg>true</mIsPeg>
<mCollidesWithOtherBalls>true</mCollidesWithOtherBalls>
<mx>476.000000</mx>
<my>244.000000</my>
<mRadius>10.000000</mRadius>
</ball>
</ent>
<ent>
<class>5</class>
<mCollidable>true</mCollidable>
<mMoving>true</mMoving>
<pegInfo>
<mVariable>true</mVariable>
</pegInfo>
<ball>
<mIsPeg>true</mIsPeg>
<mCollidesWithOtherBalls>true</mCollidesWithOtherBalls>
<mx>455.000000</mx>
<my>276.000000</my>
<mRadius>10.000000</mRadius>
</ball>
</ent>
<ent>
<class>5</class>
<mCollidable>true</mCollidable>
<mMoving>true</mMoving>
<pegInfo>
<mVariable>true</mVariable>
</pegInfo>
<ball>
<mIsPeg>true</mIsPeg>
<mCollidesWithOtherBalls>true</mCollidesWithOtherBalls>
<mx>429.000000</mx>
<my>316.000000</my>
<mRadius>10.000000</mRadius>
</ball>
</ent>
<ent>
<class>5</class>
<mCollidable>true</mCollidable>
<mMoving>true</mMoving>
<pegInfo>
<mVariable>true</mVariable>
</pegInfo>
<ball>
<mIsPeg>true</mIsPeg>
<mCollidesWithOtherBalls>true</mCollidesWithOtherBalls>
<mx>413.000000</mx>
<my>357.000000</my>
<mRadius>10.000000</mRadius>
</ball>
</ent>
<ent>
<class>5</class>
<mCollidable>true</mCollidable>
<mMoving>true</mMoving>
<pegInfo>
<mVariable>true</mVariable>
</pegInfo>
<ball>
<mIsPeg>true</mIsPeg>
<mCollidesWithOtherBalls>true</mCollidesWithOtherBalls>
<mx>391.000000</mx>
<my>389.000000</my>
<mRadius>10.000000</mRadius>
</ball>
</ent>
<ent>
<class>5</class>
<mCollidable>true</mCollidable>
<mMoving>true</mMoving>
<pegInfo>
<mVariable>true</mVariable>
</pegInfo>
<ball>
<mIsPeg>true</mIsPeg>
<mCollidesWithOtherBalls>true</mCollidesWithOtherBalls>
<mx>366.000000</mx>
<my>415.000000</my>
<mRadius>10.000000</mRadius>
</ball>
</ent>
<ent>
<class>5</class>
<mCollidable>true</mCollidable>
<mMoving>true</mMoving>
<pegInfo>
<mVariable>true</mVariable>
</pegInfo>
<ball>
<mIsPeg>true</mIsPeg>
<mCollidesWithOtherBalls>true</mCollidesWithOtherBalls>
<mx>46.000000</mx>
<my>121.000000</my>
<mRadius>10.000000</mRadius>
</ball>
</ent>
<ent>
<class>5</class>
<mCollidable>true</mCollidable>
<mMoving>true</mMoving>
<pegInfo>
<mVariable>true</mVariable>
</pegInfo>
<ball>
<mIsPeg>true</mIsPeg>
<mCollidesWithOtherBalls>true</mCollidesWithOtherBalls>
<mx>83.000000</mx>
<my>126.000000</my>
<mRadius>10.000000</mRadius>
</ball>
</ent>
<ent>
<class>5</class>
<mCollidable>true</mCollidable>
<mMoving>true</mMoving>
<pegInfo>
<mVariable>true</mVariable>
</pegInfo>
<ball>
<mIsPeg>true</mIsPeg>
<mCollidesWithOtherBalls>true</mCollidesWithOtherBalls>
<mx>120.000000</mx>
<my>138.000000</my>
<mRadius>10.000000</mRadius>
</ball>
</ent>
<ent>
<class>5</class>
<mCollidable>true</mCollidable>
<mMoving>true</mMoving>
<pegInfo>
<mVariable>true</mVariable>
</pegInfo>
<ball>
<mIsPeg>true</mIsPeg>
<mCollidesWithOtherBalls>true</mCollidesWithOtherBalls>
<mx>153.000000</mx>
<my>158.000000</my>
<mRadius>10.000000</mRadius>
</ball>
</ent>
<ent>
<class>5</class>
<mCollidable>true</mCollidable>
<mMoving>true</mMoving>
<pegInfo>
<mVariable>true</mVariable>
</pegInfo>
<ball>
<mIsPeg>true</mIsPeg>
<mCollidesWithOtherBalls>true</mCollidesWithOtherBalls>
<mx>184.000000</mx>
<my>183.000000</my>
<mRadius>10.000000</mRadius>
</ball>
</ent>
<ent>
<class>5</class>
<mCollidable>true</mCollidable>
<mMoving>true</mMoving>
<pegInfo>
<mVariable>true</mVariable>
</pegInfo>
<ball>
<mIsPeg>true</mIsPeg>
<mCollidesWithOtherBalls>true</mCollidesWithOtherBalls>
<mx>215.000000</mx>
<my>207.000000</my>
<mRadius>10.000000</mRadius>
</ball>
</ent>
<ent>
<class>5</class>
<mCollidable>true</mCollidable>
<mMoving>true</mMoving>
<pegInfo>
<mVariable>true</mVariable>
</pegInfo>
<ball>
<mIsPeg>true</mIsPeg>
<mCollidesWithOtherBalls>true</mCollidesWithOtherBalls>
<mx>328.000000</mx>
<my>167.000000</my>
<mRadius>10.000000</mRadius>
</ball>
</ent>
<ent>
<class>5</class>
<mCollidable>true</mCollidable>
<mMoving>true</mMoving>
<pegInfo>
<mVariable>true</mVariable>
</pegInfo>
<ball>
<mIsPeg>true</mIsPeg>
<mCollidesWithOtherBalls>true</mCollidesWithOtherBalls>
<mx>602.000000</mx>
<my>121.000000</my>
<mRadius>10.000000</mRadius>
</ball>
</ent>
<ent>
<class>5</class>
<mCollidable>true</mCollidable>
<mMoving>true</mMoving>
<pegInfo>
<mVariable>true</mVariable>
</pegInfo>
<ball>
<mIsPeg>true</mIsPeg>
<mCollidesWithOtherBalls>true</mCollidesWithOtherBalls>
<mx>564.000000</mx>
<my>128.000000</my>
<mRadius>10.000000</mRadius>
</ball>
</ent>
<ent>
<class>5</class>
<mCollidable>true</mCollidable>
<mMoving>true</mMoving>
<pegInfo>
<mVariable>true</mVariable>
</pegInfo>
<ball>
<mIsPeg>true</mIsPeg>
<mCollidesWithOtherBalls>true</mCollidesWithOtherBalls>
<mx>527.000000</mx>
<my>140.000000</my>
<mRadius>10.000000</mRadius>
</ball>
</ent>
<ent>
<class>5</class>
<mCollidable>true</mCollidable>
<mMoving>true</mMoving>
<pegInfo>
<mVariable>true</mVariable>
</pegInfo>
<ball>
<mIsPeg>true</mIsPeg>
<mCollidesWithOtherBalls>true</mCollidesWithOtherBalls>
<mx>494.000000</mx>
<my>160.000000</my>
<mRadius>10.000000</mRadius>
</ball>
</ent>
<ent>
<class>5</class>
<mCollidable>true</mCollidable>
<mMoving>true</mMoving>
<pegInfo>
<mVariable>true</mVariable>
</pegInfo>
<ball>
<mIsPeg>true</mIsPeg>
<mCollidesWithOtherBalls>true</mCollidesWithOtherBalls>
<mx>463.000000</mx>
<my>185.000000</my>
<mRadius>10.000000</mRadius>
</ball>
</ent>
<ent>
<class>5</class>
<mCollidable>true</mCollidable>
<mMoving>true</mMoving>
<pegInfo>
<mVariable>true</mVariable>
</pegInfo>
<ball>
<mIsPeg>true</mIsPeg>
<mCollidesWithOtherBalls>true</mCollidesWithOtherBalls>
<mx>432.000000</mx>
<my>209.000000</my>
<mRadius>10.000000</mRadius>
</ball>
</ent>
<ent>
<class>5</class>
<mCollidable>true</mCollidable>
<mMoving>true</mMoving>
<pegInfo>
<mVariable>true</mVariable>
</pegInfo>
<ball>
<mIsPeg>true</mIsPeg>
<mCollidesWithOtherBalls>true</mCollidesWithOtherBalls>
<mx>253.000000</mx>
<my>188.000000</my>
<mRadius>10.000000</mRadius>
</ball>
</ent>
<ent>
<class>5</class>
<mCollidable>true</mCollidable>
<mMoving>true</mMoving>
<pegInfo>
<mVariable>true</mVariable>
</pegInfo>
<ball>
<mIsPeg>true</mIsPeg>
<mCollidesWithOtherBalls>true</mCollidesWithOtherBalls>
<mx>290.000000</mx>
<my>173.000000</my>
<mRadius>10.000000</mRadius>
</ball>
</ent>
<ent>
<class>5</class>
<mCollidable>true</mCollidable>
<mMoving>true</mMoving>
<pegInfo>
<mVariable>true</mVariable>
</pegInfo>
<ball>
<mIsPeg>true</mIsPeg>
<mCollidesWithOtherBalls>true</mCollidesWithOtherBalls>
<mx>364.000000</mx>
<my>173.000000</my>
<mRadius>10.000000</mRadius>
</ball>
</ent>
<ent>
<class>5</class>
<mCollidable>true</mCollidable>
<mMoving>true</mMoving>
<pegInfo>
<mVariable>true</mVariable>
</pegInfo>
<ball>
<mIsPeg>true</mIsPeg>
<mCollidesWithOtherBalls>true</mCollidesWithOtherBalls>
<mx>397.000000</mx>
<my>189.000000</my>
<mRadius>10.000000</mRadius>
</ball>
</ent>
<ent>
<class>5</class>
<mCollidable>true</mCollidable>
<mMoving>true</mMoving>
<pegInfo>
<mVariable>true</mVariable>
</pegInfo>
<ball>
<mIsPeg>true</mIsPeg>
<mCollidesWithOtherBalls>true</mCollidesWithOtherBalls>
<mx>38.000000</mx>
<my>222.000000</my>
<mRadius>10.000000</mRadius>
</ball>
</ent>
<ent>
<class>5</class>
<mCollidable>true</mCollidable>
<mMoving>true</mMoving>
<pegInfo>
<mVariable>true</mVariable>
</pegInfo>
<ball>
<mIsPeg>true</mIsPeg>
<mCollidesWithOtherBalls>true</mCollidesWithOtherBalls>
<mx>78.000000</mx>
<my>228.000000</my>
<mRadius>10.000000</mRadius>
</ball>
</ent>
<ent>
<class>5</class>
<mCollidable>true</mCollidable>
<mMoving>true</mMoving>
<pegInfo>
<mVariable>true</mVariable>
</pegInfo>
<ball>
<mIsPeg>true</mIsPeg>
<mCollidesWithOtherBalls>true</mCollidesWithOtherBalls>
<mx>115.000000</mx>
<my>242.000000</my>
<mRadius>10.000000</mRadius>
</ball>
</ent>
<ent>
<class>5</class>
<mCollidable>true</mCollidable>
<mMoving>true</mMoving>
<pegInfo>
<mVariable>true</mVariable>
</pegInfo>
<ball>
<mIsPeg>true</mIsPeg>
<mCollidesWithOtherBalls>true</mCollidesWithOtherBalls>
<mx>145.000000</mx>
<my>269.000000</my>
<mRadius>10.000000</mRadius>
</ball>
</ent>
<ent>
<class>5</class>
<mCollidable>true</mCollidable>
<mMoving>true</mMoving>
<pegInfo>
<mVariable>true</mVariable>
</pegInfo>
<ball>
<mIsPeg>true</mIsPeg>
<mCollidesWithOtherBalls>true</mCollidesWithOtherBalls>
<mx>327.000000</mx>
<my>391.000000</my>
<mRadius>10.000000</mRadius>
</ball>
</ent>
<ent>
<class>5</class>
<mCollidable>true</mCollidable>
<mMoving>true</mMoving>
<pegInfo>
<mVariable>true</mVariable>
</pegInfo>
<ball>
<mIsPeg>true</mIsPeg>
<mCollidesWithOtherBalls>true</mCollidesWithOtherBalls>
<mx>603.000000</mx>
<my>226.000000</my>
<mRadius>10.000000</mRadius>
</ball>
</ent>
<ent>
<class>5</class>
<mCollidable>true</mCollidable>
<mMoving>true</mMoving>
<pegInfo>
<mVariable>true</mVariable>
</pegInfo>
<ball>
<mIsPeg>true</mIsPeg>
<mCollidesWithOtherBalls>true</mCollidesWithOtherBalls>
<mx>563.000000</mx>
<my>228.000000</my>
<mRadius>10.000000</mRadius>
</ball>
</ent>
<ent>
<class>5</class>
<mCollidable>true</mCollidable>
<mMoving>true</mMoving>
<pegInfo>
<mVariable>true</mVariable>
</pegInfo>
<ball>
<mIsPeg>true</mIsPeg>
<mCollidesWithOtherBalls>true</mCollidesWithOtherBalls>
<mx>526.000000</mx>
<my>242.000000</my>
<mRadius>10.000000</mRadius>
</ball>
</ent>
<ent>
<class>5</class>
<mCollidable>true</mCollidable>
<mMoving>true</mMoving>
<pegInfo>
<mVariable>true</mVariable>
</pegInfo>
<ball>
<mIsPeg>true</mIsPeg>
<mCollidesWithOtherBalls>true</mCollidesWithOtherBalls>
<mx>496.000000</mx>
<my>269.000000</my>
<mRadius>10.000000</mRadius>
</ball>
</ent>
<ent>
<class>5</class>
<mCollidable>true</mCollidable>
<mMoving>true</mMoving>
<pegInfo>
<mVariable>true</mVariable>
</pegInfo>
<ball>
<mIsPeg>true</mIsPeg>
<mCollidesWithOtherBalls>true</mCollidesWithOtherBalls>
<mx>219.000000</mx>
<my>392.000000</my>
<mRadius>10.000000</mRadius>
</ball>
</ent>
<ent>
<class>5</class>
<mCollidable>true</mCollidable>
<mMoving>true</mMoving>
<pegInfo>
<mVariable>true</mVariable>
</pegInfo>
<ball>
<mIsPeg>true</mIsPeg>
<mCollidesWithOtherBalls>true</mCollidesWithOtherBalls>
<mx>208.000000</mx>
<my>431.000000</my>
<mRadius>10.000000</mRadius>
</ball>
</ent>
<ent>
<class>5</class>
<mCollidable>true</mCollidable>
<mMoving>true</mMoving>
<pegInfo>
<mVariable>true</mVariable>
</pegInfo>
<ball>
<mIsPeg>true</mIsPeg>
<mCollidesWithOtherBalls>true</mCollidesWithOtherBalls>
<mx>245.000000</mx>
<my>424.000000</my>
<mRadius>10.000000</mRadius>
</ball>
</ent>
<ent>
<class>5</class>
<mCollidable>true</mCollidable>
<mMoving>true</mMoving>
<pegInfo>
<mVariable>true</mVariable>
</pegInfo>
<ball>
<mIsPeg>true</mIsPeg>
<mCollidesWithOtherBalls>true</mCollidesWithOtherBalls>
<mx>402.000000</mx>
<my>423.000000</my>
<mRadius>10.000000</mRadius>
</ball>
</ent>
<ent>
<class>5</class>
<mCollidable>true</mCollidable>
<mMoving>true</mMoving>
<pegInfo>
<mVariable>true</mVariable>
</pegInfo>
<ball>
<mIsPeg>true</mIsPeg>
<mCollidesWithOtherBalls>true</mCollidesWithOtherBalls>
<mx>423.000000</mx>
<my>393.000000</my>
<mRadius>10.000000</mRadius>
</ball>
</ent>
<ent>
<class>5</class>
<mCollidable>true</mCollidable>
<mMoving>true</mMoving>
<pegInfo>
<mVariable>true</mVariable>
</pegInfo>
<ball>
<mIsPeg>true</mIsPeg>
<mCollidesWithOtherBalls>true</mCollidesWithOtherBalls>
<mx>436.000000</mx>
<my>430.000000</my>
<mRadius>10.000000</mRadius>
</ball>
</ent>
<ent>
<class>5</class>
<mCollidable>true</mCollidable>
<mMoving>true</mMoving>
<pegInfo>
<mVariable>true</mVariable>
</pegInfo>
<ball>
<mIsPeg>true</mIsPeg>
<mCollidesWithOtherBalls>true</mCollidesWithOtherBalls>
<mx>34.000000</mx>
<my>269.000000</my>
<mRadius>10.000000</mRadius>
</ball>
</ent>
<ent>
<class>5</class>
<mCollidable>true</mCollidable>
<mMoving>true</mMoving>
<pegInfo>
<mVariable>true</mVariable>
</pegInfo>
<ball>
<mIsPeg>true</mIsPeg>
<mCollidesWithOtherBalls>true</mCollidesWithOtherBalls>
<mx>606.000000</mx>
<my>273.000000</my>
<mRadius>10.000000</mRadius>
</ball>
</ent>
<ent>
<class>5</class>
<mCollidable>true</mCollidable>
<mMoving>true</mMoving>
<pegInfo>
<mVariable>true</mVariable>
</pegInfo>
<ball>
<mIsPeg>true</mIsPeg>
<mCollidesWithOtherBalls>true</mCollidesWithOtherBalls>
<mx>76.000000</mx>
<my>267.000000</my>
<mRadius>10.000000</mRadius>
</ball>
</ent>
<ent>
<class>5</class>
<mCollidable>true</mCollidable>
<mMoving>true</mMoving>
<pegInfo>
<mVariable>true</mVariable>
</pegInfo>
<ball>
<mIsPeg>true</mIsPeg>
<mCollidesWithOtherBalls>true</mCollidesWithOtherBalls>
<mx>562.000000</mx>
<my>265.000000</my>
<mRadius>10.000000</mRadius>
</ball>
</ent>
<ent>
<class>5</class>
<mCollidable>true</mCollidable>
<mMoving>true</mMoving>
<pegInfo>
<mVariable>true</mVariable>
</pegInfo>
<ball>
<mIsPeg>true</mIsPeg>
<mCollidesWithOtherBalls>true</mCollidesWithOtherBalls>
<mx>224.000000</mx>
<my>243.000000</my>
<mRadius>10.000000</mRadius>
</ball>
</ent>
<ent>
<class>5</class>
<mCollidable>true</mCollidable>
<mMoving>true</mMoving>
<pegInfo>
<mVariable>true</mVariable>
</pegInfo>
<ball>
<mIsPeg>true</mIsPeg>
<mCollidesWithOtherBalls>true</mCollidesWithOtherBalls>
<mx>446.000000</mx>
<my>243.000000</my>
<mRadius>10.000000</mRadius>
</ball>
</ent>
</level>
