<level name="levels/export66/tri.dat.xml">
<version>66</version>
<isLevel>true</isLevel>
<ent>
<class>6</class>
<mCollidable>true</mCollidable>
<mMoving>true</mMoving>
<mImageDX>-0.851854</mImageDX>
<pegInfo>
<mVariable>true</mVariable>
</pegInfo>
<mover>
<mMoveType>13</mMoveType>
<mOrigX>135.000000</mOrigX>
<mOrigY>265.000000</mOrigY>
<mMoveTime>1500</mMoveTime>
<mMoveRadius>65</mMoveRadius>
<mx>200.000000</mx>
<my>265.000000</my>
</mover>
<poly>
<mAllowFlash>true</mAllowFlash>
</poly>
<brick>
<mBrickNumSubdiv>3</mBrickNumSubdiv>
<mBrickAngle>30.000000</mBrickAngle>
<mBrickThickness>20.000137</mBrickThickness>
<mBrickRadius>50.000000</mBrickRadius>
<mBrickRotation>0.000000</mBrickRotation>
<corners>
<point>4</point>
<point>5</point>
<point>0</point>
<point>9</point>
</corners>
</brick>
</ent>
<ent>
<class>6</class>
<mCollidable>true</mCollidable>
<mMoving>true</mMoving>
<mImageDX>-0.851854</mImageDX>
<pegInfo>
<mVariable>true</mVariable>
</pegInfo>
<mover>
<mMoveType>13</mMoveType>
<mOrigX>135.000000</mOrigX>
<mOrigY>265.000000</mOrigY>
<mMoveTime>1500</mMoveTime>
<mMoveRadius>65</mMoveRadius>
<mMovePhase>0.166667</mMovePhase>
<mRotation>1.047198</mRotation>
<mx>167.500000</mx>
<my>208.708344</my>
</mover>
<poly>
<mAllowFlash>true</mAllowFlash>
<mRad>1.047198</mRad>
</poly>
<brick>
<mBrickNumSubdiv>3</mBrickNumSubdiv>
<mBrickAngle>30.000000</mBrickAngle>
<mBrickThickness>20.000149</mBrickThickness>
<mBrickRadius>50.000000</mBrickRadius>
<mBrickRotation>0.000000</mBrickRotation>
<corners>
<point>4</point>
<point>5</point>
<point>0</point>
<point>9</point>
</corners>
</brick>
</ent>
<ent>
<class>6</class>
<mCollidable>true</mCollidable>
<mMoving>true</mMoving>
<mImageDX>-0.851854</mImageDX>
<pegInfo>
<mVariable>true</mVariable>
</pegInfo>
<mover>
<mMoveType>13</mMoveType>
<mOrigX>135.000000</mOrigX>
<mOrigY>265.000000</mOrigY>
<mMoveTime>1500</mMoveTime>
<mMoveRadius>65</mMoveRadius>
<mMovePhase>0.333333</mMovePhase>
<mRotation>2.094395</mRotation>
<mx>102.500000</mx>
<my>208.708344</my>
</mover>
<poly>
<mAllowFlash>true</mAllowFlash>
<mRad>2.094395</mRad>
</poly>
<brick>
<mBrickNumSubdiv>3</mBrickNumSubdiv>
<mBrickAngle>30.000000</mBrickAngle>
<mBrickThickness>20.000168</mBrickThickness>
<mBrickRadius>50.000000</mBrickRadius>
<mBrickRotation>0.000000</mBrickRotation>
<corners>
<point>4</point>
<point>5</point>
<point>0</point>
<point>9</point>
</corners>
</brick>
</ent>
<ent>
<class>6</class>
<mCollidable>true</mCollidable>
<mMoving>true</mMoving>
<mImageDX>-0.851854</mImageDX>
<pegInfo>
<mVariable>true</mVariable>
</pegInfo>
<mover>
<mMoveType>13</mMoveType>
<mOrigX>135.000000</mOrigX>
<mOrigY>265.000000</mOrigY>
<mMoveTime>1500</mMoveTime>
<mMoveRadius>65</mMoveRadius>
<mMovePhase>0.500000</mMovePhase>
<mRotation>3.141593</mRotation>
<mx>70.000000</mx>
<my>265.000000</my>
</mover>
<poly>
<mAllowFlash>true</mAllowFlash>
<mRad>3.141593</mRad>
</poly>
<brick>
<mBrickNumSubdiv>3</mBrickNumSubdiv>
<mBrickAngle>30.000000</mBrickAngle>
<mBrickThickness>20.000162</mBrickThickness>
<mBrickRadius>50.000000</mBrickRadius>
<mBrickRotation>0.000000</mBrickRotation>
<corners>
<point>4</point>
<point>5</point>
<point>0</point>
<point>9</point>
</corners>
</brick>
</ent>
<ent>
<class>6</class>
<mCollidable>true</mCollidable>
<mMoving>true</mMoving>
<mImageDX>-0.851854</mImageDX>
<pegInfo>
<mVariable>true</mVariable>
</pegInfo>
<mover>
<mMoveType>13</mMoveType>
<mOrigX>135.000000</mOrigX>
<mOrigY>265.000000</mOrigY>
<mMoveTime>1500</mMoveTime>
<mMoveRadius>65</mMoveRadius>
<mMovePhase>0.666667</mMovePhase>
<mRotation>4.188790</mRotation>
<mx>102.500008</mx>
<my>321.291656</my>
</mover>
<poly>
<mAllowFlash>true</mAllowFlash>
<mRad>4.188790</mRad>
</poly>
<brick>
<mBrickNumSubdiv>3</mBrickNumSubdiv>
<mBrickAngle>30.000000</mBrickAngle>
<mBrickThickness>20.000156</mBrickThickness>
<mBrickRadius>50.000000</mBrickRadius>
<mBrickRotation>0.000000</mBrickRotation>
<corners>
<point>4</point>
<point>5</point>
<point>0</point>
<point>9</point>
</corners>
</brick>
</ent>
<ent>
<class>6</class>
<mCollidable>true</mCollidable>
<mMoving>true</mMoving>
<mImageDX>-0.851854</mImageDX>
<pegInfo>
<mVariable>true</mVariable>
</pegInfo>
<mover>
<mMoveType>13</mMoveType>
<mOrigX>135.000000</mOrigX>
<mOrigY>265.000000</mOrigY>
<mMoveTime>1500</mMoveTime>
<mMoveRadius>65</mMoveRadius>
<mMovePhase>0.833333</mMovePhase>
<mRotation>5.235988</mRotation>
<mx>167.500000</mx>
<my>321.291656</my>
</mover>
<poly>
<mAllowFlash>true</mAllowFlash>
<mRad>5.235988</mRad>
</poly>
<brick>
<mBrickNumSubdiv>3</mBrickNumSubdiv>
<mBrickAngle>30.000000</mBrickAngle>
<mBrickThickness>20.000153</mBrickThickness>
<mBrickRadius>50.000000</mBrickRadius>
<mBrickRotation>0.000000</mBrickRotation>
<corners>
<point>4</point>
<point>5</point>
<point>0</point>
<point>9</point>
</corners>
</brick>
</ent>
<ent>
<class>6</class>
<mCollidable>true</mCollidable>
<mMoving>true</mMoving>
<mImageDX>-1.171269</mImageDX>
<mImageDY>0.762642</mImageDY>
<pegInfo>
<mVariable>true</mVariable>
</pegInfo>
<poly>
<mAllowFlash>true</mAllowFlash>
<mx>310.728363</mx>
<my>267.050629</my>
</poly>
<brick>
<mLeftAnchored>true</mLeftAnchored>
<mRightAnchored>true</mRightAnchored>
<mBrickTextureFlip>true</mBrickTextureFlip>
<mBrickNumSubdiv>3</mBrickNumSubdiv>
<mBrickAngle>15.000000</mBrickAngle>
<mBrickThickness>20.000206</mBrickThickness>
<mBrickRadius>100.000000</mBrickRadius>
<mBrickRotation>97.500000</mBrickRotation>
<corners>
<point>4</point>
<point>5</point>
<point>0</point>
<point>9</point>
</corners>
</brick>
</ent>
<ent>
<class>6</class>
<mCollidable>true</mCollidable>
<mMoving>true</mMoving>
<mImageDX>-0.845785</mImageDX>
<mImageDY>0.369926</mImageDY>
<pegInfo>
<mVariable>true</mVariable>
</pegInfo>
<poly>
<mAllowFlash>true</mAllowFlash>
<mx>282.991028</mx>
<my>274.482819</my>
</poly>
<brick>
<mLeftAnchored>true</mLeftAnchored>
<mRightAnchored>true</mRightAnchored>
<mBrickTextureFlip>true</mBrickTextureFlip>
<mBrickNumSubdiv>3</mBrickNumSubdiv>
<mBrickAngle>15.000000</mBrickAngle>
<mBrickThickness>20.000214</mBrickThickness>
<mBrickRadius>100.000000</mBrickRadius>
<mBrickRotation>112.500000</mBrickRotation>
<corners>
<point>4</point>
<point>5</point>
<point>0</point>
<point>9</point>
</corners>
</brick>
</ent>
<ent>
<class>6</class>
<mCollidable>true</mCollidable>
<mMoving>true</mMoving>
<mImageDX>-0.462666</mImageDX>
<mImageDY>-0.048008</mImageDY>
<pegInfo>
<mVariable>true</mVariable>
</pegInfo>
<poly>
<mAllowFlash>true</mAllowFlash>
<mx>258.122437</mx>
<my>288.840729</my>
</poly>
<brick>
<mLeftAnchored>true</mLeftAnchored>
<mRightAnchored>true</mRightAnchored>
<mBrickTextureFlip>true</mBrickTextureFlip>
<mBrickNumSubdiv>3</mBrickNumSubdiv>
<mBrickAngle>15.000000</mBrickAngle>
<mBrickThickness>20.000219</mBrickThickness>
<mBrickRadius>100.000000</mBrickRadius>
<mBrickRotation>127.500000</mBrickRotation>
<corners>
<point>4</point>
<point>5</point>
<point>0</point>
<point>9</point>
</corners>
</brick>
</ent>
<ent>
<class>6</class>
<mCollidable>true</mCollidable>
<mMoving>true</mMoving>
<mImageDX>-0.047993</mImageDX>
<mImageDY>-0.462671</mImageDY>
<pegInfo>
<mVariable>true</mVariable>
</pegInfo>
<poly>
<mAllowFlash>true</mAllowFlash>
<mx>237.817291</mx>
<my>309.145844</my>
</poly>
<brick>
<mLeftAnchored>true</mLeftAnchored>
<mRightAnchored>true</mRightAnchored>
<mBrickTextureFlip>true</mBrickTextureFlip>
<mBrickNumSubdiv>3</mBrickNumSubdiv>
<mBrickAngle>15.000000</mBrickAngle>
<mBrickThickness>20.000206</mBrickThickness>
<mBrickRadius>100.000000</mBrickRadius>
<mBrickRotation>142.500000</mBrickRotation>
<corners>
<point>4</point>
<point>5</point>
<point>0</point>
<point>9</point>
</corners>
</brick>
</ent>
<ent>
<class>6</class>
<mCollidable>true</mCollidable>
<mMoving>true</mMoving>
<mImageDX>0.048000</mImageDX>
<mImageDY>0.462666</mImageDY>
<pegInfo>
<mVariable>true</mVariable>
</pegInfo>
<poly>
<mAllowFlash>true</mAllowFlash>
<mx>221.829407</mx>
<my>333.073395</my>
</poly>
<brick>
<mLeftAnchored>true</mLeftAnchored>
<mRightAnchored>true</mRightAnchored>
<mBrickNumSubdiv>3</mBrickNumSubdiv>
<mBrickAngle>15.000000</mBrickAngle>
<mBrickThickness>20.000195</mBrickThickness>
<mBrickRadius>100.000000</mBrickRadius>
<mBrickRotation>322.500000</mBrickRotation>
<corners>
<point>4</point>
<point>5</point>
<point>0</point>
<point>9</point>
</corners>
</brick>
</ent>
<ent>
<class>6</class>
<mCollidable>true</mCollidable>
<mMoving>true</mMoving>
<mImageDX>0.462667</mImageDX>
<mImageDY>0.048000</mImageDY>
<pegInfo>
<mVariable>true</mVariable>
</pegInfo>
<poly>
<mAllowFlash>true</mAllowFlash>
<mx>201.524261</mx>
<my>353.378540</my>
</poly>
<brick>
<mLeftAnchored>true</mLeftAnchored>
<mRightAnchored>true</mRightAnchored>
<mBrickNumSubdiv>3</mBrickNumSubdiv>
<mBrickAngle>15.000000</mBrickAngle>
<mBrickThickness>20.000195</mBrickThickness>
<mBrickRadius>100.000000</mBrickRadius>
<mBrickRotation>-52.500000</mBrickRotation>
<corners>
<point>4</point>
<point>5</point>
<point>0</point>
<point>9</point>
</corners>
</brick>
</ent>
<ent>
<class>6</class>
<mCollidable>true</mCollidable>
<mMoving>true</mMoving>
<mImageDX>0.845780</mImageDX>
<mImageDY>-0.369911</mImageDY>
<pegInfo>
<mVariable>true</mVariable>
</pegInfo>
<poly>
<mAllowFlash>true</mAllowFlash>
<mx>176.655655</mx>
<my>367.736450</my>
</poly>
<brick>
<mLeftAnchored>true</mLeftAnchored>
<mRightAnchored>true</mRightAnchored>
<mBrickNumSubdiv>3</mBrickNumSubdiv>
<mBrickAngle>15.000000</mBrickAngle>
<mBrickThickness>20.000195</mBrickThickness>
<mBrickRadius>100.000000</mBrickRadius>
<mBrickRotation>-67.500000</mBrickRotation>
<corners>
<point>4</point>
<point>5</point>
<point>0</point>
<point>9</point>
</corners>
</brick>
</ent>
<ent>
<class>6</class>
<mCollidable>true</mCollidable>
<mMoving>true</mMoving>
<mImageDX>1.171275</mImageDX>
<mImageDY>-0.762634</mImageDY>
<pegInfo>
<mVariable>true</mVariable>
<mCrumble>true</mCrumble>
</pegInfo>
<poly>
<mAllowFlash>true</mAllowFlash>
<mx>148.918350</mx>
<my>375.168640</my>
</poly>
<brick>
<mLeftAnchored>true</mLeftAnchored>
<mRightAnchored>true</mRightAnchored>
<mBrickNumSubdiv>3</mBrickNumSubdiv>
<mBrickAngle>15.000000</mBrickAngle>
<mBrickThickness>20.000214</mBrickThickness>
<mBrickRadius>100.000000</mBrickRadius>
<mBrickRotation>-82.500000</mBrickRotation>
<corners>
<point>4</point>
<point>5</point>
<point>0</point>
<point>9</point>
</corners>
</brick>
</ent>
<ent>
<class>6</class>
<mCollidable>true</mCollidable>
<mMoving>true</mMoving>
<mImageDX>-1.171268</mImageDX>
<mImageDY>-0.762638</mImageDY>
<pegInfo>
<mVariable>true</mVariable>
<mCrumble>true</mCrumble>
</pegInfo>
<poly>
<mAllowFlash>true</mAllowFlash>
<mx>120.202553</mx>
<my>375.168640</my>
</poly>
<brick>
<mLeftAnchored>true</mLeftAnchored>
<mRightAnchored>true</mRightAnchored>
<mBrickNumSubdiv>3</mBrickNumSubdiv>
<mBrickAngle>15.000000</mBrickAngle>
<mBrickThickness>20.000183</mBrickThickness>
<mBrickRadius>100.000000</mBrickRadius>
<mBrickRotation>-97.500000</mBrickRotation>
<corners>
<point>4</point>
<point>5</point>
<point>0</point>
<point>9</point>
</corners>
</brick>
</ent>
<ent>
<class>6</class>
<mCollidable>true</mCollidable>
<mMoving>true</mMoving>
<mImageDX>-0.845785</mImageDX>
<mImageDY>-0.369923</mImageDY>
<pegInfo>
<mVariable>true</mVariable>
</pegInfo>
<poly>
<mAllowFlash>true</mAllowFlash>
<mx>92.465225</mx>
<my>367.736450</my>
</poly>
<brick>
<mLeftAnchored>true</mLeftAnchored>
<mRightAnchored>true</mRightAnchored>
<mBrickNumSubdiv>3</mBrickNumSubdiv>
<mBrickAngle>15.000000</mBrickAngle>
<mBrickThickness>20.000185</mBrickThickness>
<mBrickRadius>100.000000</mBrickRadius>
<mBrickRotation>-112.500000</mBrickRotation>
<corners>
<point>4</point>
<point>5</point>
<point>0</point>
<point>9</point>
</corners>
</brick>
</ent>
<ent>
<class>6</class>
<mCollidable>true</mCollidable>
<mMoving>true</mMoving>
<mImageDX>-0.462658</mImageDX>
<mImageDY>0.048004</mImageDY>
<pegInfo>
<mVariable>true</mVariable>
</pegInfo>
<poly>
<mAllowFlash>true</mAllowFlash>
<mx>67.596619</mx>
<my>353.378571</my>
</poly>
<brick>
<mLeftAnchored>true</mLeftAnchored>
<mRightAnchored>true</mRightAnchored>
<mBrickNumSubdiv>3</mBrickNumSubdiv>
<mBrickAngle>15.000000</mBrickAngle>
<mBrickThickness>20.000195</mBrickThickness>
<mBrickRadius>100.000000</mBrickRadius>
<mBrickRotation>-127.500000</mBrickRotation>
<corners>
<point>4</point>
<point>5</point>
<point>0</point>
<point>9</point>
</corners>
</brick>
</ent>
<ent>
<class>6</class>
<mCollidable>true</mCollidable>
<mMoving>true</mMoving>
<mImageDX>-0.047989</mImageDX>
<mImageDY>0.462667</mImageDY>
<pegInfo>
<mVariable>true</mVariable>
</pegInfo>
<poly>
<mAllowFlash>true</mAllowFlash>
<mx>47.291492</mx>
<my>333.073456</my>
</poly>
<brick>
<mLeftAnchored>true</mLeftAnchored>
<mRightAnchored>true</mRightAnchored>
<mBrickNumSubdiv>3</mBrickNumSubdiv>
<mBrickAngle>15.000000</mBrickAngle>
<mBrickThickness>20.000195</mBrickThickness>
<mBrickRadius>100.000000</mBrickRadius>
<mBrickRotation>-142.500000</mBrickRotation>
<corners>
<point>4</point>
<point>5</point>
<point>0</point>
<point>9</point>
</corners>
</brick>
</ent>
<ent>
<class>6</class>
<mCollidable>true</mCollidable>
<mMoving>true</mMoving>
<mImageDX>0.369923</mImageDX>
<mImageDY>0.845785</mImageDY>
<pegInfo>
<mVariable>true</mVariable>
</pegInfo>
<poly>
<mAllowFlash>true</mAllowFlash>
<mx>32.933613</mx>
<my>308.204865</my>
</poly>
<brick>
<mLeftAnchored>true</mLeftAnchored>
<mRightAnchored>true</mRightAnchored>
<mBrickNumSubdiv>3</mBrickNumSubdiv>
<mBrickAngle>15.000000</mBrickAngle>
<mBrickThickness>20.000195</mBrickThickness>
<mBrickRadius>100.000000</mBrickRadius>
<mBrickRotation>-157.500000</mBrickRotation>
<corners>
<point>4</point>
<point>5</point>
<point>0</point>
<point>9</point>
</corners>
</brick>
</ent>
<ent>
<class>6</class>
<mCollidable>true</mCollidable>
<mMoving>true</mMoving>
<mImageDX>0.762642</mImageDX>
<mImageDY>1.171275</mImageDY>
<pegInfo>
<mVariable>true</mVariable>
</pegInfo>
<poly>
<mAllowFlash>true</mAllowFlash>
<mx>25.501408</mx>
<my>280.467529</my>
</poly>
<brick>
<mLeftAnchored>true</mLeftAnchored>
<mRightAnchored>true</mRightAnchored>
<mBrickNumSubdiv>3</mBrickNumSubdiv>
<mBrickAngle>15.000000</mBrickAngle>
<mBrickThickness>20.000198</mBrickThickness>
<mBrickRadius>100.000000</mBrickRadius>
<mBrickRotation>-172.500000</mBrickRotation>
<corners>
<point>4</point>
<point>5</point>
<point>0</point>
<point>9</point>
</corners>
</brick>
</ent>
<ent>
<class>6</class>
<mCollidable>true</mCollidable>
<mMoving>true</mMoving>
<mImageDX>0.762650</mImageDX>
<mImageDY>-1.171287</mImageDY>
<pegInfo>
<mVariable>true</mVariable>
</pegInfo>
<poly>
<mAllowFlash>true</mAllowFlash>
<mx>25.501408</mx>
<my>251.751755</my>
</poly>
<brick>
<mLeftAnchored>true</mLeftAnchored>
<mRightAnchored>true</mRightAnchored>
<mBrickNumSubdiv>3</mBrickNumSubdiv>
<mBrickAngle>15.000000</mBrickAngle>
<mBrickThickness>20.000198</mBrickThickness>
<mBrickRadius>100.000000</mBrickRadius>
<mBrickRotation>-187.500000</mBrickRotation>
<corners>
<point>4</point>
<point>5</point>
<point>0</point>
<point>9</point>
</corners>
</brick>
</ent>
<ent>
<class>6</class>
<mCollidable>true</mCollidable>
<mMoving>true</mMoving>
<mImageDX>0.369923</mImageDX>
<mImageDY>-0.845785</mImageDY>
<pegInfo>
<mVariable>true</mVariable>
</pegInfo>
<poly>
<mAllowFlash>true</mAllowFlash>
<mx>32.933613</mx>
<my>224.014450</my>
</poly>
<brick>
<mLeftAnchored>true</mLeftAnchored>
<mRightAnchored>true</mRightAnchored>
<mBrickNumSubdiv>3</mBrickNumSubdiv>
<mBrickAngle>15.000000</mBrickAngle>
<mBrickThickness>20.000202</mBrickThickness>
<mBrickRadius>100.000000</mBrickRadius>
<mBrickRotation>157.500000</mBrickRotation>
<corners>
<point>4</point>
<point>5</point>
<point>0</point>
<point>9</point>
</corners>
</brick>
</ent>
<ent>
<class>6</class>
<mCollidable>true</mCollidable>
<mMoving>true</mMoving>
<mImageDX>-0.047989</mImageDX>
<mImageDY>-0.462667</mImageDY>
<pegInfo>
<mVariable>true</mVariable>
</pegInfo>
<poly>
<mAllowFlash>true</mAllowFlash>
<mx>47.291492</mx>
<my>199.145844</my>
</poly>
<brick>
<mLeftAnchored>true</mLeftAnchored>
<mRightAnchored>true</mRightAnchored>
<mBrickNumSubdiv>3</mBrickNumSubdiv>
<mBrickAngle>15.000000</mBrickAngle>
<mBrickThickness>20.000195</mBrickThickness>
<mBrickRadius>100.000000</mBrickRadius>
<mBrickRotation>142.500000</mBrickRotation>
<corners>
<point>4</point>
<point>5</point>
<point>0</point>
<point>9</point>
</corners>
</brick>
</ent>
<ent>
<class>6</class>
<mCollidable>true</mCollidable>
<mMoving>true</mMoving>
<mImageDX>-0.462658</mImageDX>
<mImageDY>-0.048004</mImageDY>
<pegInfo>
<mVariable>true</mVariable>
</pegInfo>
<poly>
<mAllowFlash>true</mAllowFlash>
<mx>67.596619</mx>
<my>178.840729</my>
</poly>
<brick>
<mLeftAnchored>true</mLeftAnchored>
<mRightAnchored>true</mRightAnchored>
<mBrickNumSubdiv>3</mBrickNumSubdiv>
<mBrickAngle>15.000000</mBrickAngle>
<mBrickThickness>20.000195</mBrickThickness>
<mBrickRadius>100.000000</mBrickRadius>
<mBrickRotation>127.500000</mBrickRotation>
<corners>
<point>4</point>
<point>5</point>
<point>0</point>
<point>9</point>
</corners>
</brick>
</ent>
<ent>
<class>6</class>
<mCollidable>true</mCollidable>
<mMoving>true</mMoving>
<mImageDX>1.171275</mImageDX>
<mImageDY>0.762634</mImageDY>
<pegInfo>
<mVariable>true</mVariable>
</pegInfo>
<poly>
<mAllowFlash>true</mAllowFlash>
<mx>339.444122</mx>
<my>267.050659</my>
</poly>
<brick>
<mLeftAnchored>true</mLeftAnchored>
<mRightAnchored>true</mRightAnchored>
<mBrickTextureFlip>true</mBrickTextureFlip>
<mBrickNumSubdiv>3</mBrickNumSubdiv>
<mBrickAngle>15.000000</mBrickAngle>
<mBrickThickness>20.000214</mBrickThickness>
<mBrickRadius>100.000000</mBrickRadius>
<mBrickRotation>82.500000</mBrickRotation>
<corners>
<point>4</point>
<point>5</point>
<point>0</point>
<point>9</point>
</corners>
</brick>
</ent>
<ent>
<class>6</class>
<mCollidable>true</mCollidable>
<mMoving>true</mMoving>
<mImageDX>0.845784</mImageDX>
<mImageDY>0.369919</mImageDY>
<pegInfo>
<mVariable>true</mVariable>
</pegInfo>
<poly>
<mAllowFlash>true</mAllowFlash>
<mx>367.181458</mx>
<my>274.482849</my>
</poly>
<brick>
<mLeftAnchored>true</mLeftAnchored>
<mRightAnchored>true</mRightAnchored>
<mBrickTextureFlip>true</mBrickTextureFlip>
<mBrickNumSubdiv>3</mBrickNumSubdiv>
<mBrickAngle>15.000000</mBrickAngle>
<mBrickThickness>20.000214</mBrickThickness>
<mBrickRadius>100.000000</mBrickRadius>
<mBrickRotation>67.500000</mBrickRotation>
<corners>
<point>4</point>
<point>5</point>
<point>0</point>
<point>9</point>
</corners>
</brick>
</ent>
<ent>
<class>6</class>
<mCollidable>true</mCollidable>
<mMoving>true</mMoving>
<mImageDX>0.462667</mImageDX>
<mImageDY>-0.048000</mImageDY>
<pegInfo>
<mVariable>true</mVariable>
</pegInfo>
<poly>
<mAllowFlash>true</mAllowFlash>
<mx>392.050049</mx>
<my>288.840729</my>
</poly>
<brick>
<mLeftAnchored>true</mLeftAnchored>
<mRightAnchored>true</mRightAnchored>
<mBrickTextureFlip>true</mBrickTextureFlip>
<mBrickNumSubdiv>3</mBrickNumSubdiv>
<mBrickAngle>15.000000</mBrickAngle>
<mBrickThickness>20.000195</mBrickThickness>
<mBrickRadius>100.000000</mBrickRadius>
<mBrickRotation>52.500000</mBrickRotation>
<corners>
<point>4</point>
<point>5</point>
<point>0</point>
<point>9</point>
</corners>
</brick>
</ent>
<ent>
<class>6</class>
<mCollidable>true</mCollidable>
<mMoving>true</mMoving>
<mImageDX>0.048004</mImageDX>
<mImageDY>-0.462654</mImageDY>
<pegInfo>
<mVariable>true</mVariable>
</pegInfo>
<poly>
<mAllowFlash>true</mAllowFlash>
<mx>412.355164</mx>
<my>309.145844</my>
</poly>
<brick>
<mLeftAnchored>true</mLeftAnchored>
<mRightAnchored>true</mRightAnchored>
<mBrickTextureFlip>true</mBrickTextureFlip>
<mBrickNumSubdiv>3</mBrickNumSubdiv>
<mBrickAngle>15.000000</mBrickAngle>
<mBrickThickness>20.000195</mBrickThickness>
<mBrickRadius>100.000000</mBrickRadius>
<mBrickRotation>37.500000</mBrickRotation>
<corners>
<point>4</point>
<point>5</point>
<point>0</point>
<point>9</point>
</corners>
</brick>
</ent>
<ent>
<class>6</class>
<mCollidable>true</mCollidable>
<mMoving>true</mMoving>
<mImageDX>-0.047993</mImageDX>
<mImageDY>0.462675</mImageDY>
<pegInfo>
<mVariable>true</mVariable>
</pegInfo>
<poly>
<mAllowFlash>true</mAllowFlash>
<mx>428.343018</mx>
<my>333.073364</my>
</poly>
<brick>
<mLeftAnchored>true</mLeftAnchored>
<mRightAnchored>true</mRightAnchored>
<mBrickNumSubdiv>3</mBrickNumSubdiv>
<mBrickAngle>15.000000</mBrickAngle>
<mBrickThickness>20.000195</mBrickThickness>
<mBrickRadius>100.000000</mBrickRadius>
<mBrickRotation>217.500000</mBrickRotation>
<corners>
<point>4</point>
<point>5</point>
<point>0</point>
<point>9</point>
</corners>
</brick>
</ent>
<ent>
<class>6</class>
<mCollidable>true</mCollidable>
<mMoving>true</mMoving>
<mImageDX>-0.462658</mImageDX>
<mImageDY>0.048004</mImageDY>
<pegInfo>
<mVariable>true</mVariable>
</pegInfo>
<poly>
<mAllowFlash>true</mAllowFlash>
<mx>448.648132</mx>
<my>353.378479</my>
</poly>
<brick>
<mLeftAnchored>true</mLeftAnchored>
<mRightAnchored>true</mRightAnchored>
<mBrickNumSubdiv>3</mBrickNumSubdiv>
<mBrickAngle>15.000000</mBrickAngle>
<mBrickThickness>20.000195</mBrickThickness>
<mBrickRadius>100.000000</mBrickRadius>
<mBrickRotation>-127.500000</mBrickRotation>
<corners>
<point>4</point>
<point>5</point>
<point>0</point>
<point>9</point>
</corners>
</brick>
</ent>
<ent>
<class>6</class>
<mCollidable>true</mCollidable>
<mMoving>true</mMoving>
<mImageDX>-0.845789</mImageDX>
<mImageDY>-0.369919</mImageDY>
<pegInfo>
<mVariable>true</mVariable>
</pegInfo>
<poly>
<mAllowFlash>true</mAllowFlash>
<mx>473.516724</mx>
<my>367.736359</my>
</poly>
<brick>
<mLeftAnchored>true</mLeftAnchored>
<mRightAnchored>true</mRightAnchored>
<mBrickNumSubdiv>3</mBrickNumSubdiv>
<mBrickAngle>15.000000</mBrickAngle>
<mBrickThickness>20.000195</mBrickThickness>
<mBrickRadius>100.000000</mBrickRadius>
<mBrickRotation>-112.500000</mBrickRotation>
<corners>
<point>4</point>
<point>5</point>
<point>0</point>
<point>9</point>
</corners>
</brick>
</ent>
<ent>
<class>6</class>
<mCollidable>true</mCollidable>
<mMoving>true</mMoving>
<mImageDX>-1.171268</mImageDX>
<mImageDY>-0.762638</mImageDY>
<pegInfo>
<mVariable>true</mVariable>
<mCrumble>true</mCrumble>
</pegInfo>
<poly>
<mAllowFlash>true</mAllowFlash>
<mx>501.254059</mx>
<my>375.168549</my>
</poly>
<brick>
<mLeftAnchored>true</mLeftAnchored>
<mRightAnchored>true</mRightAnchored>
<mBrickNumSubdiv>3</mBrickNumSubdiv>
<mBrickAngle>15.000000</mBrickAngle>
<mBrickThickness>20.000183</mBrickThickness>
<mBrickRadius>100.000000</mBrickRadius>
<mBrickRotation>-97.500000</mBrickRotation>
<corners>
<point>4</point>
<point>5</point>
<point>0</point>
<point>9</point>
</corners>
</brick>
</ent>
<ent>
<class>6</class>
<mCollidable>true</mCollidable>
<mMoving>true</mMoving>
<mImageDX>1.171272</mImageDX>
<mImageDY>-0.762634</mImageDY>
<pegInfo>
<mVariable>true</mVariable>
<mCrumble>true</mCrumble>
</pegInfo>
<poly>
<mAllowFlash>true</mAllowFlash>
<mx>529.969849</mx>
<my>375.168549</my>
</poly>
<brick>
<mLeftAnchored>true</mLeftAnchored>
<mRightAnchored>true</mRightAnchored>
<mBrickNumSubdiv>3</mBrickNumSubdiv>
<mBrickAngle>15.000000</mBrickAngle>
<mBrickThickness>20.000183</mBrickThickness>
<mBrickRadius>100.000000</mBrickRadius>
<mBrickRotation>-82.500000</mBrickRotation>
<corners>
<point>4</point>
<point>5</point>
<point>0</point>
<point>9</point>
</corners>
</brick>
</ent>
<ent>
<class>6</class>
<mCollidable>true</mCollidable>
<mMoving>true</mMoving>
<mImageDX>0.845778</mImageDX>
<mImageDY>-0.369915</mImageDY>
<pegInfo>
<mVariable>true</mVariable>
</pegInfo>
<poly>
<mAllowFlash>true</mAllowFlash>
<mx>557.707153</mx>
<my>367.736389</my>
</poly>
<brick>
<mLeftAnchored>true</mLeftAnchored>
<mRightAnchored>true</mRightAnchored>
<mBrickNumSubdiv>3</mBrickNumSubdiv>
<mBrickAngle>15.000000</mBrickAngle>
<mBrickThickness>20.000191</mBrickThickness>
<mBrickRadius>100.000000</mBrickRadius>
<mBrickRotation>-67.500000</mBrickRotation>
<corners>
<point>4</point>
<point>5</point>
<point>0</point>
<point>9</point>
</corners>
</brick>
</ent>
<ent>
<class>6</class>
<mCollidable>true</mCollidable>
<mMoving>true</mMoving>
<mImageDX>0.462667</mImageDX>
<mImageDY>0.048008</mImageDY>
<pegInfo>
<mVariable>true</mVariable>
</pegInfo>
<poly>
<mAllowFlash>true</mAllowFlash>
<mx>582.575745</mx>
<my>353.378510</my>
</poly>
<brick>
<mLeftAnchored>true</mLeftAnchored>
<mRightAnchored>true</mRightAnchored>
<mBrickNumSubdiv>3</mBrickNumSubdiv>
<mBrickAngle>15.000000</mBrickAngle>
<mBrickThickness>20.000210</mBrickThickness>
<mBrickRadius>100.000000</mBrickRadius>
<mBrickRotation>-52.500000</mBrickRotation>
<corners>
<point>4</point>
<point>5</point>
<point>0</point>
<point>9</point>
</corners>
</brick>
</ent>
<ent>
<class>6</class>
<mCollidable>true</mCollidable>
<mMoving>true</mMoving>
<mImageDX>0.048004</mImageDX>
<mImageDY>0.462654</mImageDY>
<pegInfo>
<mVariable>true</mVariable>
</pegInfo>
<poly>
<mAllowFlash>true</mAllowFlash>
<mx>602.880920</mx>
<my>333.073395</my>
</poly>
<brick>
<mLeftAnchored>true</mLeftAnchored>
<mRightAnchored>true</mRightAnchored>
<mBrickNumSubdiv>3</mBrickNumSubdiv>
<mBrickAngle>15.000000</mBrickAngle>
<mBrickThickness>20.000195</mBrickThickness>
<mBrickRadius>100.000000</mBrickRadius>
<mBrickRotation>-37.500000</mBrickRotation>
<corners>
<point>4</point>
<point>5</point>
<point>0</point>
<point>9</point>
</corners>
</brick>
</ent>
<ent>
<class>6</class>
<mCollidable>true</mCollidable>
<mMoving>true</mMoving>
<mImageDX>-0.369919</mImageDX>
<mImageDY>0.845783</mImageDY>
<pegInfo>
<mVariable>true</mVariable>
</pegInfo>
<poly>
<mAllowFlash>true</mAllowFlash>
<mx>617.238770</mx>
<my>308.204803</my>
</poly>
<brick>
<mLeftAnchored>true</mLeftAnchored>
<mRightAnchored>true</mRightAnchored>
<mBrickNumSubdiv>3</mBrickNumSubdiv>
<mBrickAngle>15.000000</mBrickAngle>
<mBrickThickness>20.000195</mBrickThickness>
<mBrickRadius>100.000000</mBrickRadius>
<mBrickRotation>-22.500000</mBrickRotation>
<corners>
<point>4</point>
<point>5</point>
<point>0</point>
<point>9</point>
</corners>
</brick>
</ent>
<ent>
<class>6</class>
<mCollidable>true</mCollidable>
<mMoving>true</mMoving>
<mImageDX>-0.762650</mImageDX>
<mImageDY>1.171270</mImageDY>
<pegInfo>
<mVariable>true</mVariable>
</pegInfo>
<poly>
<mAllowFlash>true</mAllowFlash>
<mx>624.670959</mx>
<my>280.467468</my>
</poly>
<brick>
<mLeftAnchored>true</mLeftAnchored>
<mRightAnchored>true</mRightAnchored>
<mBrickNumSubdiv>3</mBrickNumSubdiv>
<mBrickAngle>15.000000</mBrickAngle>
<mBrickThickness>20.000160</mBrickThickness>
<mBrickRadius>100.000000</mBrickRadius>
<mBrickRotation>-7.500000</mBrickRotation>
<corners>
<point>4</point>
<point>5</point>
<point>0</point>
<point>9</point>
</corners>
</brick>
</ent>
<ent>
<class>6</class>
<mCollidable>true</mCollidable>
<mMoving>true</mMoving>
<mImageDX>-0.762638</mImageDX>
<mImageDY>-1.171273</mImageDY>
<pegInfo>
<mVariable>true</mVariable>
</pegInfo>
<poly>
<mAllowFlash>true</mAllowFlash>
<mx>624.670959</mx>
<my>251.751694</my>
</poly>
<brick>
<mLeftAnchored>true</mLeftAnchored>
<mRightAnchored>true</mRightAnchored>
<mBrickNumSubdiv>3</mBrickNumSubdiv>
<mBrickAngle>15.000000</mBrickAngle>
<mBrickThickness>20.000183</mBrickThickness>
<mBrickRadius>100.000000</mBrickRadius>
<mBrickRotation>7.500000</mBrickRotation>
<corners>
<point>4</point>
<point>5</point>
<point>0</point>
<point>9</point>
</corners>
</brick>
</ent>
<ent>
<class>6</class>
<mCollidable>true</mCollidable>
<mMoving>true</mMoving>
<mImageDX>-0.369923</mImageDX>
<mImageDY>-0.845783</mImageDY>
<pegInfo>
<mVariable>true</mVariable>
</pegInfo>
<poly>
<mAllowFlash>true</mAllowFlash>
<mx>617.238770</mx>
<my>224.014374</my>
</poly>
<brick>
<mLeftAnchored>true</mLeftAnchored>
<mRightAnchored>true</mRightAnchored>
<mBrickNumSubdiv>3</mBrickNumSubdiv>
<mBrickAngle>15.000000</mBrickAngle>
<mBrickThickness>20.000153</mBrickThickness>
<mBrickRadius>100.000000</mBrickRadius>
<mBrickRotation>22.500000</mBrickRotation>
<corners>
<point>4</point>
<point>5</point>
<point>0</point>
<point>9</point>
</corners>
</brick>
</ent>
<ent>
<class>6</class>
<mCollidable>true</mCollidable>
<mMoving>true</mMoving>
<mImageDX>0.048004</mImageDX>
<mImageDY>-0.462654</mImageDY>
<pegInfo>
<mVariable>true</mVariable>
</pegInfo>
<poly>
<mAllowFlash>true</mAllowFlash>
<mx>602.880859</mx>
<my>199.145782</my>
</poly>
<brick>
<mLeftAnchored>true</mLeftAnchored>
<mRightAnchored>true</mRightAnchored>
<mBrickNumSubdiv>3</mBrickNumSubdiv>
<mBrickAngle>15.000000</mBrickAngle>
<mBrickThickness>20.000195</mBrickThickness>
<mBrickRadius>100.000000</mBrickRadius>
<mBrickRotation>37.500000</mBrickRotation>
<corners>
<point>4</point>
<point>5</point>
<point>0</point>
<point>9</point>
</corners>
</brick>
</ent>
<ent>
<class>6</class>
<mCollidable>true</mCollidable>
<mMoving>true</mMoving>
<mImageDX>0.462667</mImageDX>
<mImageDY>-0.048000</mImageDY>
<pegInfo>
<mVariable>true</mVariable>
</pegInfo>
<poly>
<mAllowFlash>true</mAllowFlash>
<mx>582.575684</mx>
<my>178.840652</my>
</poly>
<brick>
<mLeftAnchored>true</mLeftAnchored>
<mRightAnchored>true</mRightAnchored>
<mBrickNumSubdiv>3</mBrickNumSubdiv>
<mBrickAngle>15.000000</mBrickAngle>
<mBrickThickness>20.000195</mBrickThickness>
<mBrickRadius>100.000000</mBrickRadius>
<mBrickRotation>52.500000</mBrickRotation>
<corners>
<point>4</point>
<point>5</point>
<point>0</point>
<point>9</point>
</corners>
</brick>
</ent>
<ent>
<class>6</class>
<mCollidable>true</mCollidable>
<mMoving>true</mMoving>
<mImageDX>-0.851854</mImageDX>
<pegInfo>
<mVariable>true</mVariable>
</pegInfo>
<mover>
<mMoveType>13</mMoveType>
<mOrigX>515.000000</mOrigX>
<mOrigY>265.000000</mOrigY>
<mMoveTime>1500</mMoveTime>
<mMoveRadius>65</mMoveRadius>
<mx>580.000000</mx>
<my>265.000000</my>
</mover>
<poly>
<mAllowFlash>true</mAllowFlash>
</poly>
<brick>
<mBrickNumSubdiv>3</mBrickNumSubdiv>
<mBrickAngle>30.000000</mBrickAngle>
<mBrickThickness>20.000137</mBrickThickness>
<mBrickRadius>50.000000</mBrickRadius>
<mBrickRotation>0.000000</mBrickRotation>
<corners>
<point>4</point>
<point>5</point>
<point>0</point>
<point>9</point>
</corners>
</brick>
</ent>
<ent>
<class>6</class>
<mCollidable>true</mCollidable>
<mMoving>true</mMoving>
<mImageDX>-0.851854</mImageDX>
<pegInfo>
<mVariable>true</mVariable>
</pegInfo>
<mover>
<mMoveType>13</mMoveType>
<mOrigX>515.000000</mOrigX>
<mOrigY>265.000000</mOrigY>
<mMoveTime>1500</mMoveTime>
<mMoveRadius>65</mMoveRadius>
<mMovePhase>0.166667</mMovePhase>
<mRotation>1.047198</mRotation>
<mx>547.500000</mx>
<my>208.708344</my>
</mover>
<poly>
<mAllowFlash>true</mAllowFlash>
<mRad>1.047198</mRad>
</poly>
<brick>
<mBrickNumSubdiv>3</mBrickNumSubdiv>
<mBrickAngle>30.000000</mBrickAngle>
<mBrickThickness>20.000149</mBrickThickness>
<mBrickRadius>50.000000</mBrickRadius>
<mBrickRotation>0.000000</mBrickRotation>
<corners>
<point>4</point>
<point>5</point>
<point>0</point>
<point>9</point>
</corners>
</brick>
</ent>
<ent>
<class>6</class>
<mCollidable>true</mCollidable>
<mMoving>true</mMoving>
<mImageDX>-0.851854</mImageDX>
<pegInfo>
<mVariable>true</mVariable>
</pegInfo>
<mover>
<mMoveType>13</mMoveType>
<mOrigX>515.000000</mOrigX>
<mOrigY>265.000000</mOrigY>
<mMoveTime>1500</mMoveTime>
<mMoveRadius>65</mMoveRadius>
<mMovePhase>0.333333</mMovePhase>
<mRotation>2.094395</mRotation>
<mx>482.500000</mx>
<my>208.708344</my>
</mover>
<poly>
<mAllowFlash>true</mAllowFlash>
<mRad>2.094395</mRad>
</poly>
<brick>
<mBrickNumSubdiv>3</mBrickNumSubdiv>
<mBrickAngle>30.000000</mBrickAngle>
<mBrickThickness>20.000168</mBrickThickness>
<mBrickRadius>50.000000</mBrickRadius>
<mBrickRotation>0.000000</mBrickRotation>
<corners>
<point>4</point>
<point>5</point>
<point>0</point>
<point>9</point>
</corners>
</brick>
</ent>
<ent>
<class>6</class>
<mCollidable>true</mCollidable>
<mMoving>true</mMoving>
<mImageDX>-0.851854</mImageDX>
<pegInfo>
<mVariable>true</mVariable>
</pegInfo>
<mover>
<mMoveType>13</mMoveType>
<mOrigX>515.000000</mOrigX>
<mOrigY>265.000000</mOrigY>
<mMoveTime>1500</mMoveTime>
<mMoveRadius>65</mMoveRadius>
<mMovePhase>0.500000</mMovePhase>
<mRotation>3.141593</mRotation>
<mx>450.000000</mx>
<my>265.000000</my>
</mover>
<poly>
<mAllowFlash>true</mAllowFlash>
<mRad>3.141593</mRad>
</poly>
<brick>
<mBrickNumSubdiv>3</mBrickNumSubdiv>
<mBrickAngle>30.000000</mBrickAngle>
<mBrickThickness>20.000162</mBrickThickness>
<mBrickRadius>50.000000</mBrickRadius>
<mBrickRotation>0.000000</mBrickRotation>
<corners>
<point>4</point>
<point>5</point>
<point>0</point>
<point>9</point>
</corners>
</brick>
</ent>
<ent>
<class>6</class>
<mCollidable>true</mCollidable>
<mMoving>true</mMoving>
<mImageDX>-0.851854</mImageDX>
<pegInfo>
<mVariable>true</mVariable>
</pegInfo>
<mover>
<mMoveType>13</mMoveType>
<mOrigX>515.000000</mOrigX>
<mOrigY>265.000000</mOrigY>
<mMoveTime>1500</mMoveTime>
<mMoveRadius>65</mMoveRadius>
<mMovePhase>0.666667</mMovePhase>
<mRotation>4.188790</mRotation>
<mx>482.500000</mx>
<my>321.291656</my>
</mover>
<poly>
<mAllowFlash>true</mAllowFlash>
<mRad>4.188790</mRad>
</poly>
<brick>
<mBrickNumSubdiv>3</mBrickNumSubdiv>
<mBrickAngle>30.000000</mBrickAngle>
<mBrickThickness>20.000156</mBrickThickness>
<mBrickRadius>50.000000</mBrickRadius>
<mBrickRotation>0.000000</mBrickRotation>
<corners>
<point>4</point>
<point>5</point>
<point>0</point>
<point>9</point>
</corners>
</brick>
</ent>
<ent>
<class>6</class>
<mCollidable>true</mCollidable>
<mMoving>true</mMoving>
<mImageDX>-0.851854</mImageDX>
<pegInfo>
<mVariable>true</mVariable>
</pegInfo>
<mover>
<mMoveType>13</mMoveType>
<mOrigX>515.000000</mOrigX>
<mOrigY>265.000000</mOrigY>
<mMoveTime>1500</mMoveTime>
<mMoveRadius>65</mMoveRadius>
<mMovePhase>0.833333</mMovePhase>
<mRotation>5.235988</mRotation>
<mx>547.500000</mx>
<my>321.291656</my>
</mover>
<poly>
<mAllowFlash>true</mAllowFlash>
<mRad>5.235988</mRad>
</poly>
<brick>
<mBrickNumSubdiv>3</mBrickNumSubdiv>
<mBrickAngle>30.000000</mBrickAngle>
<mBrickThickness>20.000153</mBrickThickness>
<mBrickRadius>50.000000</mBrickRadius>
<mBrickRotation>0.000000</mBrickRotation>
<corners>
<point>4</point>
<point>5</point>
<point>0</point>
<point>9</point>
</corners>
</brick>
</ent>
<ent>
<class>6</class>
<mCollidable>true</mCollidable>
<mMoving>true</mMoving>
<mImageDX>-0.851854</mImageDX>
<pegInfo>
<mVariable>true</mVariable>
</pegInfo>
<mover>
<mMoveType>13</mMoveType>
<mOrigX>325.000000</mOrigX>
<mOrigY>380.000000</mOrigY>
<mMoveTime>1500</mMoveTime>
<mMoveRadius>65</mMoveRadius>
<mx>390.000000</mx>
<my>380.000000</my>
</mover>
<poly>
<mAllowFlash>true</mAllowFlash>
</poly>
<brick>
<mBrickNumSubdiv>3</mBrickNumSubdiv>
<mBrickAngle>30.000000</mBrickAngle>
<mBrickThickness>20.000137</mBrickThickness>
<mBrickRadius>50.000000</mBrickRadius>
<mBrickRotation>0.000000</mBrickRotation>
<corners>
<point>4</point>
<point>5</point>
<point>0</point>
<point>9</point>
</corners>
</brick>
</ent>
<ent>
<class>6</class>
<mCollidable>true</mCollidable>
<mMoving>true</mMoving>
<mImageDX>-0.851854</mImageDX>
<pegInfo>
<mVariable>true</mVariable>
</pegInfo>
<mover>
<mMoveType>13</mMoveType>
<mOrigX>325.000000</mOrigX>
<mOrigY>380.000000</mOrigY>
<mMoveTime>1500</mMoveTime>
<mMoveRadius>65</mMoveRadius>
<mMovePhase>0.166667</mMovePhase>
<mRotation>1.047198</mRotation>
<mx>357.500000</mx>
<my>323.708344</my>
</mover>
<poly>
<mAllowFlash>true</mAllowFlash>
<mRad>1.047198</mRad>
</poly>
<brick>
<mBrickNumSubdiv>3</mBrickNumSubdiv>
<mBrickAngle>30.000000</mBrickAngle>
<mBrickThickness>20.000149</mBrickThickness>
<mBrickRadius>50.000000</mBrickRadius>
<mBrickRotation>0.000000</mBrickRotation>
<corners>
<point>4</point>
<point>5</point>
<point>0</point>
<point>9</point>
</corners>
</brick>
</ent>
<ent>
<class>6</class>
<mCollidable>true</mCollidable>
<mMoving>true</mMoving>
<mImageDX>-0.851854</mImageDX>
<pegInfo>
<mVariable>true</mVariable>
</pegInfo>
<mover>
<mMoveType>13</mMoveType>
<mOrigX>325.000000</mOrigX>
<mOrigY>380.000000</mOrigY>
<mMoveTime>1500</mMoveTime>
<mMoveRadius>65</mMoveRadius>
<mMovePhase>0.333333</mMovePhase>
<mRotation>2.094395</mRotation>
<mx>292.500000</mx>
<my>323.708344</my>
</mover>
<poly>
<mAllowFlash>true</mAllowFlash>
<mRad>2.094395</mRad>
</poly>
<brick>
<mBrickNumSubdiv>3</mBrickNumSubdiv>
<mBrickAngle>30.000000</mBrickAngle>
<mBrickThickness>20.000168</mBrickThickness>
<mBrickRadius>50.000000</mBrickRadius>
<mBrickRotation>0.000000</mBrickRotation>
<corners>
<point>4</point>
<point>5</point>
<point>0</point>
<point>9</point>
</corners>
</brick>
</ent>
<ent>
<class>6</class>
<mCollidable>true</mCollidable>
<mMoving>true</mMoving>
<mImageDX>-0.851854</mImageDX>
<pegInfo>
<mVariable>true</mVariable>
</pegInfo>
<mover>
<mMoveType>13</mMoveType>
<mOrigX>325.000000</mOrigX>
<mOrigY>380.000000</mOrigY>
<mMoveTime>1500</mMoveTime>
<mMoveRadius>65</mMoveRadius>
<mMovePhase>0.500000</mMovePhase>
<mRotation>3.141593</mRotation>
<mx>260.000000</mx>
<my>380.000000</my>
</mover>
<poly>
<mAllowFlash>true</mAllowFlash>
<mRad>3.141593</mRad>
</poly>
<brick>
<mBrickNumSubdiv>3</mBrickNumSubdiv>
<mBrickAngle>30.000000</mBrickAngle>
<mBrickThickness>20.000162</mBrickThickness>
<mBrickRadius>50.000000</mBrickRadius>
<mBrickRotation>0.000000</mBrickRotation>
<corners>
<point>4</point>
<point>5</point>
<point>0</point>
<point>9</point>
</corners>
</brick>
</ent>
<ent>
<class>6</class>
<mCollidable>true</mCollidable>
<mMoving>true</mMoving>
<mImageDX>-0.851854</mImageDX>
<pegInfo>
<mVariable>true</mVariable>
</pegInfo>
<mover>
<mMoveType>13</mMoveType>
<mOrigX>325.000000</mOrigX>
<mOrigY>380.000000</mOrigY>
<mMoveTime>1500</mMoveTime>
<mMoveRadius>65</mMoveRadius>
<mMovePhase>0.666667</mMovePhase>
<mRotation>4.188790</mRotation>
<mx>292.500000</mx>
<my>436.291656</my>
</mover>
<poly>
<mAllowFlash>true</mAllowFlash>
<mRad>4.188790</mRad>
</poly>
<brick>
<mBrickNumSubdiv>3</mBrickNumSubdiv>
<mBrickAngle>30.000000</mBrickAngle>
<mBrickThickness>20.000156</mBrickThickness>
<mBrickRadius>50.000000</mBrickRadius>
<mBrickRotation>0.000000</mBrickRotation>
<corners>
<point>4</point>
<point>5</point>
<point>0</point>
<point>9</point>
</corners>
</brick>
</ent>
<ent>
<class>6</class>
<mCollidable>true</mCollidable>
<mMoving>true</mMoving>
<mImageDX>-0.851854</mImageDX>
<pegInfo>
<mVariable>true</mVariable>
</pegInfo>
<mover>
<mMoveType>13</mMoveType>
<mOrigX>325.000000</mOrigX>
<mOrigY>380.000000</mOrigY>
<mMoveTime>1500</mMoveTime>
<mMoveRadius>65</mMoveRadius>
<mMovePhase>0.833333</mMovePhase>
<mRotation>5.235988</mRotation>
<mx>357.500000</mx>
<my>436.291656</my>
</mover>
<poly>
<mAllowFlash>true</mAllowFlash>
<mRad>5.235988</mRad>
</poly>
<brick>
<mBrickNumSubdiv>3</mBrickNumSubdiv>
<mBrickAngle>30.000000</mBrickAngle>
<mBrickThickness>20.000153</mBrickThickness>
<mBrickRadius>50.000000</mBrickRadius>
<mBrickRotation>0.000000</mBrickRotation>
<corners>
<point>4</point>
<point>5</point>
<point>0</point>
<point>9</point>
</corners>
</brick>
</ent>
<ent>
<class>6</class>
<mCollidable>true</mCollidable>
<mMoving>true</mMoving>
<mImageDX>-0.845789</mImageDX>
<mImageDY>0.369919</mImageDY>
<pegInfo>
<mVariable>true</mVariable>
</pegInfo>
<poly>
<mAllowFlash>true</mAllowFlash>
<mx>92.465225</mx>
<my>164.482849</my>
</poly>
<brick>
<mLeftAnchored>true</mLeftAnchored>
<mRightAnchored>true</mRightAnchored>
<mBrickNumSubdiv>3</mBrickNumSubdiv>
<mBrickAngle>15.000000</mBrickAngle>
<mBrickThickness>20.000202</mBrickThickness>
<mBrickRadius>100.000000</mBrickRadius>
<mBrickRotation>112.500000</mBrickRotation>
<corners>
<point>4</point>
<point>5</point>
<point>0</point>
<point>9</point>
</corners>
</brick>
</ent>
<ent>
<class>6</class>
<mCollidable>true</mCollidable>
<mMoving>true</mMoving>
<mImageDX>-1.171268</mImageDX>
<mImageDY>0.762638</mImageDY>
<pegInfo>
<mVariable>true</mVariable>
</pegInfo>
<poly>
<mAllowFlash>true</mAllowFlash>
<mx>120.202553</mx>
<my>157.050659</my>
</poly>
<brick>
<mLeftAnchored>true</mLeftAnchored>
<mRightAnchored>true</mRightAnchored>
<mBrickNumSubdiv>3</mBrickNumSubdiv>
<mBrickAngle>15.000000</mBrickAngle>
<mBrickThickness>20.000185</mBrickThickness>
<mBrickRadius>100.000000</mBrickRadius>
<mBrickRotation>97.500000</mBrickRotation>
<corners>
<point>4</point>
<point>5</point>
<point>0</point>
<point>9</point>
</corners>
</brick>
</ent>
<ent>
<class>6</class>
<mCollidable>true</mCollidable>
<mMoving>true</mMoving>
<mImageDX>1.171272</mImageDX>
<mImageDY>0.762634</mImageDY>
<pegInfo>
<mVariable>true</mVariable>
</pegInfo>
<poly>
<mAllowFlash>true</mAllowFlash>
<mx>148.918335</mx>
<my>157.050659</my>
</poly>
<brick>
<mLeftAnchored>true</mLeftAnchored>
<mRightAnchored>true</mRightAnchored>
<mBrickNumSubdiv>3</mBrickNumSubdiv>
<mBrickAngle>15.000000</mBrickAngle>
<mBrickThickness>20.000183</mBrickThickness>
<mBrickRadius>100.000000</mBrickRadius>
<mBrickRotation>82.500000</mBrickRotation>
<corners>
<point>4</point>
<point>5</point>
<point>0</point>
<point>9</point>
</corners>
</brick>
</ent>
<ent>
<class>6</class>
<mCollidable>true</mCollidable>
<mMoving>true</mMoving>
<mImageDX>0.845780</mImageDX>
<mImageDY>0.369919</mImageDY>
<pegInfo>
<mVariable>true</mVariable>
</pegInfo>
<poly>
<mAllowFlash>true</mAllowFlash>
<mx>176.655640</mx>
<my>164.482849</my>
</poly>
<brick>
<mRightAnchored>true</mRightAnchored>
<mBrickNumSubdiv>3</mBrickNumSubdiv>
<mBrickAngle>15.000000</mBrickAngle>
<mBrickThickness>20.000187</mBrickThickness>
<mBrickRadius>100.000000</mBrickRadius>
<mBrickRotation>67.500000</mBrickRotation>
<corners>
<point>4</point>
<point>5</point>
<point>0</point>
<point>9</point>
</corners>
</brick>
</ent>
<ent>
<class>6</class>
<mCollidable>true</mCollidable>
<mMoving>true</mMoving>
<mImageDX>0.845778</mImageDX>
<mImageDY>0.369915</mImageDY>
<pegInfo>
<mVariable>true</mVariable>
</pegInfo>
<poly>
<mAllowFlash>true</mAllowFlash>
<mx>557.707092</mx>
<my>164.482758</my>
</poly>
<brick>
<mLeftAnchored>true</mLeftAnchored>
<mRightAnchored>true</mRightAnchored>
<mBrickNumSubdiv>3</mBrickNumSubdiv>
<mBrickAngle>15.000000</mBrickAngle>
<mBrickThickness>20.000191</mBrickThickness>
<mBrickRadius>100.000000</mBrickRadius>
<mBrickRotation>67.500000</mBrickRotation>
<corners>
<point>4</point>
<point>5</point>
<point>0</point>
<point>9</point>
</corners>
</brick>
</ent>
<ent>
<class>6</class>
<mCollidable>true</mCollidable>
<mMoving>true</mMoving>
<mImageDX>1.171274</mImageDX>
<mImageDY>0.762638</mImageDY>
<pegInfo>
<mVariable>true</mVariable>
</pegInfo>
<poly>
<mAllowFlash>true</mAllowFlash>
<mx>529.969788</mx>
<my>157.050568</my>
</poly>
<brick>
<mLeftAnchored>true</mLeftAnchored>
<mRightAnchored>true</mRightAnchored>
<mBrickNumSubdiv>3</mBrickNumSubdiv>
<mBrickAngle>15.000000</mBrickAngle>
<mBrickThickness>20.000206</mBrickThickness>
<mBrickRadius>100.000000</mBrickRadius>
<mBrickRotation>82.500000</mBrickRotation>
<corners>
<point>4</point>
<point>5</point>
<point>0</point>
<point>9</point>
</corners>
</brick>
</ent>
<ent>
<class>6</class>
<mCollidable>true</mCollidable>
<mMoving>true</mMoving>
<mImageDX>-1.171268</mImageDX>
<mImageDY>0.762646</mImageDY>
<pegInfo>
<mVariable>true</mVariable>
</pegInfo>
<poly>
<mAllowFlash>true</mAllowFlash>
<mx>501.254028</mx>
<my>157.050568</my>
</poly>
<brick>
<mLeftAnchored>true</mLeftAnchored>
<mRightAnchored>true</mRightAnchored>
<mBrickNumSubdiv>3</mBrickNumSubdiv>
<mBrickAngle>15.000000</mBrickAngle>
<mBrickThickness>20.000198</mBrickThickness>
<mBrickRadius>100.000000</mBrickRadius>
<mBrickRotation>97.500000</mBrickRotation>
<corners>
<point>4</point>
<point>5</point>
<point>0</point>
<point>9</point>
</corners>
</brick>
</ent>
<ent>
<class>6</class>
<mCollidable>true</mCollidable>
<mMoving>true</mMoving>
<mImageDX>-0.845785</mImageDX>
<mImageDY>0.369926</mImageDY>
<pegInfo>
<mVariable>true</mVariable>
</pegInfo>
<poly>
<mAllowFlash>true</mAllowFlash>
<mx>473.516693</mx>
<my>164.482758</my>
</poly>
<brick>
<mLeftAnchored>true</mLeftAnchored>
<mBrickNumSubdiv>3</mBrickNumSubdiv>
<mBrickAngle>15.000000</mBrickAngle>
<mBrickThickness>20.000214</mBrickThickness>
<mBrickRadius>100.000000</mBrickRadius>
<mBrickRotation>112.500000</mBrickRotation>
<corners>
<point>4</point>
<point>5</point>
<point>0</point>
<point>9</point>
</corners>
</brick>
</ent>
<ent>
<class>5</class>
<mCollidable>true</mCollidable>
<mMoving>true</mMoving>
<pegInfo>
<mVariable>true</mVariable>
</pegInfo>
<ball>
<mIsPeg>true</mIsPeg>
<mCollidesWithOtherBalls>true</mCollidesWithOtherBalls>
<mx>135.000000</mx>
<my>265.000000</my>
<mRadius>10.000000</mRadius>
</ball>
</ent>
<ent>
<class>5</class>
<mCollidable>true</mCollidable>
<mMoving>true</mMoving>
<pegInfo>
<mVariable>true</mVariable>
</pegInfo>
<ball>
<mIsPeg>true</mIsPeg>
<mCollidesWithOtherBalls>true</mCollidesWithOtherBalls>
<mx>115.000000</mx>
<my>230.000000</my>
<mRadius>10.000000</mRadius>
</ball>
</ent>
<ent>
<class>5</class>
<mCollidable>true</mCollidable>
<mMoving>true</mMoving>
<pegInfo>
<mVariable>true</mVariable>
</pegInfo>
<ball>
<mIsPeg>true</mIsPeg>
<mCollidesWithOtherBalls>true</mCollidesWithOtherBalls>
<mx>155.000000</mx>
<my>230.000000</my>
<mRadius>10.000000</mRadius>
</ball>
</ent>
<ent>
<class>5</class>
<mCollidable>true</mCollidable>
<mMoving>true</mMoving>
<pegInfo>
<mVariable>true</mVariable>
</pegInfo>
<ball>
<mIsPeg>true</mIsPeg>
<mCollidesWithOtherBalls>true</mCollidesWithOtherBalls>
<mx>175.000000</mx>
<my>265.000000</my>
<mRadius>10.000000</mRadius>
</ball>
</ent>
<ent>
<class>5</class>
<mCollidable>true</mCollidable>
<mMoving>true</mMoving>
<pegInfo>
<mVariable>true</mVariable>
</pegInfo>
<ball>
<mIsPeg>true</mIsPeg>
<mCollidesWithOtherBalls>true</mCollidesWithOtherBalls>
<mx>155.000000</mx>
<my>300.000000</my>
<mRadius>10.000000</mRadius>
</ball>
</ent>
<ent>
<class>5</class>
<mCollidable>true</mCollidable>
<mMoving>true</mMoving>
<pegInfo>
<mVariable>true</mVariable>
</pegInfo>
<ball>
<mIsPeg>true</mIsPeg>
<mCollidesWithOtherBalls>true</mCollidesWithOtherBalls>
<mx>115.000000</mx>
<my>300.000000</my>
<mRadius>10.000000</mRadius>
</ball>
</ent>
<ent>
<class>5</class>
<mCollidable>true</mCollidable>
<mMoving>true</mMoving>
<pegInfo>
<mVariable>true</mVariable>
</pegInfo>
<ball>
<mIsPeg>true</mIsPeg>
<mCollidesWithOtherBalls>true</mCollidesWithOtherBalls>
<mx>95.000000</mx>
<my>265.000000</my>
<mRadius>10.000000</mRadius>
</ball>
</ent>
<ent>
<class>5</class>
<mCollidable>true</mCollidable>
<mMoving>true</mMoving>
<pegInfo>
<mVariable>true</mVariable>
</pegInfo>
<ball>
<mIsPeg>true</mIsPeg>
<mCollidesWithOtherBalls>true</mCollidesWithOtherBalls>
<mx>515.000000</mx>
<my>265.000000</my>
<mRadius>10.000000</mRadius>
</ball>
</ent>
<ent>
<class>5</class>
<mCollidable>true</mCollidable>
<mMoving>true</mMoving>
<pegInfo>
<mVariable>true</mVariable>
</pegInfo>
<ball>
<mIsPeg>true</mIsPeg>
<mCollidesWithOtherBalls>true</mCollidesWithOtherBalls>
<mx>495.000000</mx>
<my>230.000000</my>
<mRadius>10.000000</mRadius>
</ball>
</ent>
<ent>
<class>5</class>
<mCollidable>true</mCollidable>
<mMoving>true</mMoving>
<pegInfo>
<mVariable>true</mVariable>
</pegInfo>
<ball>
<mIsPeg>true</mIsPeg>
<mCollidesWithOtherBalls>true</mCollidesWithOtherBalls>
<mx>535.000000</mx>
<my>230.000000</my>
<mRadius>10.000000</mRadius>
</ball>
</ent>
<ent>
<class>5</class>
<mCollidable>true</mCollidable>
<mMoving>true</mMoving>
<pegInfo>
<mVariable>true</mVariable>
</pegInfo>
<ball>
<mIsPeg>true</mIsPeg>
<mCollidesWithOtherBalls>true</mCollidesWithOtherBalls>
<mx>555.000000</mx>
<my>265.000000</my>
<mRadius>10.000000</mRadius>
</ball>
</ent>
<ent>
<class>5</class>
<mCollidable>true</mCollidable>
<mMoving>true</mMoving>
<pegInfo>
<mVariable>true</mVariable>
</pegInfo>
<ball>
<mIsPeg>true</mIsPeg>
<mCollidesWithOtherBalls>true</mCollidesWithOtherBalls>
<mx>535.000000</mx>
<my>300.000000</my>
<mRadius>10.000000</mRadius>
</ball>
</ent>
<ent>
<class>5</class>
<mCollidable>true</mCollidable>
<mMoving>true</mMoving>
<pegInfo>
<mVariable>true</mVariable>
</pegInfo>
<ball>
<mIsPeg>true</mIsPeg>
<mCollidesWithOtherBalls>true</mCollidesWithOtherBalls>
<mx>495.000000</mx>
<my>300.000000</my>
<mRadius>10.000000</mRadius>
</ball>
</ent>
<ent>
<class>5</class>
<mCollidable>true</mCollidable>
<mMoving>true</mMoving>
<pegInfo>
<mVariable>true</mVariable>
</pegInfo>
<ball>
<mIsPeg>true</mIsPeg>
<mCollidesWithOtherBalls>true</mCollidesWithOtherBalls>
<mx>475.000000</mx>
<my>265.000000</my>
<mRadius>10.000000</mRadius>
</ball>
</ent>
<ent>
<class>5</class>
<mCollidable>true</mCollidable>
<mMoving>true</mMoving>
<pegInfo>
<mVariable>true</mVariable>
</pegInfo>
<ball>
<mIsPeg>true</mIsPeg>
<mCollidesWithOtherBalls>true</mCollidesWithOtherBalls>
<mx>305.000000</mx>
<my>230.000000</my>
<mRadius>10.000000</mRadius>
</ball>
</ent>
<ent>
<class>5</class>
<mCollidable>true</mCollidable>
<mMoving>true</mMoving>
<pegInfo>
<mVariable>true</mVariable>
</pegInfo>
<ball>
<mIsPeg>true</mIsPeg>
<mCollidesWithOtherBalls>true</mCollidesWithOtherBalls>
<mx>345.000000</mx>
<my>230.000000</my>
<mRadius>10.000000</mRadius>
</ball>
</ent>
<ent>
<class>5</class>
<mCollidable>true</mCollidable>
<mMoving>true</mMoving>
<pegInfo>
<mVariable>true</mVariable>
</pegInfo>
<ball>
<mIsPeg>true</mIsPeg>
<mCollidesWithOtherBalls>true</mCollidesWithOtherBalls>
<mx>380.000000</mx>
<my>240.000000</my>
<mRadius>10.000000</mRadius>
</ball>
</ent>
<ent>
<class>5</class>
<mCollidable>true</mCollidable>
<mMoving>true</mMoving>
<pegInfo>
<mVariable>true</mVariable>
</pegInfo>
<ball>
<mIsPeg>true</mIsPeg>
<mCollidesWithOtherBalls>true</mCollidesWithOtherBalls>
<mx>410.000000</mx>
<my>255.000000</my>
<mRadius>10.000000</mRadius>
</ball>
</ent>
<ent>
<class>5</class>
<mCollidable>true</mCollidable>
<mMoving>true</mMoving>
<pegInfo>
<mVariable>true</mVariable>
</pegInfo>
<ball>
<mIsPeg>true</mIsPeg>
<mCollidesWithOtherBalls>true</mCollidesWithOtherBalls>
<mx>270.000000</mx>
<my>240.000000</my>
<mRadius>10.000000</mRadius>
</ball>
</ent>
<ent>
<class>5</class>
<mCollidable>true</mCollidable>
<mMoving>true</mMoving>
<pegInfo>
<mVariable>true</mVariable>
</pegInfo>
<ball>
<mIsPeg>true</mIsPeg>
<mCollidesWithOtherBalls>true</mCollidesWithOtherBalls>
<mx>240.000000</mx>
<my>260.000000</my>
<mRadius>10.000000</mRadius>
</ball>
</ent>
<ent>
<class>5</class>
<mCollidable>true</mCollidable>
<mMoving>true</mMoving>
<pegInfo>
<mVariable>true</mVariable>
</pegInfo>
<ball>
<mIsPeg>true</mIsPeg>
<mCollidesWithOtherBalls>true</mCollidesWithOtherBalls>
<mx>325.000000</mx>
<my>190.000000</my>
<mRadius>10.000000</mRadius>
</ball>
</ent>
<ent>
<class>5</class>
<mCollidable>true</mCollidable>
<mMoving>true</mMoving>
<pegInfo>
<mVariable>true</mVariable>
</pegInfo>
<ball>
<mIsPeg>true</mIsPeg>
<mCollidesWithOtherBalls>true</mCollidesWithOtherBalls>
<mx>365.000000</mx>
<my>195.000000</my>
<mRadius>10.000000</mRadius>
</ball>
</ent>
<ent>
<class>5</class>
<mCollidable>true</mCollidable>
<mMoving>true</mMoving>
<pegInfo>
<mVariable>true</mVariable>
</pegInfo>
<ball>
<mIsPeg>true</mIsPeg>
<mCollidesWithOtherBalls>true</mCollidesWithOtherBalls>
<mx>400.000000</mx>
<my>210.000000</my>
<mRadius>10.000000</mRadius>
</ball>
</ent>
<ent>
<class>5</class>
<mCollidable>true</mCollidable>
<mMoving>true</mMoving>
<pegInfo>
<mVariable>true</mVariable>
</pegInfo>
<ball>
<mIsPeg>true</mIsPeg>
<mCollidesWithOtherBalls>true</mCollidesWithOtherBalls>
<mx>285.000000</mx>
<my>195.000000</my>
<mRadius>10.000000</mRadius>
</ball>
</ent>
<ent>
<class>5</class>
<mCollidable>true</mCollidable>
<mMoving>true</mMoving>
<pegInfo>
<mVariable>true</mVariable>
</pegInfo>
<ball>
<mIsPeg>true</mIsPeg>
<mCollidesWithOtherBalls>true</mCollidesWithOtherBalls>
<mx>250.000000</mx>
<my>210.000000</my>
<mRadius>10.000000</mRadius>
</ball>
</ent>
<ent>
<class>5</class>
<mCollidable>true</mCollidable>
<mMoving>true</mMoving>
<pegInfo>
<mVariable>true</mVariable>
</pegInfo>
<ball>
<mIsPeg>true</mIsPeg>
<mCollidesWithOtherBalls>true</mCollidesWithOtherBalls>
<mx>195.000000</mx>
<my>130.000000</my>
<mRadius>10.000000</mRadius>
</ball>
</ent>
<ent>
<class>5</class>
<mCollidable>true</mCollidable>
<mMoving>true</mMoving>
<pegInfo>
<mVariable>true</mVariable>
</pegInfo>
<ball>
<mIsPeg>true</mIsPeg>
<mCollidesWithOtherBalls>true</mCollidesWithOtherBalls>
<mx>155.000000</mx>
<my>120.000000</my>
<mRadius>10.000000</mRadius>
</ball>
</ent>
<ent>
<class>5</class>
<mCollidable>true</mCollidable>
<mMoving>true</mMoving>
<pegInfo>
<mVariable>true</mVariable>
</pegInfo>
<ball>
<mIsPeg>true</mIsPeg>
<mCollidesWithOtherBalls>true</mCollidesWithOtherBalls>
<mx>115.000000</mx>
<my>120.000000</my>
<mRadius>10.000000</mRadius>
</ball>
</ent>
<ent>
<class>5</class>
<mCollidable>true</mCollidable>
<mMoving>true</mMoving>
<pegInfo>
<mVariable>true</mVariable>
</pegInfo>
<ball>
<mIsPeg>true</mIsPeg>
<mCollidesWithOtherBalls>true</mCollidesWithOtherBalls>
<mx>75.000000</mx>
<my>130.000000</my>
<mRadius>10.000000</mRadius>
</ball>
</ent>
<ent>
<class>5</class>
<mCollidable>true</mCollidable>
<mMoving>true</mMoving>
<pegInfo>
<mVariable>true</mVariable>
</pegInfo>
<ball>
<mIsPeg>true</mIsPeg>
<mCollidesWithOtherBalls>true</mCollidesWithOtherBalls>
<mx>575.000000</mx>
<my>130.000000</my>
<mRadius>10.000000</mRadius>
</ball>
</ent>
<ent>
<class>5</class>
<mCollidable>true</mCollidable>
<mMoving>true</mMoving>
<pegInfo>
<mVariable>true</mVariable>
</pegInfo>
<ball>
<mIsPeg>true</mIsPeg>
<mCollidesWithOtherBalls>true</mCollidesWithOtherBalls>
<mx>535.000000</mx>
<my>120.000000</my>
<mRadius>10.000000</mRadius>
</ball>
</ent>
<ent>
<class>5</class>
<mCollidable>true</mCollidable>
<mMoving>true</mMoving>
<pegInfo>
<mVariable>true</mVariable>
</pegInfo>
<ball>
<mIsPeg>true</mIsPeg>
<mCollidesWithOtherBalls>true</mCollidesWithOtherBalls>
<mx>495.000000</mx>
<my>120.000000</my>
<mRadius>10.000000</mRadius>
</ball>
</ent>
<ent>
<class>5</class>
<mCollidable>true</mCollidable>
<mMoving>true</mMoving>
<pegInfo>
<mVariable>true</mVariable>
</pegInfo>
<ball>
<mIsPeg>true</mIsPeg>
<mCollidesWithOtherBalls>true</mCollidesWithOtherBalls>
<mx>455.000000</mx>
<my>130.000000</my>
<mRadius>10.000000</mRadius>
</ball>
</ent>
<ent>
<class>5</class>
<mCollidable>true</mCollidable>
<mMoving>true</mMoving>
<pegInfo>
<mVariable>true</mVariable>
</pegInfo>
<ball>
<mIsPeg>true</mIsPeg>
<mCollidesWithOtherBalls>true</mCollidesWithOtherBalls>
<mx>325.000000</mx>
<my>380.000000</my>
<mRadius>10.000000</mRadius>
</ball>
</ent>
</level>
