<level name="levels/export66/pinwheels.dat.xml">
<version>66</version>
<isLevel>true</isLevel>
<ent>
<class>6</class>
<mCollidable>true</mCollidable>
<mMoving>true</mMoving>
<mImageDY>0.000002</mImageDY>
<pegInfo>
<mVariable>true</mVariable>
</pegInfo>
<mover>
<mMoveType>13</mMoveType>
<mOrigX>125.000000</mOrigX>
<mOrigY>395.000000</mOrigY>
<mMoveTime>2000</mMoveTime>
<mMoveRadius>50</mMoveRadius>
<mx>175.000000</mx>
<my>395.000000</my>
</mover>
<poly>
<mAllowFlash>true</mAllowFlash>
</poly>
<brick>
<mBrickType>5</mBrickType>
<mBrickThickness>20.000195</mBrickThickness>
<mBrickRadius>35.000000</mBrickRadius>
<mBrickRotation>90.000000</mBrickRotation>
<corners>
<point>1</point>
<point>2</point>
<point>0</point>
<point>3</point>
</corners>
</brick>
</ent>
<ent>
<class>6</class>
<mCollidable>true</mCollidable>
<mMoving>true</mMoving>
<mImageDY>0.000002</mImageDY>
<pegInfo>
<mVariable>true</mVariable>
</pegInfo>
<mover>
<mMoveType>13</mMoveType>
<mOrigX>140.000000</mOrigX>
<mOrigY>380.000000</mOrigY>
<mMoveTime>2000</mMoveTime>
<mMoveRadius>50</mMoveRadius>
<mMovePhase>0.250000</mMovePhase>
<mRotation>1.570796</mRotation>
<mx>140.000000</mx>
<my>330.000000</my>
</mover>
<poly>
<mAllowFlash>true</mAllowFlash>
<mRad>1.570796</mRad>
</poly>
<brick>
<mLeftAnchored>true</mLeftAnchored>
<mBrickType>5</mBrickType>
<mBrickThickness>20.000195</mBrickThickness>
<mBrickRadius>35.000000</mBrickRadius>
<mBrickRotation>90.000000</mBrickRotation>
<corners>
<point>1</point>
<point>2</point>
<point>0</point>
<point>3</point>
</corners>
</brick>
</ent>
<ent>
<class>6</class>
<mCollidable>true</mCollidable>
<mMoving>true</mMoving>
<mImageDY>0.000002</mImageDY>
<pegInfo>
<mVariable>true</mVariable>
</pegInfo>
<mover>
<mMoveType>13</mMoveType>
<mOrigX>125.000000</mOrigX>
<mOrigY>365.000000</mOrigY>
<mMoveTime>2000</mMoveTime>
<mMoveRadius>50</mMoveRadius>
<mMovePhase>0.500000</mMovePhase>
<mRotation>3.141593</mRotation>
<mx>75.000000</mx>
<my>365.000000</my>
</mover>
<poly>
<mAllowFlash>true</mAllowFlash>
<mRad>3.141593</mRad>
</poly>
<brick>
<mBrickType>5</mBrickType>
<mBrickThickness>20.000195</mBrickThickness>
<mBrickRadius>35.000000</mBrickRadius>
<mBrickRotation>90.000000</mBrickRotation>
<corners>
<point>1</point>
<point>2</point>
<point>0</point>
<point>3</point>
</corners>
</brick>
</ent>
<ent>
<class>6</class>
<mCollidable>true</mCollidable>
<mMoving>true</mMoving>
<mImageDY>0.000002</mImageDY>
<pegInfo>
<mVariable>true</mVariable>
</pegInfo>
<mover>
<mMoveType>13</mMoveType>
<mOrigX>110.000000</mOrigX>
<mOrigY>380.000000</mOrigY>
<mMoveTime>2000</mMoveTime>
<mMoveRadius>50</mMoveRadius>
<mMovePhase>0.750000</mMovePhase>
<mRotation>4.712389</mRotation>
<mx>110.000000</mx>
<my>430.000000</my>
</mover>
<poly>
<mAllowFlash>true</mAllowFlash>
<mRad>4.712389</mRad>
</poly>
<brick>
<mRightAnchored>true</mRightAnchored>
<mBrickType>5</mBrickType>
<mBrickThickness>20.000195</mBrickThickness>
<mBrickRadius>35.000000</mBrickRadius>
<mBrickRotation>90.000000</mBrickRotation>
<corners>
<point>1</point>
<point>2</point>
<point>0</point>
<point>3</point>
</corners>
</brick>
</ent>
<ent>
<class>6</class>
<mCollidable>true</mCollidable>
<mMoving>true</mMoving>
<mImageDY>0.000002</mImageDY>
<pegInfo>
<mVariable>true</mVariable>
</pegInfo>
<mover>
<mMoveType>13</mMoveType>
<mOrigX>140.000000</mOrigX>
<mOrigY>380.000000</mOrigY>
<mMoveTime>2000</mMoveTime>
<mMoveRadius>85</mMoveRadius>
<mMovePhase>0.250000</mMovePhase>
<mRotation>1.570796</mRotation>
<mx>140.000000</mx>
<my>295.000000</my>
</mover>
<poly>
<mAllowFlash>true</mAllowFlash>
<mRad>1.570796</mRad>
</poly>
<brick>
<mLeftAnchored>true</mLeftAnchored>
<mBrickType>5</mBrickType>
<mBrickThickness>20.000195</mBrickThickness>
<mBrickRadius>35.000000</mBrickRadius>
<mBrickRotation>90.000000</mBrickRotation>
<corners>
<point>1</point>
<point>2</point>
<point>0</point>
<point>3</point>
</corners>
</brick>
</ent>
<ent>
<class>6</class>
<mCollidable>true</mCollidable>
<mMoving>true</mMoving>
<mImageDY>0.000002</mImageDY>
<pegInfo>
<mVariable>true</mVariable>
</pegInfo>
<mover>
<mMoveType>13</mMoveType>
<mOrigX>110.000000</mOrigX>
<mOrigY>380.000000</mOrigY>
<mMoveTime>2000</mMoveTime>
<mMoveRadius>85</mMoveRadius>
<mMovePhase>0.750000</mMovePhase>
<mRotation>4.712389</mRotation>
<mx>110.000000</mx>
<my>465.000000</my>
</mover>
<poly>
<mAllowFlash>true</mAllowFlash>
<mRad>4.712389</mRad>
</poly>
<brick>
<mRightAnchored>true</mRightAnchored>
<mBrickType>5</mBrickType>
<mBrickThickness>20.000195</mBrickThickness>
<mBrickRadius>35.000000</mBrickRadius>
<mBrickRotation>90.000000</mBrickRotation>
<corners>
<point>1</point>
<point>2</point>
<point>0</point>
<point>3</point>
</corners>
</brick>
</ent>
<ent>
<class>6</class>
<mCollidable>true</mCollidable>
<mMoving>true</mMoving>
<mImageDY>0.000002</mImageDY>
<pegInfo>
<mVariable>true</mVariable>
</pegInfo>
<mover>
<mMoveType>13</mMoveType>
<mOrigX>125.000000</mOrigX>
<mOrigY>365.000000</mOrigY>
<mMoveTime>2000</mMoveTime>
<mMoveRadius>85</mMoveRadius>
<mMovePhase>0.500000</mMovePhase>
<mRotation>3.141593</mRotation>
<mx>40.000000</mx>
<my>365.000000</my>
</mover>
<poly>
<mAllowFlash>true</mAllowFlash>
<mRad>3.141593</mRad>
</poly>
<brick>
<mBrickType>5</mBrickType>
<mBrickThickness>20.000195</mBrickThickness>
<mBrickRadius>35.000000</mBrickRadius>
<mBrickRotation>90.000000</mBrickRotation>
<corners>
<point>1</point>
<point>2</point>
<point>0</point>
<point>3</point>
</corners>
</brick>
</ent>
<ent>
<class>6</class>
<mCollidable>true</mCollidable>
<mMoving>true</mMoving>
<mImageDY>0.000002</mImageDY>
<pegInfo>
<mVariable>true</mVariable>
</pegInfo>
<mover>
<mMoveType>13</mMoveType>
<mOrigX>125.000000</mOrigX>
<mOrigY>395.000000</mOrigY>
<mMoveTime>2000</mMoveTime>
<mMoveRadius>85</mMoveRadius>
<mx>210.000000</mx>
<my>395.000000</my>
</mover>
<poly>
<mAllowFlash>true</mAllowFlash>
</poly>
<brick>
<mBrickType>5</mBrickType>
<mBrickThickness>20.000195</mBrickThickness>
<mBrickRadius>35.000000</mBrickRadius>
<mBrickRotation>90.000000</mBrickRotation>
<corners>
<point>1</point>
<point>2</point>
<point>0</point>
<point>3</point>
</corners>
</brick>
</ent>
<ent>
<class>5</class>
<mCollidable>true</mCollidable>
<mMoving>true</mMoving>
<pegInfo>
<mVariable>true</mVariable>
</pegInfo>
<ball>
<mIsPeg>true</mIsPeg>
<mCollidesWithOtherBalls>true</mCollidesWithOtherBalls>
<mx>125.000000</mx>
<my>380.000000</my>
<mRadius>10.000000</mRadius>
</ball>
</ent>
<ent>
<class>6</class>
<mCollidable>true</mCollidable>
<mMoving>true</mMoving>
<mImageDY>0.000002</mImageDY>
<pegInfo>
<mVariable>true</mVariable>
</pegInfo>
<mover>
<mMoveType>243</mMoveType>
<mOrigX>525.000000</mOrigX>
<mOrigY>395.000000</mOrigY>
<mMoveTime>2000</mMoveTime>
<mMoveRadius>65486</mMoveRadius>
<mx>475.000000</mx>
<my>395.000000</my>
</mover>
<poly>
<mAllowFlash>true</mAllowFlash>
</poly>
<brick>
<mBrickType>5</mBrickType>
<mBrickThickness>20.000195</mBrickThickness>
<mBrickRadius>35.000000</mBrickRadius>
<mBrickRotation>90.000000</mBrickRotation>
<corners>
<point>1</point>
<point>2</point>
<point>0</point>
<point>3</point>
</corners>
</brick>
</ent>
<ent>
<class>6</class>
<mCollidable>true</mCollidable>
<mMoving>true</mMoving>
<mImageDY>0.000002</mImageDY>
<pegInfo>
<mVariable>true</mVariable>
</pegInfo>
<mover>
<mMoveType>243</mMoveType>
<mOrigX>510.000000</mOrigX>
<mOrigY>380.000000</mOrigY>
<mMoveTime>2000</mMoveTime>
<mMoveRadius>65486</mMoveRadius>
<mMovePhase>0.250000</mMovePhase>
<mRotation>-1.570796</mRotation>
<mx>510.000000</mx>
<my>330.000000</my>
</mover>
<poly>
<mAllowFlash>true</mAllowFlash>
<mRad>-1.570796</mRad>
</poly>
<brick>
<mLeftAnchored>true</mLeftAnchored>
<mBrickType>5</mBrickType>
<mBrickThickness>20.000195</mBrickThickness>
<mBrickRadius>35.000000</mBrickRadius>
<mBrickRotation>90.000000</mBrickRotation>
<corners>
<point>1</point>
<point>2</point>
<point>0</point>
<point>3</point>
</corners>
</brick>
</ent>
<ent>
<class>6</class>
<mCollidable>true</mCollidable>
<mMoving>true</mMoving>
<mImageDY>0.000002</mImageDY>
<pegInfo>
<mVariable>true</mVariable>
</pegInfo>
<mover>
<mMoveType>243</mMoveType>
<mOrigX>525.000000</mOrigX>
<mOrigY>365.000000</mOrigY>
<mMoveTime>2000</mMoveTime>
<mMoveRadius>65486</mMoveRadius>
<mMovePhase>0.500000</mMovePhase>
<mRotation>-3.141593</mRotation>
<mx>575.000000</mx>
<my>365.000000</my>
</mover>
<poly>
<mAllowFlash>true</mAllowFlash>
<mRad>-3.141593</mRad>
</poly>
<brick>
<mBrickType>5</mBrickType>
<mBrickThickness>20.000195</mBrickThickness>
<mBrickRadius>35.000000</mBrickRadius>
<mBrickRotation>90.000000</mBrickRotation>
<corners>
<point>1</point>
<point>2</point>
<point>0</point>
<point>3</point>
</corners>
</brick>
</ent>
<ent>
<class>6</class>
<mCollidable>true</mCollidable>
<mMoving>true</mMoving>
<mImageDY>0.000002</mImageDY>
<pegInfo>
<mVariable>true</mVariable>
</pegInfo>
<mover>
<mMoveType>243</mMoveType>
<mOrigX>540.000000</mOrigX>
<mOrigY>380.000000</mOrigY>
<mMoveTime>2000</mMoveTime>
<mMoveRadius>65486</mMoveRadius>
<mMovePhase>0.750000</mMovePhase>
<mRotation>-4.712389</mRotation>
<mx>540.000000</mx>
<my>430.000000</my>
</mover>
<poly>
<mAllowFlash>true</mAllowFlash>
<mRad>-4.712389</mRad>
</poly>
<brick>
<mRightAnchored>true</mRightAnchored>
<mBrickType>5</mBrickType>
<mBrickThickness>20.000195</mBrickThickness>
<mBrickRadius>35.000000</mBrickRadius>
<mBrickRotation>90.000000</mBrickRotation>
<corners>
<point>1</point>
<point>2</point>
<point>0</point>
<point>3</point>
</corners>
</brick>
</ent>
<ent>
<class>6</class>
<mCollidable>true</mCollidable>
<mMoving>true</mMoving>
<mImageDY>0.000002</mImageDY>
<pegInfo>
<mVariable>true</mVariable>
</pegInfo>
<mover>
<mMoveType>243</mMoveType>
<mOrigX>510.000000</mOrigX>
<mOrigY>380.000000</mOrigY>
<mMoveTime>2000</mMoveTime>
<mMoveRadius>65451</mMoveRadius>
<mMovePhase>0.250000</mMovePhase>
<mRotation>-1.570796</mRotation>
<mx>510.000000</mx>
<my>295.000000</my>
</mover>
<poly>
<mAllowFlash>true</mAllowFlash>
<mRad>-1.570796</mRad>
</poly>
<brick>
<mLeftAnchored>true</mLeftAnchored>
<mBrickType>5</mBrickType>
<mBrickThickness>20.000195</mBrickThickness>
<mBrickRadius>35.000000</mBrickRadius>
<mBrickRotation>90.000000</mBrickRotation>
<corners>
<point>1</point>
<point>2</point>
<point>0</point>
<point>3</point>
</corners>
</brick>
</ent>
<ent>
<class>6</class>
<mCollidable>true</mCollidable>
<mMoving>true</mMoving>
<mImageDY>0.000002</mImageDY>
<pegInfo>
<mVariable>true</mVariable>
</pegInfo>
<mover>
<mMoveType>243</mMoveType>
<mOrigX>540.000000</mOrigX>
<mOrigY>380.000000</mOrigY>
<mMoveTime>2000</mMoveTime>
<mMoveRadius>65451</mMoveRadius>
<mMovePhase>0.750000</mMovePhase>
<mRotation>-4.712389</mRotation>
<mx>540.000000</mx>
<my>465.000000</my>
</mover>
<poly>
<mAllowFlash>true</mAllowFlash>
<mRad>-4.712389</mRad>
</poly>
<brick>
<mRightAnchored>true</mRightAnchored>
<mBrickType>5</mBrickType>
<mBrickThickness>20.000195</mBrickThickness>
<mBrickRadius>35.000000</mBrickRadius>
<mBrickRotation>90.000000</mBrickRotation>
<corners>
<point>1</point>
<point>2</point>
<point>0</point>
<point>3</point>
</corners>
</brick>
</ent>
<ent>
<class>6</class>
<mCollidable>true</mCollidable>
<mMoving>true</mMoving>
<mImageDY>0.000002</mImageDY>
<pegInfo>
<mVariable>true</mVariable>
</pegInfo>
<mover>
<mMoveType>243</mMoveType>
<mOrigX>525.000000</mOrigX>
<mOrigY>365.000000</mOrigY>
<mMoveTime>2000</mMoveTime>
<mMoveRadius>65451</mMoveRadius>
<mMovePhase>0.500000</mMovePhase>
<mRotation>-3.141593</mRotation>
<mx>610.000000</mx>
<my>365.000000</my>
</mover>
<poly>
<mAllowFlash>true</mAllowFlash>
<mRad>-3.141593</mRad>
</poly>
<brick>
<mBrickType>5</mBrickType>
<mBrickThickness>20.000195</mBrickThickness>
<mBrickRadius>35.000000</mBrickRadius>
<mBrickRotation>90.000000</mBrickRotation>
<corners>
<point>1</point>
<point>2</point>
<point>0</point>
<point>3</point>
</corners>
</brick>
</ent>
<ent>
<class>6</class>
<mCollidable>true</mCollidable>
<mMoving>true</mMoving>
<mImageDY>0.000002</mImageDY>
<pegInfo>
<mVariable>true</mVariable>
</pegInfo>
<mover>
<mMoveType>243</mMoveType>
<mOrigX>525.000000</mOrigX>
<mOrigY>395.000000</mOrigY>
<mMoveTime>2000</mMoveTime>
<mMoveRadius>65451</mMoveRadius>
<mx>440.000000</mx>
<my>395.000000</my>
</mover>
<poly>
<mAllowFlash>true</mAllowFlash>
</poly>
<brick>
<mBrickType>5</mBrickType>
<mBrickThickness>20.000195</mBrickThickness>
<mBrickRadius>35.000000</mBrickRadius>
<mBrickRotation>90.000000</mBrickRotation>
<corners>
<point>1</point>
<point>2</point>
<point>0</point>
<point>3</point>
</corners>
</brick>
</ent>
<ent>
<class>5</class>
<mCollidable>true</mCollidable>
<mMoving>true</mMoving>
<pegInfo>
<mVariable>true</mVariable>
</pegInfo>
<ball>
<mIsPeg>true</mIsPeg>
<mCollidesWithOtherBalls>true</mCollidesWithOtherBalls>
<mx>525.000000</mx>
<my>380.000000</my>
<mRadius>10.000000</mRadius>
</ball>
</ent>
<ent>
<class>6</class>
<mCollidable>true</mCollidable>
<mMoving>true</mMoving>
<mImageDY>0.000002</mImageDY>
<pegInfo>
<mVariable>true</mVariable>
<mCrumble>true</mCrumble>
</pegInfo>
<mover>
<mMoveType>243</mMoveType>
<mOrigX>80.000000</mOrigX>
<mOrigY>150.000000</mOrigY>
<mMoveTime>2000</mMoveTime>
<mMoveRadius>35</mMoveRadius>
<mx>115.000000</mx>
<my>150.000000</my>
</mover>
<poly>
<mAllowFlash>true</mAllowFlash>
</poly>
<brick>
<mBrickType>5</mBrickType>
<mBrickThickness>20.000195</mBrickThickness>
<mBrickRadius>35.000000</mBrickRadius>
<mBrickRotation>90.000000</mBrickRotation>
<corners>
<point>1</point>
<point>2</point>
<point>0</point>
<point>3</point>
</corners>
</brick>
</ent>
<ent>
<class>6</class>
<mCollidable>true</mCollidable>
<mMoving>true</mMoving>
<mImageDY>0.000002</mImageDY>
<pegInfo>
<mVariable>true</mVariable>
<mCrumble>true</mCrumble>
</pegInfo>
<mover>
<mMoveType>243</mMoveType>
<mOrigX>80.000000</mOrigX>
<mOrigY>150.000000</mOrigY>
<mMoveTime>2000</mMoveTime>
<mMoveRadius>35</mMoveRadius>
<mMovePhase>0.250000</mMovePhase>
<mRotation>-1.570796</mRotation>
<mx>80.000000</mx>
<my>185.000000</my>
</mover>
<poly>
<mAllowFlash>true</mAllowFlash>
<mRad>-1.570796</mRad>
</poly>
<brick>
<mLeftAnchored>true</mLeftAnchored>
<mBrickType>5</mBrickType>
<mBrickThickness>20.000195</mBrickThickness>
<mBrickRadius>35.000000</mBrickRadius>
<mBrickRotation>90.000000</mBrickRotation>
<corners>
<point>1</point>
<point>2</point>
<point>0</point>
<point>3</point>
</corners>
</brick>
</ent>
<ent>
<class>6</class>
<mCollidable>true</mCollidable>
<mMoving>true</mMoving>
<mImageDY>0.000002</mImageDY>
<pegInfo>
<mVariable>true</mVariable>
<mCrumble>true</mCrumble>
</pegInfo>
<mover>
<mMoveType>243</mMoveType>
<mOrigX>80.000000</mOrigX>
<mOrigY>150.000000</mOrigY>
<mMoveTime>2000</mMoveTime>
<mMoveRadius>35</mMoveRadius>
<mMovePhase>0.500000</mMovePhase>
<mRotation>-3.141593</mRotation>
<mx>45.000000</mx>
<my>150.000000</my>
</mover>
<poly>
<mAllowFlash>true</mAllowFlash>
<mRad>-3.141593</mRad>
</poly>
<brick>
<mBrickType>5</mBrickType>
<mBrickThickness>20.000195</mBrickThickness>
<mBrickRadius>35.000000</mBrickRadius>
<mBrickRotation>90.000000</mBrickRotation>
<corners>
<point>1</point>
<point>2</point>
<point>0</point>
<point>3</point>
</corners>
</brick>
</ent>
<ent>
<class>6</class>
<mCollidable>true</mCollidable>
<mMoving>true</mMoving>
<mImageDY>0.000002</mImageDY>
<pegInfo>
<mVariable>true</mVariable>
<mCrumble>true</mCrumble>
</pegInfo>
<mover>
<mMoveType>243</mMoveType>
<mOrigX>80.000000</mOrigX>
<mOrigY>150.000000</mOrigY>
<mMoveTime>2000</mMoveTime>
<mMoveRadius>35</mMoveRadius>
<mMovePhase>0.750000</mMovePhase>
<mRotation>-4.712389</mRotation>
<mx>80.000000</mx>
<my>115.000000</my>
</mover>
<poly>
<mAllowFlash>true</mAllowFlash>
<mRad>-4.712389</mRad>
</poly>
<brick>
<mRightAnchored>true</mRightAnchored>
<mBrickType>5</mBrickType>
<mBrickThickness>20.000195</mBrickThickness>
<mBrickRadius>35.000000</mBrickRadius>
<mBrickRotation>90.000000</mBrickRotation>
<corners>
<point>1</point>
<point>2</point>
<point>0</point>
<point>3</point>
</corners>
</brick>
</ent>
<ent>
<class>5</class>
<mCollidable>true</mCollidable>
<mMoving>true</mMoving>
<pegInfo>
<mVariable>true</mVariable>
<mCrumble>true</mCrumble>
</pegInfo>
<ball>
<mIsPeg>true</mIsPeg>
<mCollidesWithOtherBalls>true</mCollidesWithOtherBalls>
<mx>80.000000</mx>
<my>150.000000</my>
<mRadius>10.000000</mRadius>
</ball>
</ent>
<ent>
<class>6</class>
<mCollidable>true</mCollidable>
<mMoving>true</mMoving>
<mImageDY>0.000002</mImageDY>
<pegInfo>
<mVariable>true</mVariable>
<mCrumble>true</mCrumble>
</pegInfo>
<mover>
<mMoveType>13</mMoveType>
<mOrigX>570.000000</mOrigX>
<mOrigY>150.000000</mOrigY>
<mMoveTime>2000</mMoveTime>
<mMoveRadius>35</mMoveRadius>
<mx>605.000000</mx>
<my>150.000000</my>
</mover>
<poly>
<mAllowFlash>true</mAllowFlash>
</poly>
<brick>
<mBrickType>5</mBrickType>
<mBrickThickness>20.000195</mBrickThickness>
<mBrickRadius>35.000000</mBrickRadius>
<mBrickRotation>90.000000</mBrickRotation>
<corners>
<point>1</point>
<point>2</point>
<point>0</point>
<point>3</point>
</corners>
</brick>
</ent>
<ent>
<class>6</class>
<mCollidable>true</mCollidable>
<mMoving>true</mMoving>
<mImageDY>0.000002</mImageDY>
<pegInfo>
<mVariable>true</mVariable>
<mCrumble>true</mCrumble>
</pegInfo>
<mover>
<mMoveType>13</mMoveType>
<mOrigX>570.000000</mOrigX>
<mOrigY>150.000000</mOrigY>
<mMoveTime>2000</mMoveTime>
<mMoveRadius>35</mMoveRadius>
<mMovePhase>0.250000</mMovePhase>
<mRotation>1.570796</mRotation>
<mx>570.000000</mx>
<my>115.000000</my>
</mover>
<poly>
<mAllowFlash>true</mAllowFlash>
<mRad>1.570796</mRad>
</poly>
<brick>
<mLeftAnchored>true</mLeftAnchored>
<mBrickType>5</mBrickType>
<mBrickThickness>20.000195</mBrickThickness>
<mBrickRadius>35.000000</mBrickRadius>
<mBrickRotation>90.000000</mBrickRotation>
<corners>
<point>1</point>
<point>2</point>
<point>0</point>
<point>3</point>
</corners>
</brick>
</ent>
<ent>
<class>6</class>
<mCollidable>true</mCollidable>
<mMoving>true</mMoving>
<mImageDY>0.000002</mImageDY>
<pegInfo>
<mVariable>true</mVariable>
<mCrumble>true</mCrumble>
</pegInfo>
<mover>
<mMoveType>13</mMoveType>
<mOrigX>570.000000</mOrigX>
<mOrigY>150.000000</mOrigY>
<mMoveTime>2000</mMoveTime>
<mMoveRadius>35</mMoveRadius>
<mMovePhase>0.500000</mMovePhase>
<mRotation>3.141593</mRotation>
<mx>535.000000</mx>
<my>150.000000</my>
</mover>
<poly>
<mAllowFlash>true</mAllowFlash>
<mRad>3.141593</mRad>
</poly>
<brick>
<mBrickType>5</mBrickType>
<mBrickThickness>20.000195</mBrickThickness>
<mBrickRadius>35.000000</mBrickRadius>
<mBrickRotation>90.000000</mBrickRotation>
<corners>
<point>1</point>
<point>2</point>
<point>0</point>
<point>3</point>
</corners>
</brick>
</ent>
<ent>
<class>6</class>
<mCollidable>true</mCollidable>
<mMoving>true</mMoving>
<mImageDY>0.000002</mImageDY>
<pegInfo>
<mVariable>true</mVariable>
<mCrumble>true</mCrumble>
</pegInfo>
<mover>
<mMoveType>13</mMoveType>
<mOrigX>570.000000</mOrigX>
<mOrigY>150.000000</mOrigY>
<mMoveTime>2000</mMoveTime>
<mMoveRadius>35</mMoveRadius>
<mMovePhase>0.750000</mMovePhase>
<mRotation>4.712389</mRotation>
<mx>570.000000</mx>
<my>185.000000</my>
</mover>
<poly>
<mAllowFlash>true</mAllowFlash>
<mRad>4.712389</mRad>
</poly>
<brick>
<mRightAnchored>true</mRightAnchored>
<mBrickType>5</mBrickType>
<mBrickThickness>20.000195</mBrickThickness>
<mBrickRadius>35.000000</mBrickRadius>
<mBrickRotation>90.000000</mBrickRotation>
<corners>
<point>1</point>
<point>2</point>
<point>0</point>
<point>3</point>
</corners>
</brick>
</ent>
<ent>
<class>5</class>
<mCollidable>true</mCollidable>
<mMoving>true</mMoving>
<pegInfo>
<mVariable>true</mVariable>
<mCrumble>true</mCrumble>
</pegInfo>
<ball>
<mIsPeg>true</mIsPeg>
<mCollidesWithOtherBalls>true</mCollidesWithOtherBalls>
<mx>570.000000</mx>
<my>150.000000</my>
<mRadius>10.000000</mRadius>
</ball>
</ent>
<ent>
<class>6</class>
<mCollidable>true</mCollidable>
<mMoving>true</mMoving>
<mImageDY>0.000002</mImageDY>
<pegInfo>
<mVariable>true</mVariable>
<mCrumble>true</mCrumble>
</pegInfo>
<mover>
<mMoveType>243</mMoveType>
<mOrigX>250.000000</mOrigX>
<mOrigY>220.000000</mOrigY>
<mMoveTime>2000</mMoveTime>
<mMoveRadius>35</mMoveRadius>
<mx>285.000000</mx>
<my>220.000000</my>
</mover>
<poly>
<mAllowFlash>true</mAllowFlash>
</poly>
<brick>
<mBrickType>5</mBrickType>
<mBrickThickness>20.000195</mBrickThickness>
<mBrickRadius>35.000000</mBrickRadius>
<mBrickRotation>90.000000</mBrickRotation>
<corners>
<point>1</point>
<point>2</point>
<point>0</point>
<point>3</point>
</corners>
</brick>
</ent>
<ent>
<class>6</class>
<mCollidable>true</mCollidable>
<mMoving>true</mMoving>
<mImageDY>0.000002</mImageDY>
<pegInfo>
<mVariable>true</mVariable>
<mCrumble>true</mCrumble>
</pegInfo>
<mover>
<mMoveType>243</mMoveType>
<mOrigX>250.000000</mOrigX>
<mOrigY>220.000000</mOrigY>
<mMoveTime>2000</mMoveTime>
<mMoveRadius>35</mMoveRadius>
<mMovePhase>0.250000</mMovePhase>
<mRotation>-1.570796</mRotation>
<mx>250.000000</mx>
<my>255.000000</my>
</mover>
<poly>
<mAllowFlash>true</mAllowFlash>
<mRad>-1.570796</mRad>
</poly>
<brick>
<mLeftAnchored>true</mLeftAnchored>
<mBrickType>5</mBrickType>
<mBrickThickness>20.000195</mBrickThickness>
<mBrickRadius>35.000000</mBrickRadius>
<mBrickRotation>90.000000</mBrickRotation>
<corners>
<point>1</point>
<point>2</point>
<point>0</point>
<point>3</point>
</corners>
</brick>
</ent>
<ent>
<class>6</class>
<mCollidable>true</mCollidable>
<mMoving>true</mMoving>
<mImageDY>0.000002</mImageDY>
<pegInfo>
<mVariable>true</mVariable>
<mCrumble>true</mCrumble>
</pegInfo>
<mover>
<mMoveType>243</mMoveType>
<mOrigX>250.000000</mOrigX>
<mOrigY>220.000000</mOrigY>
<mMoveTime>2000</mMoveTime>
<mMoveRadius>35</mMoveRadius>
<mMovePhase>0.500000</mMovePhase>
<mRotation>-3.141593</mRotation>
<mx>215.000000</mx>
<my>220.000000</my>
</mover>
<poly>
<mAllowFlash>true</mAllowFlash>
<mRad>-3.141593</mRad>
</poly>
<brick>
<mBrickType>5</mBrickType>
<mBrickThickness>20.000195</mBrickThickness>
<mBrickRadius>35.000000</mBrickRadius>
<mBrickRotation>90.000000</mBrickRotation>
<corners>
<point>1</point>
<point>2</point>
<point>0</point>
<point>3</point>
</corners>
</brick>
</ent>
<ent>
<class>6</class>
<mCollidable>true</mCollidable>
<mMoving>true</mMoving>
<mImageDY>0.000002</mImageDY>
<pegInfo>
<mVariable>true</mVariable>
<mCrumble>true</mCrumble>
</pegInfo>
<mover>
<mMoveType>243</mMoveType>
<mOrigX>250.000000</mOrigX>
<mOrigY>220.000000</mOrigY>
<mMoveTime>2000</mMoveTime>
<mMoveRadius>35</mMoveRadius>
<mMovePhase>0.750000</mMovePhase>
<mRotation>-4.712389</mRotation>
<mx>250.000000</mx>
<my>185.000000</my>
</mover>
<poly>
<mAllowFlash>true</mAllowFlash>
<mRad>-4.712389</mRad>
</poly>
<brick>
<mRightAnchored>true</mRightAnchored>
<mBrickType>5</mBrickType>
<mBrickThickness>20.000195</mBrickThickness>
<mBrickRadius>35.000000</mBrickRadius>
<mBrickRotation>90.000000</mBrickRotation>
<corners>
<point>1</point>
<point>2</point>
<point>0</point>
<point>3</point>
</corners>
</brick>
</ent>
<ent>
<class>5</class>
<mCollidable>true</mCollidable>
<mMoving>true</mMoving>
<pegInfo>
<mVariable>true</mVariable>
<mCrumble>true</mCrumble>
</pegInfo>
<ball>
<mIsPeg>true</mIsPeg>
<mCollidesWithOtherBalls>true</mCollidesWithOtherBalls>
<mx>250.000000</mx>
<my>220.000000</my>
<mRadius>10.000000</mRadius>
</ball>
</ent>
<ent>
<class>6</class>
<mCollidable>true</mCollidable>
<mMoving>true</mMoving>
<mImageDY>0.000002</mImageDY>
<pegInfo>
<mVariable>true</mVariable>
<mCrumble>true</mCrumble>
</pegInfo>
<mover>
<mMoveType>13</mMoveType>
<mOrigX>400.000000</mOrigX>
<mOrigY>220.000000</mOrigY>
<mMoveTime>2000</mMoveTime>
<mMoveRadius>35</mMoveRadius>
<mx>435.000000</mx>
<my>220.000000</my>
</mover>
<poly>
<mAllowFlash>true</mAllowFlash>
</poly>
<brick>
<mBrickType>5</mBrickType>
<mBrickThickness>20.000195</mBrickThickness>
<mBrickRadius>35.000000</mBrickRadius>
<mBrickRotation>90.000000</mBrickRotation>
<corners>
<point>1</point>
<point>2</point>
<point>0</point>
<point>3</point>
</corners>
</brick>
</ent>
<ent>
<class>6</class>
<mCollidable>true</mCollidable>
<mMoving>true</mMoving>
<mImageDY>0.000002</mImageDY>
<pegInfo>
<mVariable>true</mVariable>
<mCrumble>true</mCrumble>
</pegInfo>
<mover>
<mMoveType>13</mMoveType>
<mOrigX>400.000000</mOrigX>
<mOrigY>220.000000</mOrigY>
<mMoveTime>2000</mMoveTime>
<mMoveRadius>35</mMoveRadius>
<mMovePhase>0.250000</mMovePhase>
<mRotation>1.570796</mRotation>
<mx>400.000000</mx>
<my>185.000000</my>
</mover>
<poly>
<mAllowFlash>true</mAllowFlash>
<mRad>1.570796</mRad>
</poly>
<brick>
<mLeftAnchored>true</mLeftAnchored>
<mBrickType>5</mBrickType>
<mBrickThickness>20.000195</mBrickThickness>
<mBrickRadius>35.000000</mBrickRadius>
<mBrickRotation>90.000000</mBrickRotation>
<corners>
<point>1</point>
<point>2</point>
<point>0</point>
<point>3</point>
</corners>
</brick>
</ent>
<ent>
<class>6</class>
<mCollidable>true</mCollidable>
<mMoving>true</mMoving>
<mImageDY>0.000002</mImageDY>
<pegInfo>
<mVariable>true</mVariable>
<mCrumble>true</mCrumble>
</pegInfo>
<mover>
<mMoveType>13</mMoveType>
<mOrigX>400.000000</mOrigX>
<mOrigY>220.000000</mOrigY>
<mMoveTime>2000</mMoveTime>
<mMoveRadius>35</mMoveRadius>
<mMovePhase>0.500000</mMovePhase>
<mRotation>3.141593</mRotation>
<mx>365.000000</mx>
<my>220.000000</my>
</mover>
<poly>
<mAllowFlash>true</mAllowFlash>
<mRad>3.141593</mRad>
</poly>
<brick>
<mBrickType>5</mBrickType>
<mBrickThickness>20.000195</mBrickThickness>
<mBrickRadius>35.000000</mBrickRadius>
<mBrickRotation>90.000000</mBrickRotation>
<corners>
<point>1</point>
<point>2</point>
<point>0</point>
<point>3</point>
</corners>
</brick>
</ent>
<ent>
<class>6</class>
<mCollidable>true</mCollidable>
<mMoving>true</mMoving>
<mImageDY>0.000002</mImageDY>
<pegInfo>
<mVariable>true</mVariable>
<mCrumble>true</mCrumble>
</pegInfo>
<mover>
<mMoveType>13</mMoveType>
<mOrigX>400.000000</mOrigX>
<mOrigY>220.000000</mOrigY>
<mMoveTime>2000</mMoveTime>
<mMoveRadius>35</mMoveRadius>
<mMovePhase>0.750000</mMovePhase>
<mRotation>4.712389</mRotation>
<mx>400.000000</mx>
<my>255.000000</my>
</mover>
<poly>
<mAllowFlash>true</mAllowFlash>
<mRad>4.712389</mRad>
</poly>
<brick>
<mRightAnchored>true</mRightAnchored>
<mBrickType>5</mBrickType>
<mBrickThickness>20.000195</mBrickThickness>
<mBrickRadius>35.000000</mBrickRadius>
<mBrickRotation>90.000000</mBrickRotation>
<corners>
<point>1</point>
<point>2</point>
<point>0</point>
<point>3</point>
</corners>
</brick>
</ent>
<ent>
<class>5</class>
<mCollidable>true</mCollidable>
<mMoving>true</mMoving>
<pegInfo>
<mVariable>true</mVariable>
<mCrumble>true</mCrumble>
</pegInfo>
<ball>
<mIsPeg>true</mIsPeg>
<mCollidesWithOtherBalls>true</mCollidesWithOtherBalls>
<mx>400.000000</mx>
<my>220.000000</my>
<mRadius>10.000000</mRadius>
</ball>
</ent>
<ent>
<class>5</class>
<mCollidable>true</mCollidable>
<mMoving>true</mMoving>
<pegInfo>
<mVariable>true</mVariable>
</pegInfo>
<ball>
<mIsPeg>true</mIsPeg>
<mCollidesWithOtherBalls>true</mCollidesWithOtherBalls>
<mx>322.000000</mx>
<my>176.000000</my>
<mRadius>10.000000</mRadius>
</ball>
</ent>
<ent>
<class>5</class>
<mCollidable>true</mCollidable>
<mMoving>true</mMoving>
<pegInfo>
<mVariable>true</mVariable>
</pegInfo>
<ball>
<mIsPeg>true</mIsPeg>
<mCollidesWithOtherBalls>true</mCollidesWithOtherBalls>
<mx>354.000000</mx>
<my>159.000000</my>
<mRadius>10.000000</mRadius>
</ball>
</ent>
<ent>
<class>5</class>
<mCollidable>true</mCollidable>
<mMoving>true</mMoving>
<pegInfo>
<mVariable>true</mVariable>
</pegInfo>
<ball>
<mIsPeg>true</mIsPeg>
<mCollidesWithOtherBalls>true</mCollidesWithOtherBalls>
<mx>290.000000</mx>
<my>155.000000</my>
<mRadius>10.000000</mRadius>
</ball>
</ent>
<ent>
<class>5</class>
<mCollidable>true</mCollidable>
<mMoving>true</mMoving>
<pegInfo>
<mVariable>true</mVariable>
</pegInfo>
<ball>
<mIsPeg>true</mIsPeg>
<mCollidesWithOtherBalls>true</mCollidesWithOtherBalls>
<mx>460.000000</mx>
<my>161.000000</my>
<mRadius>10.000000</mRadius>
</ball>
</ent>
<ent>
<class>5</class>
<mCollidable>true</mCollidable>
<mMoving>true</mMoving>
<pegInfo>
<mVariable>true</mVariable>
</pegInfo>
<ball>
<mIsPeg>true</mIsPeg>
<mCollidesWithOtherBalls>true</mCollidesWithOtherBalls>
<mx>484.000000</mx>
<my>187.000000</my>
<mRadius>10.000000</mRadius>
</ball>
</ent>
<ent>
<class>5</class>
<mCollidable>true</mCollidable>
<mMoving>true</mMoving>
<pegInfo>
<mVariable>true</mVariable>
</pegInfo>
<ball>
<mIsPeg>true</mIsPeg>
<mCollidesWithOtherBalls>true</mCollidesWithOtherBalls>
<mx>517.000000</mx>
<my>233.000000</my>
<mRadius>10.000000</mRadius>
</ball>
</ent>
<ent>
<class>5</class>
<mCollidable>true</mCollidable>
<mMoving>true</mMoving>
<pegInfo>
<mVariable>true</mVariable>
</pegInfo>
<ball>
<mIsPeg>true</mIsPeg>
<mCollidesWithOtherBalls>true</mCollidesWithOtherBalls>
<mx>201.000000</mx>
<my>134.000000</my>
<mRadius>10.000000</mRadius>
</ball>
</ent>
<ent>
<class>5</class>
<mCollidable>true</mCollidable>
<mMoving>true</mMoving>
<pegInfo>
<mVariable>true</mVariable>
</pegInfo>
<ball>
<mIsPeg>true</mIsPeg>
<mCollidesWithOtherBalls>true</mCollidesWithOtherBalls>
<mx>162.000000</mx>
<my>171.000000</my>
<mRadius>10.000000</mRadius>
</ball>
</ent>
<ent>
<class>5</class>
<mCollidable>true</mCollidable>
<mMoving>true</mMoving>
<pegInfo>
<mVariable>true</mVariable>
</pegInfo>
<ball>
<mIsPeg>true</mIsPeg>
<mCollidesWithOtherBalls>true</mCollidesWithOtherBalls>
<mx>132.000000</mx>
<my>217.000000</my>
<mRadius>10.000000</mRadius>
</ball>
</ent>
<ent>
<class>5</class>
<mCollidable>true</mCollidable>
<mMoving>true</mMoving>
<pegInfo>
<mVariable>true</mVariable>
</pegInfo>
<ball>
<mIsPeg>true</mIsPeg>
<mCollidesWithOtherBalls>true</mCollidesWithOtherBalls>
<mx>26.000000</mx>
<my>216.000000</my>
<mRadius>10.000000</mRadius>
</ball>
</ent>
<ent>
<class>5</class>
<mCollidable>true</mCollidable>
<mMoving>true</mMoving>
<pegInfo>
<mVariable>true</mVariable>
</pegInfo>
<ball>
<mIsPeg>true</mIsPeg>
<mCollidesWithOtherBalls>true</mCollidesWithOtherBalls>
<mx>23.000000</mx>
<my>265.000000</my>
<mRadius>10.000000</mRadius>
</ball>
</ent>
<ent>
<class>5</class>
<mCollidable>true</mCollidable>
<mMoving>true</mMoving>
<pegInfo>
<mVariable>true</mVariable>
</pegInfo>
<ball>
<mIsPeg>true</mIsPeg>
<mCollidesWithOtherBalls>true</mCollidesWithOtherBalls>
<mx>69.000000</mx>
<my>242.000000</my>
<mRadius>10.000000</mRadius>
</ball>
</ent>
<ent>
<class>5</class>
<mCollidable>true</mCollidable>
<mMoving>true</mMoving>
<pegInfo>
<mVariable>true</mVariable>
</pegInfo>
<ball>
<mIsPeg>true</mIsPeg>
<mCollidesWithOtherBalls>true</mCollidesWithOtherBalls>
<mx>194.000000</mx>
<my>268.000000</my>
<mRadius>10.000000</mRadius>
</ball>
</ent>
<ent>
<class>5</class>
<mCollidable>true</mCollidable>
<mMoving>true</mMoving>
<pegInfo>
<mVariable>true</mVariable>
</pegInfo>
<ball>
<mIsPeg>true</mIsPeg>
<mCollidesWithOtherBalls>true</mCollidesWithOtherBalls>
<mx>458.000000</mx>
<my>266.000000</my>
<mRadius>10.000000</mRadius>
</ball>
</ent>
<ent>
<class>5</class>
<mCollidable>true</mCollidable>
<mMoving>true</mMoving>
<pegInfo>
<mVariable>true</mVariable>
</pegInfo>
<ball>
<mIsPeg>true</mIsPeg>
<mCollidesWithOtherBalls>true</mCollidesWithOtherBalls>
<mx>573.000000</mx>
<my>248.000000</my>
<mRadius>10.000000</mRadius>
</ball>
</ent>
<ent>
<class>5</class>
<mCollidable>true</mCollidable>
<mMoving>true</mMoving>
<pegInfo>
<mVariable>true</mVariable>
</pegInfo>
<ball>
<mIsPeg>true</mIsPeg>
<mCollidesWithOtherBalls>true</mCollidesWithOtherBalls>
<mx>624.000000</mx>
<my>212.000000</my>
<mRadius>10.000000</mRadius>
</ball>
</ent>
<ent>
<class>5</class>
<mCollidable>true</mCollidable>
<mMoving>true</mMoving>
<pegInfo>
<mVariable>true</mVariable>
</pegInfo>
<ball>
<mIsPeg>true</mIsPeg>
<mCollidesWithOtherBalls>true</mCollidesWithOtherBalls>
<mx>626.000000</mx>
<my>278.000000</my>
<mRadius>10.000000</mRadius>
</ball>
</ent>
<ent>
<class>5</class>
<mCollidable>true</mCollidable>
<mMoving>true</mMoving>
<pegInfo>
<mVariable>true</mVariable>
</pegInfo>
<ball>
<mIsPeg>true</mIsPeg>
<mCollidesWithOtherBalls>true</mCollidesWithOtherBalls>
<mx>325.000000</mx>
<my>221.000000</my>
<mRadius>10.000000</mRadius>
</ball>
</ent>
<ent>
<class>5</class>
<mCollidable>true</mCollidable>
<mMoving>true</mMoving>
<pegInfo>
<mVariable>true</mVariable>
</pegInfo>
<ball>
<mIsPeg>true</mIsPeg>
<mCollidesWithOtherBalls>true</mCollidesWithOtherBalls>
<mx>303.000000</mx>
<my>273.000000</my>
<mRadius>10.000000</mRadius>
</ball>
</ent>
<ent>
<class>5</class>
<mCollidable>true</mCollidable>
<mMoving>true</mMoving>
<pegInfo>
<mVariable>true</mVariable>
</pegInfo>
<ball>
<mIsPeg>true</mIsPeg>
<mCollidesWithOtherBalls>true</mCollidesWithOtherBalls>
<mx>357.000000</mx>
<my>272.000000</my>
<mRadius>10.000000</mRadius>
</ball>
</ent>
<ent>
<class>5</class>
<mCollidable>true</mCollidable>
<mMoving>true</mMoving>
<pegInfo>
<mVariable>true</mVariable>
</pegInfo>
<ball>
<mIsPeg>true</mIsPeg>
<mCollidesWithOtherBalls>true</mCollidesWithOtherBalls>
<mx>328.000000</mx>
<my>308.000000</my>
<mRadius>10.000000</mRadius>
</ball>
</ent>
<ent>
<class>5</class>
<mCollidable>true</mCollidable>
<mMoving>true</mMoving>
<pegInfo>
<mVariable>true</mVariable>
</pegInfo>
<ball>
<mIsPeg>true</mIsPeg>
<mCollidesWithOtherBalls>true</mCollidesWithOtherBalls>
<mx>247.000000</mx>
<my>320.000000</my>
<mRadius>10.000000</mRadius>
</ball>
</ent>
<ent>
<class>5</class>
<mCollidable>true</mCollidable>
<mMoving>true</mMoving>
<pegInfo>
<mVariable>true</mVariable>
</pegInfo>
<ball>
<mIsPeg>true</mIsPeg>
<mCollidesWithOtherBalls>true</mCollidesWithOtherBalls>
<mx>278.000000</mx>
<my>369.000000</my>
<mRadius>10.000000</mRadius>
</ball>
</ent>
<ent>
<class>5</class>
<mCollidable>true</mCollidable>
<mMoving>true</mMoving>
<pegInfo>
<mVariable>true</mVariable>
</pegInfo>
<ball>
<mIsPeg>true</mIsPeg>
<mCollidesWithOtherBalls>true</mCollidesWithOtherBalls>
<mx>292.000000</mx>
<my>415.000000</my>
<mRadius>10.000000</mRadius>
</ball>
</ent>
<ent>
<class>5</class>
<mCollidable>true</mCollidable>
<mMoving>true</mMoving>
<pegInfo>
<mVariable>true</mVariable>
</pegInfo>
<ball>
<mIsPeg>true</mIsPeg>
<mCollidesWithOtherBalls>true</mCollidesWithOtherBalls>
<mx>279.000000</mx>
<my>460.000000</my>
<mRadius>10.000000</mRadius>
</ball>
</ent>
<ent>
<class>5</class>
<mCollidable>true</mCollidable>
<mMoving>true</mMoving>
<pegInfo>
<mVariable>true</mVariable>
</pegInfo>
<ball>
<mIsPeg>true</mIsPeg>
<mCollidesWithOtherBalls>true</mCollidesWithOtherBalls>
<mx>324.000000</mx>
<my>469.000000</my>
<mRadius>10.000000</mRadius>
</ball>
</ent>
<ent>
<class>5</class>
<mCollidable>true</mCollidable>
<mMoving>true</mMoving>
<pegInfo>
<mVariable>true</mVariable>
</pegInfo>
<ball>
<mIsPeg>true</mIsPeg>
<mCollidesWithOtherBalls>true</mCollidesWithOtherBalls>
<mx>328.000000</mx>
<my>415.000000</my>
<mRadius>10.000000</mRadius>
</ball>
</ent>
<ent>
<class>5</class>
<mCollidable>true</mCollidable>
<mMoving>true</mMoving>
<pegInfo>
<mVariable>true</mVariable>
</pegInfo>
<ball>
<mIsPeg>true</mIsPeg>
<mCollidesWithOtherBalls>true</mCollidesWithOtherBalls>
<mx>327.000000</mx>
<my>367.000000</my>
<mRadius>10.000000</mRadius>
</ball>
</ent>
<ent>
<class>5</class>
<mCollidable>true</mCollidable>
<mMoving>true</mMoving>
<pegInfo>
<mVariable>true</mVariable>
</pegInfo>
<ball>
<mIsPeg>true</mIsPeg>
<mCollidesWithOtherBalls>true</mCollidesWithOtherBalls>
<mx>412.000000</mx>
<my>306.000000</my>
<mRadius>10.000000</mRadius>
</ball>
</ent>
<ent>
<class>5</class>
<mCollidable>true</mCollidable>
<mMoving>true</mMoving>
<pegInfo>
<mVariable>true</mVariable>
</pegInfo>
<ball>
<mIsPeg>true</mIsPeg>
<mCollidesWithOtherBalls>true</mCollidesWithOtherBalls>
<mx>388.000000</mx>
<my>335.000000</my>
<mRadius>10.000000</mRadius>
</ball>
</ent>
<ent>
<class>5</class>
<mCollidable>true</mCollidable>
<mMoving>true</mMoving>
<pegInfo>
<mVariable>true</mVariable>
</pegInfo>
<ball>
<mIsPeg>true</mIsPeg>
<mCollidesWithOtherBalls>true</mCollidesWithOtherBalls>
<mx>371.000000</mx>
<my>377.000000</my>
<mRadius>10.000000</mRadius>
</ball>
</ent>
<ent>
<class>5</class>
<mCollidable>true</mCollidable>
<mMoving>true</mMoving>
<pegInfo>
<mVariable>true</mVariable>
</pegInfo>
<ball>
<mIsPeg>true</mIsPeg>
<mCollidesWithOtherBalls>true</mCollidesWithOtherBalls>
<mx>375.000000</mx>
<my>416.000000</my>
<mRadius>10.000000</mRadius>
</ball>
</ent>
<ent>
<class>5</class>
<mCollidable>true</mCollidable>
<mMoving>true</mMoving>
<pegInfo>
<mVariable>true</mVariable>
</pegInfo>
<ball>
<mIsPeg>true</mIsPeg>
<mCollidesWithOtherBalls>true</mCollidesWithOtherBalls>
<mx>382.000000</mx>
<my>468.000000</my>
<mRadius>10.000000</mRadius>
</ball>
</ent>
<ent>
<class>5</class>
<mCollidable>true</mCollidable>
<mMoving>true</mMoving>
<pegInfo>
<mVariable>true</mVariable>
</pegInfo>
<ball>
<mIsPeg>true</mIsPeg>
<mCollidesWithOtherBalls>true</mCollidesWithOtherBalls>
<mx>422.000000</mx>
<my>475.000000</my>
<mRadius>10.000000</mRadius>
</ball>
</ent>
<ent>
<class>5</class>
<mCollidable>true</mCollidable>
<mMoving>true</mMoving>
<pegInfo>
<mVariable>true</mVariable>
</pegInfo>
<ball>
<mIsPeg>true</mIsPeg>
<mCollidesWithOtherBalls>true</mCollidesWithOtherBalls>
<mx>240.000000</mx>
<my>470.000000</my>
<mRadius>10.000000</mRadius>
</ball>
</ent>
<ent>
<class>5</class>
<mCollidable>true</mCollidable>
<mMoving>true</mMoving>
<pegInfo>
<mVariable>true</mVariable>
</pegInfo>
<ball>
<mIsPeg>true</mIsPeg>
<mCollidesWithOtherBalls>true</mCollidesWithOtherBalls>
<mx>35.000000</mx>
<my>92.000000</my>
<mRadius>10.000000</mRadius>
</ball>
</ent>
<ent>
<class>5</class>
<mCollidable>true</mCollidable>
<mMoving>true</mMoving>
<pegInfo>
<mVariable>true</mVariable>
</pegInfo>
<ball>
<mIsPeg>true</mIsPeg>
<mCollidesWithOtherBalls>true</mCollidesWithOtherBalls>
<mx>621.000000</mx>
<my>108.000000</my>
<mRadius>10.000000</mRadius>
</ball>
</ent>
<ent>
<class>5</class>
<mCollidable>true</mCollidable>
<mMoving>true</mMoving>
<pegInfo>
<mVariable>true</mVariable>
</pegInfo>
<ball>
<mIsPeg>true</mIsPeg>
<mCollidesWithOtherBalls>true</mCollidesWithOtherBalls>
<mx>517.000000</mx>
<my>93.000000</my>
<mRadius>10.000000</mRadius>
</ball>
</ent>
<ent>
<class>5</class>
<mCollidable>true</mCollidable>
<mMoving>true</mMoving>
<pegInfo>
<mVariable>true</mVariable>
</pegInfo>
<ball>
<mIsPeg>true</mIsPeg>
<mCollidesWithOtherBalls>true</mCollidesWithOtherBalls>
<mx>485.000000</mx>
<my>118.000000</my>
<mRadius>10.000000</mRadius>
</ball>
</ent>
<ent>
<class>5</class>
<mCollidable>true</mCollidable>
<mMoving>true</mMoving>
<pegInfo>
<mVariable>true</mVariable>
</pegInfo>
<ball>
<mIsPeg>true</mIsPeg>
<mCollidesWithOtherBalls>true</mCollidesWithOtherBalls>
<mx>399.000000</mx>
<my>133.000000</my>
<mRadius>10.000000</mRadius>
</ball>
</ent>
<ent>
<class>5</class>
<mCollidable>true</mCollidable>
<mMoving>true</mMoving>
<pegInfo>
<mVariable>true</mVariable>
</pegInfo>
<ball>
<mIsPeg>true</mIsPeg>
<mCollidesWithOtherBalls>true</mCollidesWithOtherBalls>
<mx>241.000000</mx>
<my>129.000000</my>
<mRadius>10.000000</mRadius>
</ball>
</ent>
<ent>
<class>5</class>
<mCollidable>true</mCollidable>
<mMoving>true</mMoving>
<pegInfo>
<mVariable>true</mVariable>
</pegInfo>
<ball>
<mIsPeg>true</mIsPeg>
<mCollidesWithOtherBalls>true</mCollidesWithOtherBalls>
<mx>168.000000</mx>
<my>91.000000</my>
<mRadius>10.000000</mRadius>
</ball>
</ent>
<ent>
<class>5</class>
<mCollidable>true</mCollidable>
<mMoving>true</mMoving>
<pegInfo>
<mVariable>true</mVariable>
</pegInfo>
<ball>
<mIsPeg>true</mIsPeg>
<mCollidesWithOtherBalls>true</mCollidesWithOtherBalls>
<mx>112.000000</mx>
<my>75.000000</my>
<mRadius>10.000000</mRadius>
</ball>
</ent>
<ent>
<class>5</class>
<mCollidable>true</mCollidable>
<mMoving>true</mMoving>
<pegInfo>
<mVariable>true</mVariable>
</pegInfo>
<ball>
<mIsPeg>true</mIsPeg>
<mCollidesWithOtherBalls>true</mCollidesWithOtherBalls>
<mx>48.000000</mx>
<my>48.000000</my>
<mRadius>10.000000</mRadius>
</ball>
</ent>
<ent>
<class>5</class>
<mCollidable>true</mCollidable>
<mMoving>true</mMoving>
<pegInfo>
<mVariable>true</mVariable>
</pegInfo>
<ball>
<mIsPeg>true</mIsPeg>
<mCollidesWithOtherBalls>true</mCollidesWithOtherBalls>
<mx>624.000000</mx>
<my>69.000000</my>
<mRadius>10.000000</mRadius>
</ball>
</ent>
<ent>
<class>5</class>
<mCollidable>true</mCollidable>
<mMoving>true</mMoving>
<pegInfo>
<mVariable>true</mVariable>
</pegInfo>
<ball>
<mIsPeg>true</mIsPeg>
<mCollidesWithOtherBalls>true</mCollidesWithOtherBalls>
<mx>296.000000</mx>
<my>330.000000</my>
<mRadius>10.000000</mRadius>
</ball>
</ent>
<ent>
<class>5</class>
<mCollidable>true</mCollidable>
<mMoving>true</mMoving>
<pegInfo>
<mVariable>true</mVariable>
</pegInfo>
<ball>
<mIsPeg>true</mIsPeg>
<mCollidesWithOtherBalls>true</mCollidesWithOtherBalls>
<mx>254.000000</mx>
<my>428.000000</my>
<mRadius>10.000000</mRadius>
</ball>
</ent>
<ent>
<class>5</class>
<mCollidable>true</mCollidable>
<mMoving>true</mMoving>
<pegInfo>
<mVariable>true</mVariable>
</pegInfo>
<ball>
<mIsPeg>true</mIsPeg>
<mCollidesWithOtherBalls>true</mCollidesWithOtherBalls>
<mx>286.000000</mx>
<my>493.000000</my>
<mRadius>10.000000</mRadius>
</ball>
</ent>
<ent>
<class>5</class>
<mCollidable>true</mCollidable>
<mMoving>true</mMoving>
<pegInfo>
<mVariable>true</mVariable>
</pegInfo>
<ball>
<mIsPeg>true</mIsPeg>
<mCollidesWithOtherBalls>true</mCollidesWithOtherBalls>
<mx>350.000000</mx>
<my>493.000000</my>
<mRadius>10.000000</mRadius>
</ball>
</ent>
<ent>
<class>5</class>
<mCollidable>true</mCollidable>
<mMoving>true</mMoving>
<pegInfo>
<mVariable>true</mVariable>
</pegInfo>
<ball>
<mIsPeg>true</mIsPeg>
<mCollidesWithOtherBalls>true</mCollidesWithOtherBalls>
<mx>438.000000</mx>
<my>111.000000</my>
<mRadius>10.000000</mRadius>
</ball>
</ent>
<ent>
<class>5</class>
<mCollidable>true</mCollidable>
<mMoving>true</mMoving>
<pegInfo>
<mVariable>true</mVariable>
</pegInfo>
<ball>
<mIsPeg>true</mIsPeg>
<mCollidesWithOtherBalls>true</mCollidesWithOtherBalls>
<mx>88.000000</mx>
<my>41.000000</my>
<mRadius>10.000000</mRadius>
</ball>
</ent>
<ent>
<class>5</class>
<mCollidable>true</mCollidable>
<mMoving>true</mMoving>
<pegInfo>
<mVariable>true</mVariable>
</pegInfo>
<ball>
<mIsPeg>true</mIsPeg>
<mCollidesWithOtherBalls>true</mCollidesWithOtherBalls>
<mx>583.000000</mx>
<my>62.000000</my>
<mRadius>10.000000</mRadius>
</ball>
</ent>
<ent>
<class>5</class>
<mCollidable>true</mCollidable>
<mMoving>true</mMoving>
<pegInfo>
<mVariable>true</mVariable>
</pegInfo>
<ball>
<mIsPeg>true</mIsPeg>
<mCollidesWithOtherBalls>true</mCollidesWithOtherBalls>
<mx>528.000000</mx>
<my>51.000000</my>
<mRadius>10.000000</mRadius>
</ball>
</ent>
</level>
