<level name="levels/export66/level18web.dat.xml">
<version>66</version>
<isLevel>true</isLevel>
<ent>
<class>6</class>
<mCollidable>true</mCollidable>
<mMoving>true</mMoving>
<mImageDX>1.452228</mImageDX>
<mImageDY>1.160942</mImageDY>
<pegInfo>
<mVariable>true</mVariable>
</pegInfo>
<poly>
<mAllowFlash>true</mAllowFlash>
<mx>19.946655</mx>
<my>135.267395</my>
</poly>
<brick>
<mRightAnchored>true</mRightAnchored>
<mBrickAngle>20.000000</mBrickAngle>
<mBrickThickness>20.000061</mBrickThickness>
<mBrickRadius>100.000000</mBrickRadius>
<mBrickRotation>80.000000</mBrickRotation>
<corners>
<point>3</point>
<point>4</point>
<point>0</point>
<point>7</point>
</corners>
</brick>
</ent>
<ent>
<class>6</class>
<mCollidable>true</mCollidable>
<mMoving>true</mMoving>
<mImageDX>0.761318</mImageDX>
<mImageDY>0.417847</mImageDY>
<pegInfo>
<mVariable>true</mVariable>
</pegInfo>
<poly>
<mAllowFlash>true</mAllowFlash>
<mx>55.784607</mx>
<my>148.311371</my>
</poly>
<brick>
<mRightAnchored>true</mRightAnchored>
<mBrickAngle>20.000000</mBrickAngle>
<mBrickThickness>20.000051</mBrickThickness>
<mBrickRadius>100.000000</mBrickRadius>
<mBrickRotation>60.000000</mBrickRotation>
<corners>
<point>3</point>
<point>4</point>
<point>0</point>
<point>7</point>
</corners>
</brick>
</ent>
<ent>
<class>6</class>
<mCollidable>true</mCollidable>
<mMoving>true</mMoving>
<mImageDX>-0.021416</mImageDX>
<mImageDY>-0.375652</mImageDY>
<pegInfo>
<mVariable>true</mVariable>
</pegInfo>
<poly>
<mAllowFlash>true</mAllowFlash>
<mx>85.000000</mx>
<my>172.825958</my>
</poly>
<brick>
<mRightAnchored>true</mRightAnchored>
<mBrickAngle>20.000000</mBrickAngle>
<mBrickThickness>20.000051</mBrickThickness>
<mBrickRadius>100.000000</mBrickRadius>
<mBrickRotation>40.000000</mBrickRotation>
<corners>
<point>3</point>
<point>4</point>
<point>0</point>
<point>7</point>
</corners>
</brick>
</ent>
<ent>
<class>6</class>
<mCollidable>true</mCollidable>
<mMoving>true</mMoving>
<mImageDX>-0.801571</mImageDX>
<mImageDY>-1.123844</mImageDY>
<pegInfo>
<mVariable>true</mVariable>
</pegInfo>
<poly>
<mAllowFlash>true</mAllowFlash>
<mx>104.068970</mx>
<my>205.854431</my>
</poly>
<brick>
<mRightAnchored>true</mRightAnchored>
<mBrickAngle>20.000000</mBrickAngle>
<mBrickThickness>20.000023</mBrickThickness>
<mBrickRadius>100.000000</mBrickRadius>
<mBrickRotation>20.000000</mBrickRotation>
<corners>
<point>3</point>
<point>4</point>
<point>0</point>
<point>7</point>
</corners>
</brick>
</ent>
<ent>
<class>6</class>
<mCollidable>true</mCollidable>
<mMoving>true</mMoving>
<mImageDX>-0.675018</mImageDX>
<pegInfo>
<mVariable>true</mVariable>
</pegInfo>
<poly>
<mAllowFlash>true</mAllowFlash>
<mx>110.691589</mx>
<my>243.412994</my>
</poly>
<brick>
<mRightAnchored>true</mRightAnchored>
<mBrickAngle>20.000000</mBrickAngle>
<mBrickThickness>19.999981</mBrickThickness>
<mBrickRadius>100.000000</mBrickRadius>
<mBrickRotation>0.000000</mBrickRotation>
<corners>
<point>3</point>
<point>4</point>
<point>0</point>
<point>7</point>
</corners>
</brick>
</ent>
<ent>
<class>6</class>
<mCollidable>true</mCollidable>
<mMoving>true</mMoving>
<mImageDX>-0.801575</mImageDX>
<mImageDY>1.123846</mImageDY>
<pegInfo>
<mVariable>true</mVariable>
</pegInfo>
<poly>
<mAllowFlash>true</mAllowFlash>
<mx>104.069031</mx>
<my>280.971558</my>
</poly>
<brick>
<mRightAnchored>true</mRightAnchored>
<mBrickAngle>20.000000</mBrickAngle>
<mBrickThickness>20.000011</mBrickThickness>
<mBrickRadius>100.000000</mBrickRadius>
<mBrickRotation>-20.000000</mBrickRotation>
<corners>
<point>3</point>
<point>4</point>
<point>0</point>
<point>7</point>
</corners>
</brick>
</ent>
<ent>
<class>6</class>
<mCollidable>true</mCollidable>
<mMoving>true</mMoving>
<mImageDX>-0.021420</mImageDX>
<mImageDY>0.375652</mImageDY>
<pegInfo>
</pegInfo>
<poly>
<mAllowFlash>true</mAllowFlash>
<mx>85.000000</mx>
<my>314.000000</my>
</poly>
<brick>
<mRightAnchored>true</mRightAnchored>
<mBrickAngle>20.000000</mBrickAngle>
<mBrickThickness>20.000015</mBrickThickness>
<mBrickRadius>100.000000</mBrickRadius>
<mBrickRotation>-40.000000</mBrickRotation>
<corners>
<point>3</point>
<point>4</point>
<point>0</point>
<point>7</point>
</corners>
</brick>
</ent>
<ent>
<class>6</class>
<mCollidable>true</mCollidable>
<mMoving>true</mMoving>
<mImageDX>0.761318</mImageDX>
<mImageDY>-0.417847</mImageDY>
<pegInfo>
<mVariable>true</mVariable>
</pegInfo>
<poly>
<mAllowFlash>true</mAllowFlash>
<mx>55.784607</mx>
<my>338.514679</my>
</poly>
<brick>
<mLeftAnchored>true</mLeftAnchored>
<mRightAnchored>true</mRightAnchored>
<mBrickAngle>20.000000</mBrickAngle>
<mBrickThickness>20.000017</mBrickThickness>
<mBrickRadius>100.000000</mBrickRadius>
<mBrickRotation>-60.000000</mBrickRotation>
<corners>
<point>3</point>
<point>4</point>
<point>0</point>
<point>7</point>
</corners>
</brick>
</ent>
<ent>
<class>6</class>
<mCollidable>true</mCollidable>
<mMoving>true</mMoving>
<mImageDX>0.756723</mImageDX>
<mImageDY>-0.000001</mImageDY>
<pegInfo>
</pegInfo>
<mover>
<mMoveType>13</mMoveType>
<mOrigX>0.000000</mOrigX>
<mOrigY>245.000000</mOrigY>
<mMoveTime>1200</mMoveTime>
<mMoveRadius>60</mMoveRadius>
<mMovePhase>0.500000</mMovePhase>
<mRotationAdd>-3.141593</mRotationAdd>
<mx>-60.000000</mx>
<my>245.000000</my>
</mover>
<poly>
<mAllowFlash>true</mAllowFlash>
</poly>
<brick>
<mBrickAngle>30.000000</mBrickAngle>
<mBrickRadius>50.000000</mBrickRadius>
<mBrickRotation>180.000000</mBrickRotation>
<corners>
<point>3</point>
<point>4</point>
<point>0</point>
<point>7</point>
</corners>
</brick>
</ent>
<ent>
<class>6</class>
<mCollidable>true</mCollidable>
<mMoving>true</mMoving>
<mImageDX>0.278725</mImageDX>
<mImageDY>1.333371</mImageDY>
<pegInfo>
</pegInfo>
<mover>
<mMoveType>13</mMoveType>
<mOrigX>0.000000</mOrigX>
<mOrigY>245.000000</mOrigY>
<mMoveTime>1200</mMoveTime>
<mMoveRadius>60</mMoveRadius>
<mMovePhase>0.416667</mMovePhase>
<mRotation>-1.047198</mRotation>
<mRotationAdd>-3.665191</mRotationAdd>
<mx>-51.961525</mx>
<my>215.000000</my>
</mover>
<poly>
<mAllowFlash>true</mAllowFlash>
<mRad>-1.047198</mRad>
</poly>
<brick>
<mBrickAngle>30.000000</mBrickAngle>
<mBrickRadius>50.000000</mBrickRadius>
<mBrickRotation>210.000000</mBrickRotation>
<corners>
<point>3</point>
<point>4</point>
<point>0</point>
<point>7</point>
</corners>
</brick>
</ent>
<ent>
<class>6</class>
<mCollidable>true</mCollidable>
<mMoving>true</mMoving>
<mImageDX>-1.333373</mImageDX>
<mImageDY>-0.278719</mImageDY>
<pegInfo>
</pegInfo>
<mover>
<mMoveType>13</mMoveType>
<mOrigX>0.000000</mOrigX>
<mOrigY>245.000000</mOrigY>
<mMoveTime>1200</mMoveTime>
<mMoveRadius>60</mMoveRadius>
<mMovePhase>0.333333</mMovePhase>
<mRotation>-2.094395</mRotation>
<mRotationAdd>-4.188790</mRotationAdd>
<mx>-30.000004</mx>
<my>193.038483</my>
</mover>
<poly>
<mAllowFlash>true</mAllowFlash>
<mRad>-2.094395</mRad>
</poly>
<brick>
<mBrickAngle>30.000000</mBrickAngle>
<mBrickRadius>50.000000</mBrickRadius>
<mBrickRotation>240.000000</mBrickRotation>
<corners>
<point>3</point>
<point>4</point>
<point>0</point>
<point>7</point>
</corners>
</brick>
</ent>
<ent>
<class>6</class>
<mCollidable>true</mCollidable>
<mMoving>true</mMoving>
<mImageDX>0.000001</mImageDX>
<mImageDY>-0.756723</mImageDY>
<pegInfo>
</pegInfo>
<mover>
<mMoveType>13</mMoveType>
<mOrigX>0.000000</mOrigX>
<mOrigY>245.000000</mOrigY>
<mMoveTime>1200</mMoveTime>
<mMoveRadius>60</mMoveRadius>
<mMovePhase>0.250000</mMovePhase>
<mRotation>-3.141593</mRotation>
<mRotationAdd>-4.712389</mRotationAdd>
<mx>-0.000003</mx>
<my>185.000000</my>
</mover>
<poly>
<mAllowFlash>true</mAllowFlash>
<mRad>-3.141593</mRad>
</poly>
<brick>
<mBrickAngle>30.000000</mBrickAngle>
<mBrickRadius>50.000000</mBrickRadius>
<mBrickRotation>270.000000</mBrickRotation>
<corners>
<point>3</point>
<point>4</point>
<point>0</point>
<point>7</point>
</corners>
</brick>
</ent>
<ent>
<class>6</class>
<mCollidable>true</mCollidable>
<mMoving>true</mMoving>
<mImageDX>1.333373</mImageDX>
<mImageDY>-0.278719</mImageDY>
<pegInfo>
</pegInfo>
<mover>
<mMoveType>13</mMoveType>
<mOrigX>0.000000</mOrigX>
<mOrigY>245.000000</mOrigY>
<mMoveTime>1200</mMoveTime>
<mMoveRadius>60</mMoveRadius>
<mMovePhase>0.166667</mMovePhase>
<mRotation>-4.188790</mRotation>
<mRotationAdd>-5.235988</mRotationAdd>
<mx>29.999998</mx>
<my>193.038483</my>
</mover>
<poly>
<mAllowFlash>true</mAllowFlash>
<mRad>-4.188790</mRad>
</poly>
<brick>
<mBrickAngle>30.000000</mBrickAngle>
<mBrickRadius>50.000000</mBrickRadius>
<mBrickRotation>300.000000</mBrickRotation>
<corners>
<point>3</point>
<point>4</point>
<point>0</point>
<point>7</point>
</corners>
</brick>
</ent>
<ent>
<class>6</class>
<mCollidable>true</mCollidable>
<mMoving>true</mMoving>
<mImageDX>-0.278723</mImageDX>
<mImageDY>1.333372</mImageDY>
<pegInfo>
</pegInfo>
<mover>
<mMoveType>13</mMoveType>
<mOrigX>0.000000</mOrigX>
<mOrigY>245.000000</mOrigY>
<mMoveTime>1200</mMoveTime>
<mMoveRadius>60</mMoveRadius>
<mMovePhase>0.083333</mMovePhase>
<mRotation>-5.235988</mRotation>
<mRotationAdd>-5.759586</mRotationAdd>
<mx>51.961525</mx>
<my>215.000000</my>
</mover>
<poly>
<mAllowFlash>true</mAllowFlash>
<mRad>-5.235988</mRad>
</poly>
<brick>
<mBrickAngle>30.000000</mBrickAngle>
<mBrickRadius>50.000000</mBrickRadius>
<mBrickRotation>330.000000</mBrickRotation>
<corners>
<point>3</point>
<point>4</point>
<point>0</point>
<point>7</point>
</corners>
</brick>
</ent>
<ent>
<class>6</class>
<mCollidable>true</mCollidable>
<mMoving>true</mMoving>
<mImageDX>-0.756723</mImageDX>
<mImageDY>-0.000002</mImageDY>
<pegInfo>
</pegInfo>
<mover>
<mMoveType>13</mMoveType>
<mOrigX>0.000000</mOrigX>
<mOrigY>245.000000</mOrigY>
<mMoveTime>1200</mMoveTime>
<mMoveRadius>60</mMoveRadius>
<mMovePhase>1.000000</mMovePhase>
<mRotation>-6.283185</mRotation>
<mRotationAdd>-6.283185</mRotationAdd>
<mx>60.000000</mx>
<my>245.000000</my>
</mover>
<poly>
<mAllowFlash>true</mAllowFlash>
<mRad>-6.283185</mRad>
</poly>
<brick>
<mBrickAngle>30.000000</mBrickAngle>
<mBrickRadius>50.000000</mBrickRadius>
<mBrickRotation>360.000000</mBrickRotation>
<corners>
<point>3</point>
<point>4</point>
<point>0</point>
<point>7</point>
</corners>
</brick>
</ent>
<ent>
<class>6</class>
<mCollidable>true</mCollidable>
<mMoving>true</mMoving>
<mImageDX>-0.278730</mImageDX>
<mImageDY>-1.333385</mImageDY>
<pegInfo>
<mVariable>true</mVariable>
</pegInfo>
<mover>
<mMoveType>13</mMoveType>
<mOrigX>0.000000</mOrigX>
<mOrigY>245.000000</mOrigY>
<mMoveTime>1200</mMoveTime>
<mMoveRadius>60</mMoveRadius>
<mMovePhase>0.916667</mMovePhase>
<mRotation>-1.047197</mRotation>
<mRotationAdd>-6.806784</mRotationAdd>
<mx>51.961533</mx>
<my>275.000000</my>
</mover>
<poly>
<mAllowFlash>true</mAllowFlash>
<mRad>-1.047197</mRad>
</poly>
<brick>
<mBrickAngle>30.000000</mBrickAngle>
<mBrickRadius>50.000000</mBrickRadius>
<mBrickRotation>390.000000</mBrickRotation>
<corners>
<point>3</point>
<point>4</point>
<point>0</point>
<point>7</point>
</corners>
</brick>
</ent>
<ent>
<class>6</class>
<mCollidable>true</mCollidable>
<mMoving>true</mMoving>
<mImageDX>1.333361</mImageDX>
<mImageDY>0.278715</mImageDY>
<pegInfo>
<mVariable>true</mVariable>
</pegInfo>
<mover>
<mMoveType>13</mMoveType>
<mOrigX>0.000000</mOrigX>
<mOrigY>245.000000</mOrigY>
<mMoveTime>1200</mMoveTime>
<mMoveRadius>60</mMoveRadius>
<mMovePhase>0.833333</mMovePhase>
<mRotation>-2.094395</mRotation>
<mRotationAdd>-7.330383</mRotationAdd>
<mx>29.999994</mx>
<my>296.961517</my>
</mover>
<poly>
<mAllowFlash>true</mAllowFlash>
<mRad>-2.094395</mRad>
</poly>
<brick>
<mBrickAngle>30.000000</mBrickAngle>
<mBrickRadius>50.000000</mBrickRadius>
<mBrickRotation>420.000000</mBrickRotation>
<corners>
<point>3</point>
<point>4</point>
<point>0</point>
<point>7</point>
</corners>
</brick>
</ent>
<ent>
<class>6</class>
<mCollidable>true</mCollidable>
<mMoving>true</mMoving>
<mImageDX>-0.000015</mImageDX>
<mImageDY>0.756721</mImageDY>
<pegInfo>
<mVariable>true</mVariable>
</pegInfo>
<mover>
<mMoveType>13</mMoveType>
<mOrigX>0.000000</mOrigX>
<mOrigY>245.000000</mOrigY>
<mMoveTime>1200</mMoveTime>
<mMoveRadius>60</mMoveRadius>
<mMovePhase>0.750000</mMovePhase>
<mRotation>-3.141593</mRotation>
<mRotationAdd>-7.853981</mRotationAdd>
<mx>0.000001</mx>
<my>305.000000</my>
</mover>
<poly>
<mAllowFlash>true</mAllowFlash>
<mRad>-3.141593</mRad>
</poly>
<brick>
<mBrickAngle>30.000000</mBrickAngle>
<mBrickRadius>50.000000</mBrickRadius>
<mBrickRotation>450.000000</mBrickRotation>
<corners>
<point>3</point>
<point>4</point>
<point>0</point>
<point>7</point>
</corners>
</brick>
</ent>
<ent>
<class>6</class>
<mCollidable>true</mCollidable>
<mMoving>true</mMoving>
<mImageDX>-1.333383</mImageDX>
<mImageDY>0.278727</mImageDY>
<pegInfo>
<mVariable>true</mVariable>
</pegInfo>
<mover>
<mMoveType>13</mMoveType>
<mOrigX>0.000000</mOrigX>
<mOrigY>245.000000</mOrigY>
<mMoveTime>1200</mMoveTime>
<mMoveRadius>60</mMoveRadius>
<mMovePhase>0.666667</mMovePhase>
<mRotation>-4.188790</mRotation>
<mRotationAdd>-8.377581</mRotationAdd>
<mx>-29.999994</mx>
<my>296.961517</my>
</mover>
<poly>
<mAllowFlash>true</mAllowFlash>
<mRad>-4.188790</mRad>
</poly>
<brick>
<mBrickAngle>30.000000</mBrickAngle>
<mBrickRadius>50.000000</mBrickRadius>
<mBrickRotation>480.000000</mBrickRotation>
<corners>
<point>3</point>
<point>4</point>
<point>0</point>
<point>7</point>
</corners>
</brick>
</ent>
<ent>
<class>6</class>
<mCollidable>true</mCollidable>
<mMoving>true</mMoving>
<mImageDX>0.278721</mImageDX>
<mImageDY>-1.333376</mImageDY>
<pegInfo>
</pegInfo>
<mover>
<mMoveType>13</mMoveType>
<mOrigX>0.000000</mOrigX>
<mOrigY>245.000000</mOrigY>
<mMoveTime>1200</mMoveTime>
<mMoveRadius>60</mMoveRadius>
<mMovePhase>0.583333</mMovePhase>
<mRotation>-5.235988</mRotation>
<mRotationAdd>-8.901179</mRotationAdd>
<mx>-51.961525</mx>
<my>275.000000</my>
</mover>
<poly>
<mAllowFlash>true</mAllowFlash>
<mRad>-5.235988</mRad>
</poly>
<brick>
<mBrickAngle>30.000000</mBrickAngle>
<mBrickRadius>50.000000</mBrickRadius>
<mBrickRotation>510.000000</mBrickRotation>
<corners>
<point>3</point>
<point>4</point>
<point>0</point>
<point>7</point>
</corners>
</brick>
</ent>
<ent>
<class>6</class>
<mCollidable>true</mCollidable>
<mMoving>true</mMoving>
<mImageDX>0.756723</mImageDX>
<mImageDY>-0.000001</mImageDY>
<pegInfo>
</pegInfo>
<mover>
<mMoveType>243</mMoveType>
<mOrigX>650.000000</mOrigX>
<mOrigY>245.000000</mOrigY>
<mMoveTime>1200</mMoveTime>
<mMoveRadius>60</mMoveRadius>
<mMovePhase>0.500000</mMovePhase>
<mRotation>-6.283185</mRotation>
<mRotationAdd>-3.141593</mRotationAdd>
<mx>590.000000</mx>
<my>245.000000</my>
</mover>
<poly>
<mAllowFlash>true</mAllowFlash>
<mRad>-6.283185</mRad>
</poly>
<brick>
<mBrickAngle>30.000000</mBrickAngle>
<mBrickRadius>50.000000</mBrickRadius>
<mBrickRotation>180.000000</mBrickRotation>
<corners>
<point>3</point>
<point>4</point>
<point>0</point>
<point>7</point>
</corners>
</brick>
</ent>
<ent>
<class>6</class>
<mCollidable>true</mCollidable>
<mMoving>true</mMoving>
<mImageDX>0.278727</mImageDX>
<mImageDY>1.333377</mImageDY>
<pegInfo>
<mVariable>true</mVariable>
</pegInfo>
<mover>
<mMoveType>243</mMoveType>
<mOrigX>650.000000</mOrigX>
<mOrigY>245.000000</mOrigY>
<mMoveTime>1200</mMoveTime>
<mMoveRadius>60</mMoveRadius>
<mMovePhase>0.416667</mMovePhase>
<mRotation>-6.283185</mRotation>
<mRotationAdd>-3.665191</mRotationAdd>
<mx>598.038452</mx>
<my>275.000000</my>
</mover>
<poly>
<mAllowFlash>true</mAllowFlash>
<mRad>-6.283185</mRad>
</poly>
<brick>
<mBrickAngle>30.000000</mBrickAngle>
<mBrickRadius>50.000000</mBrickRadius>
<mBrickRotation>210.000000</mBrickRotation>
<corners>
<point>3</point>
<point>4</point>
<point>0</point>
<point>7</point>
</corners>
</brick>
</ent>
<ent>
<class>6</class>
<mCollidable>true</mCollidable>
<mMoving>true</mMoving>
<mImageDX>-1.333361</mImageDX>
<mImageDY>-0.278711</mImageDY>
<pegInfo>
<mVariable>true</mVariable>
</pegInfo>
<mover>
<mMoveType>243</mMoveType>
<mOrigX>650.000000</mOrigX>
<mOrigY>245.000000</mOrigY>
<mMoveTime>1200</mMoveTime>
<mMoveRadius>60</mMoveRadius>
<mMovePhase>0.333333</mMovePhase>
<mRotation>-6.283185</mRotation>
<mRotationAdd>-4.188790</mRotationAdd>
<mx>620.000000</mx>
<my>296.961517</my>
</mover>
<poly>
<mAllowFlash>true</mAllowFlash>
<mRad>-6.283185</mRad>
</poly>
<brick>
<mBrickAngle>30.000000</mBrickAngle>
<mBrickRadius>50.000000</mBrickRadius>
<mBrickRotation>240.000000</mBrickRotation>
<corners>
<point>3</point>
<point>4</point>
<point>0</point>
<point>7</point>
</corners>
</brick>
</ent>
<ent>
<class>6</class>
<mCollidable>true</mCollidable>
<mMoving>true</mMoving>
<mImageDX>0.000008</mImageDX>
<mImageDY>-0.756727</mImageDY>
<pegInfo>
<mVariable>true</mVariable>
</pegInfo>
<mover>
<mMoveType>243</mMoveType>
<mOrigX>650.000000</mOrigX>
<mOrigY>245.000000</mOrigY>
<mMoveTime>1200</mMoveTime>
<mMoveRadius>60</mMoveRadius>
<mMovePhase>0.250000</mMovePhase>
<mRotation>-6.283185</mRotation>
<mRotationAdd>-4.712389</mRotationAdd>
<mx>650.000000</mx>
<my>305.000000</my>
</mover>
<poly>
<mAllowFlash>true</mAllowFlash>
<mRad>-6.283185</mRad>
</poly>
<brick>
<mBrickAngle>30.000000</mBrickAngle>
<mBrickRadius>50.000000</mBrickRadius>
<mBrickRotation>270.000000</mBrickRotation>
<corners>
<point>3</point>
<point>4</point>
<point>0</point>
<point>7</point>
</corners>
</brick>
</ent>
<ent>
<class>6</class>
<mCollidable>true</mCollidable>
<mMoving>true</mMoving>
<mImageDX>1.333379</mImageDX>
<mImageDY>-0.278723</mImageDY>
<pegInfo>
<mVariable>true</mVariable>
</pegInfo>
<mover>
<mMoveType>243</mMoveType>
<mOrigX>650.000000</mOrigX>
<mOrigY>245.000000</mOrigY>
<mMoveTime>1200</mMoveTime>
<mMoveRadius>60</mMoveRadius>
<mMovePhase>0.166667</mMovePhase>
<mRotation>-6.283185</mRotation>
<mRotationAdd>-5.235988</mRotationAdd>
<mx>680.000000</mx>
<my>296.961517</my>
</mover>
<poly>
<mAllowFlash>true</mAllowFlash>
<mRad>-6.283185</mRad>
</poly>
<brick>
<mBrickAngle>30.000000</mBrickAngle>
<mBrickRadius>50.000000</mBrickRadius>
<mBrickRotation>300.000000</mBrickRotation>
<corners>
<point>3</point>
<point>4</point>
<point>0</point>
<point>7</point>
</corners>
</brick>
</ent>
<ent>
<class>6</class>
<mCollidable>true</mCollidable>
<mMoving>true</mMoving>
<mImageDX>-0.278723</mImageDX>
<mImageDY>1.333372</mImageDY>
<pegInfo>
</pegInfo>
<mover>
<mMoveType>243</mMoveType>
<mOrigX>650.000000</mOrigX>
<mOrigY>245.000000</mOrigY>
<mMoveTime>1200</mMoveTime>
<mMoveRadius>60</mMoveRadius>
<mMovePhase>0.083333</mMovePhase>
<mRotation>-6.283185</mRotation>
<mRotationAdd>-5.759586</mRotationAdd>
<mx>701.961548</mx>
<my>275.000000</my>
</mover>
<poly>
<mAllowFlash>true</mAllowFlash>
<mRad>-6.283185</mRad>
</poly>
<brick>
<mBrickAngle>30.000000</mBrickAngle>
<mBrickRadius>50.000000</mBrickRadius>
<mBrickRotation>330.000000</mBrickRotation>
<corners>
<point>3</point>
<point>4</point>
<point>0</point>
<point>7</point>
</corners>
</brick>
</ent>
<ent>
<class>6</class>
<mCollidable>true</mCollidable>
<mMoving>true</mMoving>
<mImageDX>-0.756723</mImageDX>
<mImageDY>-0.000002</mImageDY>
<pegInfo>
</pegInfo>
<mover>
<mMoveType>243</mMoveType>
<mOrigX>650.000000</mOrigX>
<mOrigY>245.000000</mOrigY>
<mMoveTime>1200</mMoveTime>
<mMoveRadius>60</mMoveRadius>
<mMovePhase>1.000000</mMovePhase>
<mRotation>-6.283185</mRotation>
<mRotationAdd>-6.283185</mRotationAdd>
<mx>710.000000</mx>
<my>245.000000</my>
</mover>
<poly>
<mAllowFlash>true</mAllowFlash>
<mRad>-6.283185</mRad>
</poly>
<brick>
<mBrickAngle>30.000000</mBrickAngle>
<mBrickRadius>50.000000</mBrickRadius>
<mBrickRotation>360.000000</mBrickRotation>
<corners>
<point>3</point>
<point>4</point>
<point>0</point>
<point>7</point>
</corners>
</brick>
</ent>
<ent>
<class>6</class>
<mCollidable>true</mCollidable>
<mMoving>true</mMoving>
<mImageDX>-0.278721</mImageDX>
<mImageDY>-1.333373</mImageDY>
<pegInfo>
</pegInfo>
<mover>
<mMoveType>243</mMoveType>
<mOrigX>650.000000</mOrigX>
<mOrigY>245.000000</mOrigY>
<mMoveTime>1200</mMoveTime>
<mMoveRadius>60</mMoveRadius>
<mMovePhase>0.916667</mMovePhase>
<mRotation>-12.566371</mRotation>
<mRotationAdd>-6.806784</mRotationAdd>
<mx>701.961548</mx>
<my>215.000015</my>
</mover>
<poly>
<mAllowFlash>true</mAllowFlash>
<mRad>-12.566371</mRad>
</poly>
<brick>
<mBrickAngle>30.000000</mBrickAngle>
<mBrickRadius>50.000000</mBrickRadius>
<mBrickRotation>390.000000</mBrickRotation>
<corners>
<point>3</point>
<point>4</point>
<point>0</point>
<point>7</point>
</corners>
</brick>
</ent>
<ent>
<class>6</class>
<mCollidable>true</mCollidable>
<mMoving>true</mMoving>
<mImageDX>1.333374</mImageDX>
<mImageDY>0.278725</mImageDY>
<pegInfo>
</pegInfo>
<mover>
<mMoveType>243</mMoveType>
<mOrigX>650.000000</mOrigX>
<mOrigY>245.000000</mOrigY>
<mMoveTime>1200</mMoveTime>
<mMoveRadius>60</mMoveRadius>
<mMovePhase>0.833333</mMovePhase>
<mRotation>-12.566370</mRotation>
<mRotationAdd>-7.330383</mRotationAdd>
<mx>680.000000</mx>
<my>193.038483</my>
</mover>
<poly>
<mAllowFlash>true</mAllowFlash>
<mRad>-12.566370</mRad>
</poly>
<brick>
<mBrickAngle>30.000000</mBrickAngle>
<mBrickRadius>50.000000</mBrickRadius>
<mBrickRotation>420.000000</mBrickRotation>
<corners>
<point>3</point>
<point>4</point>
<point>0</point>
<point>7</point>
</corners>
</brick>
</ent>
<ent>
<class>6</class>
<mCollidable>true</mCollidable>
<mMoving>true</mMoving>
<mImageDX>-0.000002</mImageDX>
<mImageDY>0.756721</mImageDY>
<pegInfo>
</pegInfo>
<mover>
<mMoveType>243</mMoveType>
<mOrigX>650.000000</mOrigX>
<mOrigY>245.000000</mOrigY>
<mMoveTime>1200</mMoveTime>
<mMoveRadius>60</mMoveRadius>
<mMovePhase>0.750000</mMovePhase>
<mRotation>-12.566370</mRotation>
<mRotationAdd>-7.853981</mRotationAdd>
<mx>650.000000</mx>
<my>185.000000</my>
</mover>
<poly>
<mAllowFlash>true</mAllowFlash>
<mRad>-12.566370</mRad>
</poly>
<brick>
<mBrickAngle>30.000000</mBrickAngle>
<mBrickRadius>50.000000</mBrickRadius>
<mBrickRotation>450.000000</mBrickRotation>
<corners>
<point>3</point>
<point>4</point>
<point>0</point>
<point>7</point>
</corners>
</brick>
</ent>
<ent>
<class>6</class>
<mCollidable>true</mCollidable>
<mMoving>true</mMoving>
<mImageDX>-1.333373</mImageDX>
<mImageDY>0.278721</mImageDY>
<pegInfo>
</pegInfo>
<mover>
<mMoveType>243</mMoveType>
<mOrigX>650.000000</mOrigX>
<mOrigY>245.000000</mOrigY>
<mMoveTime>1200</mMoveTime>
<mMoveRadius>60</mMoveRadius>
<mMovePhase>0.666667</mMovePhase>
<mRotation>-12.566371</mRotation>
<mRotationAdd>-8.377581</mRotationAdd>
<mx>620.000000</mx>
<my>193.038483</my>
</mover>
<poly>
<mAllowFlash>true</mAllowFlash>
<mRad>-12.566371</mRad>
</poly>
<brick>
<mBrickAngle>30.000000</mBrickAngle>
<mBrickRadius>50.000000</mBrickRadius>
<mBrickRotation>480.000000</mBrickRotation>
<corners>
<point>3</point>
<point>4</point>
<point>0</point>
<point>7</point>
</corners>
</brick>
</ent>
<ent>
<class>6</class>
<mCollidable>true</mCollidable>
<mMoving>true</mMoving>
<mImageDX>0.278721</mImageDX>
<mImageDY>-1.333376</mImageDY>
<pegInfo>
</pegInfo>
<mover>
<mMoveType>243</mMoveType>
<mOrigX>650.000000</mOrigX>
<mOrigY>245.000000</mOrigY>
<mMoveTime>1200</mMoveTime>
<mMoveRadius>60</mMoveRadius>
<mMovePhase>0.583333</mMovePhase>
<mRotation>-12.566371</mRotation>
<mRotationAdd>-8.901179</mRotationAdd>
<mx>598.038452</mx>
<my>215.000000</my>
</mover>
<poly>
<mAllowFlash>true</mAllowFlash>
<mRad>-12.566371</mRad>
</poly>
<brick>
<mBrickAngle>30.000000</mBrickAngle>
<mBrickRadius>50.000000</mBrickRadius>
<mBrickRotation>510.000000</mBrickRotation>
<corners>
<point>3</point>
<point>4</point>
<point>0</point>
<point>7</point>
</corners>
</brick>
</ent>
<ent>
<class>5</class>
<mCollidable>true</mCollidable>
<mMoving>true</mMoving>
<ball>
<mIsPeg>true</mIsPeg>
<mCollidesWithOtherBalls>true</mCollidesWithOtherBalls>
<mx>0.000000</mx>
<my>245.000000</my>
<mRadius>20.000000</mRadius>
</ball>
</ent>
<ent>
<class>5</class>
<mCollidable>true</mCollidable>
<mMoving>true</mMoving>
<ball>
<mIsPeg>true</mIsPeg>
<mCollidesWithOtherBalls>true</mCollidesWithOtherBalls>
<mx>650.000000</mx>
<my>245.000000</my>
<mRadius>20.000000</mRadius>
</ball>
</ent>
<ent>
<class>5</class>
<mCollidable>true</mCollidable>
<mMoving>true</mMoving>
<ball>
<mIsPeg>true</mIsPeg>
<mCollidesWithOtherBalls>true</mCollidesWithOtherBalls>
<mx>322.000000</mx>
<my>331.000000</my>
<mRadius>30.000000</mRadius>
</ball>
</ent>
<ent>
<class>6</class>
<mCollidable>true</mCollidable>
<mMoving>true</mMoving>
<mImageDX>0.756725</mImageDX>
<mImageDY>0.000004</mImageDY>
<pegInfo>
</pegInfo>
<mover>
<mMoveType>13</mMoveType>
<mOrigX>322.000000</mOrigX>
<mOrigY>331.000000</mOrigY>
<mMoveTime>1200</mMoveTime>
<mMoveRadius>59</mMoveRadius>
<mRotation>-3.141593</mRotation>
<mRotationAdd>-3.141593</mRotationAdd>
<mx>381.000000</mx>
<my>331.000000</my>
</mover>
<poly>
<mAllowFlash>true</mAllowFlash>
<mRad>-3.141593</mRad>
</poly>
<brick>
<mBrickAngle>30.000000</mBrickAngle>
<mBrickRadius>50.000000</mBrickRadius>
<mBrickRotation>180.000000</mBrickRotation>
<corners>
<point>3</point>
<point>4</point>
<point>0</point>
<point>7</point>
</corners>
</brick>
</ent>
<ent>
<class>6</class>
<mCollidable>true</mCollidable>
<mMoving>true</mMoving>
<mImageDX>0.278725</mImageDX>
<mImageDY>1.333371</mImageDY>
<pegInfo>
</pegInfo>
<mover>
<mMoveType>13</mMoveType>
<mOrigX>322.000000</mOrigX>
<mOrigY>331.000000</mOrigY>
<mMoveTime>1200</mMoveTime>
<mMoveRadius>59</mMoveRadius>
<mMovePhase>0.083333</mMovePhase>
<mRotation>-3.141593</mRotation>
<mRotationAdd>-3.665191</mRotationAdd>
<mx>373.095490</mx>
<my>301.500000</my>
</mover>
<poly>
<mAllowFlash>true</mAllowFlash>
<mRad>-3.141593</mRad>
</poly>
<brick>
<mBrickAngle>30.000000</mBrickAngle>
<mBrickRadius>50.000000</mBrickRadius>
<mBrickRotation>210.000000</mBrickRotation>
<corners>
<point>3</point>
<point>4</point>
<point>0</point>
<point>7</point>
</corners>
</brick>
</ent>
<ent>
<class>6</class>
<mCollidable>true</mCollidable>
<mMoving>true</mMoving>
<mImageDX>-1.333373</mImageDX>
<mImageDY>-0.278719</mImageDY>
<pegInfo>
</pegInfo>
<mover>
<mMoveType>13</mMoveType>
<mOrigX>322.000000</mOrigX>
<mOrigY>331.000000</mOrigY>
<mMoveTime>1200</mMoveTime>
<mMoveRadius>59</mMoveRadius>
<mMovePhase>0.166667</mMovePhase>
<mRotation>-3.141593</mRotation>
<mRotationAdd>-4.188790</mRotationAdd>
<mx>351.500000</mx>
<my>279.904510</my>
</mover>
<poly>
<mAllowFlash>true</mAllowFlash>
<mRad>-3.141593</mRad>
</poly>
<brick>
<mBrickAngle>30.000000</mBrickAngle>
<mBrickRadius>50.000000</mBrickRadius>
<mBrickRotation>240.000000</mBrickRotation>
<corners>
<point>3</point>
<point>4</point>
<point>0</point>
<point>7</point>
</corners>
</brick>
</ent>
<ent>
<class>6</class>
<mCollidable>true</mCollidable>
<mMoving>true</mMoving>
<mImageDX>0.000001</mImageDX>
<mImageDY>-0.756723</mImageDY>
<pegInfo>
</pegInfo>
<mover>
<mMoveType>13</mMoveType>
<mOrigX>322.000000</mOrigX>
<mOrigY>331.000000</mOrigY>
<mMoveTime>1200</mMoveTime>
<mMoveRadius>59</mMoveRadius>
<mMovePhase>0.250000</mMovePhase>
<mRotation>-3.141593</mRotation>
<mRotationAdd>-4.712389</mRotationAdd>
<mx>322.000000</mx>
<my>272.000000</my>
</mover>
<poly>
<mAllowFlash>true</mAllowFlash>
<mRad>-3.141593</mRad>
</poly>
<brick>
<mBrickAngle>30.000000</mBrickAngle>
<mBrickRadius>50.000000</mBrickRadius>
<mBrickRotation>270.000000</mBrickRotation>
<corners>
<point>3</point>
<point>4</point>
<point>0</point>
<point>7</point>
</corners>
</brick>
</ent>
<ent>
<class>6</class>
<mCollidable>true</mCollidable>
<mMoving>true</mMoving>
<mImageDX>1.333373</mImageDX>
<mImageDY>-0.278719</mImageDY>
<pegInfo>
</pegInfo>
<mover>
<mMoveType>13</mMoveType>
<mOrigX>322.000000</mOrigX>
<mOrigY>331.000000</mOrigY>
<mMoveTime>1200</mMoveTime>
<mMoveRadius>59</mMoveRadius>
<mMovePhase>0.333333</mMovePhase>
<mRotation>-3.141593</mRotation>
<mRotationAdd>-5.235988</mRotationAdd>
<mx>292.500000</mx>
<my>279.904510</my>
</mover>
<poly>
<mAllowFlash>true</mAllowFlash>
<mRad>-3.141593</mRad>
</poly>
<brick>
<mBrickAngle>30.000000</mBrickAngle>
<mBrickRadius>50.000000</mBrickRadius>
<mBrickRotation>300.000000</mBrickRotation>
<corners>
<point>3</point>
<point>4</point>
<point>0</point>
<point>7</point>
</corners>
</brick>
</ent>
<ent>
<class>6</class>
<mCollidable>true</mCollidable>
<mMoving>true</mMoving>
<mImageDX>-0.278723</mImageDX>
<mImageDY>1.333372</mImageDY>
<pegInfo>
</pegInfo>
<mover>
<mMoveType>13</mMoveType>
<mOrigX>322.000000</mOrigX>
<mOrigY>331.000000</mOrigY>
<mMoveTime>1200</mMoveTime>
<mMoveRadius>59</mMoveRadius>
<mMovePhase>0.416667</mMovePhase>
<mRotation>-3.141593</mRotation>
<mRotationAdd>-5.759586</mRotationAdd>
<mx>270.904510</mx>
<my>301.500000</my>
</mover>
<poly>
<mAllowFlash>true</mAllowFlash>
<mRad>-3.146828</mRad>
</poly>
<brick>
<mBrickAngle>30.000000</mBrickAngle>
<mBrickRadius>50.000000</mBrickRadius>
<mBrickRotation>330.000000</mBrickRotation>
<corners>
<point>3</point>
<point>4</point>
<point>0</point>
<point>7</point>
</corners>
</brick>
</ent>
<ent>
<class>6</class>
<mCollidable>true</mCollidable>
<mMoving>true</mMoving>
<mImageDX>-0.756723</mImageDX>
<mImageDY>-0.000002</mImageDY>
<pegInfo>
</pegInfo>
<mover>
<mMoveType>13</mMoveType>
<mOrigX>322.000000</mOrigX>
<mOrigY>331.000000</mOrigY>
<mMoveTime>1200</mMoveTime>
<mMoveRadius>59</mMoveRadius>
<mMovePhase>0.500000</mMovePhase>
<mRotation>-3.141593</mRotation>
<mRotationAdd>-6.283185</mRotationAdd>
<mx>263.000000</mx>
<my>331.000000</my>
</mover>
<poly>
<mAllowFlash>true</mAllowFlash>
<mRad>-3.141593</mRad>
</poly>
<brick>
<mBrickAngle>30.000000</mBrickAngle>
<mBrickRadius>50.000000</mBrickRadius>
<mBrickRotation>360.000000</mBrickRotation>
<corners>
<point>3</point>
<point>4</point>
<point>0</point>
<point>7</point>
</corners>
</brick>
</ent>
<ent>
<class>6</class>
<mCollidable>true</mCollidable>
<mMoving>true</mMoving>
<mImageDX>-0.278721</mImageDX>
<mImageDY>-1.333373</mImageDY>
<pegInfo>
</pegInfo>
<mover>
<mMoveType>13</mMoveType>
<mOrigX>322.000000</mOrigX>
<mOrigY>331.000000</mOrigY>
<mMoveTime>1200</mMoveTime>
<mMoveRadius>59</mMoveRadius>
<mMovePhase>0.583333</mMovePhase>
<mRotation>-3.141593</mRotation>
<mRotationAdd>-6.806784</mRotationAdd>
<mx>270.904510</mx>
<my>360.500000</my>
</mover>
<poly>
<mAllowFlash>true</mAllowFlash>
<mRad>-3.146829</mRad>
</poly>
<brick>
<mBrickAngle>30.000000</mBrickAngle>
<mBrickRadius>50.000000</mBrickRadius>
<mBrickRotation>390.000000</mBrickRotation>
<corners>
<point>3</point>
<point>4</point>
<point>0</point>
<point>7</point>
</corners>
</brick>
</ent>
<ent>
<class>6</class>
<mCollidable>true</mCollidable>
<mMoving>true</mMoving>
<mImageDX>1.333374</mImageDX>
<mImageDY>0.278725</mImageDY>
<pegInfo>
</pegInfo>
<mover>
<mMoveType>13</mMoveType>
<mOrigX>322.000000</mOrigX>
<mOrigY>331.000000</mOrigY>
<mMoveTime>1200</mMoveTime>
<mMoveRadius>59</mMoveRadius>
<mMovePhase>0.666667</mMovePhase>
<mRotation>-3.141593</mRotation>
<mRotationAdd>-7.330383</mRotationAdd>
<mx>292.500000</mx>
<my>382.095490</my>
</mover>
<poly>
<mAllowFlash>true</mAllowFlash>
<mRad>-3.141593</mRad>
</poly>
<brick>
<mBrickAngle>30.000000</mBrickAngle>
<mBrickRadius>50.000000</mBrickRadius>
<mBrickRotation>420.000000</mBrickRotation>
<corners>
<point>3</point>
<point>4</point>
<point>0</point>
<point>7</point>
</corners>
</brick>
</ent>
<ent>
<class>6</class>
<mCollidable>true</mCollidable>
<mMoving>true</mMoving>
<mImageDX>-0.000002</mImageDX>
<mImageDY>0.756721</mImageDY>
<pegInfo>
</pegInfo>
<mover>
<mMoveType>13</mMoveType>
<mOrigX>322.000000</mOrigX>
<mOrigY>331.000000</mOrigY>
<mMoveTime>1200</mMoveTime>
<mMoveRadius>59</mMoveRadius>
<mMovePhase>0.750000</mMovePhase>
<mRotation>-3.141593</mRotation>
<mRotationAdd>-7.853981</mRotationAdd>
<mx>322.000000</mx>
<my>390.000000</my>
</mover>
<poly>
<mAllowFlash>true</mAllowFlash>
<mRad>-3.141593</mRad>
</poly>
<brick>
<mBrickAngle>30.000000</mBrickAngle>
<mBrickRadius>50.000000</mBrickRadius>
<mBrickRotation>450.000000</mBrickRotation>
<corners>
<point>3</point>
<point>4</point>
<point>0</point>
<point>7</point>
</corners>
</brick>
</ent>
<ent>
<class>6</class>
<mCollidable>true</mCollidable>
<mMoving>true</mMoving>
<mImageDX>-1.333373</mImageDX>
<mImageDY>0.278721</mImageDY>
<pegInfo>
</pegInfo>
<mover>
<mMoveType>13</mMoveType>
<mOrigX>322.000000</mOrigX>
<mOrigY>331.000000</mOrigY>
<mMoveTime>1200</mMoveTime>
<mMoveRadius>59</mMoveRadius>
<mMovePhase>0.833333</mMovePhase>
<mRotation>-3.141593</mRotation>
<mRotationAdd>-8.377581</mRotationAdd>
<mx>351.500000</mx>
<my>382.095490</my>
</mover>
<poly>
<mAllowFlash>true</mAllowFlash>
<mRad>-3.146829</mRad>
</poly>
<brick>
<mBrickAngle>30.000000</mBrickAngle>
<mBrickRadius>50.000000</mBrickRadius>
<mBrickRotation>480.000000</mBrickRotation>
<corners>
<point>3</point>
<point>4</point>
<point>0</point>
<point>7</point>
</corners>
</brick>
</ent>
<ent>
<class>6</class>
<mCollidable>true</mCollidable>
<mMoving>true</mMoving>
<mImageDX>0.278721</mImageDX>
<mImageDY>-1.333376</mImageDY>
<pegInfo>
</pegInfo>
<mover>
<mMoveType>13</mMoveType>
<mOrigX>322.000000</mOrigX>
<mOrigY>331.000000</mOrigY>
<mMoveTime>1200</mMoveTime>
<mMoveRadius>59</mMoveRadius>
<mMovePhase>0.916667</mMovePhase>
<mRotation>-3.141593</mRotation>
<mRotationAdd>-8.901179</mRotationAdd>
<mx>373.095520</mx>
<my>360.500000</my>
</mover>
<poly>
<mAllowFlash>true</mAllowFlash>
<mRad>-3.141593</mRad>
</poly>
<brick>
<mBrickAngle>30.000000</mBrickAngle>
<mBrickRadius>50.000000</mBrickRadius>
<mBrickRotation>510.000000</mBrickRotation>
<corners>
<point>3</point>
<point>4</point>
<point>0</point>
<point>7</point>
</corners>
</brick>
</ent>
<ent>
<class>6</class>
<mCollidable>true</mCollidable>
<mMoving>true</mMoving>
<mImageDX>0.756723</mImageDX>
<mImageDY>-0.000001</mImageDY>
<pegInfo>
</pegInfo>
<poly>
<mAllowFlash>true</mAllowFlash>
<mx>180.489670</mx>
<my>333.383392</my>
</poly>
<brick>
<mLeftAnchored>true</mLeftAnchored>
<mBrickAngle>30.000000</mBrickAngle>
<mBrickRadius>50.000000</mBrickRadius>
<mBrickRotation>180.000000</mBrickRotation>
<corners>
<point>3</point>
<point>4</point>
<point>0</point>
<point>7</point>
</corners>
</brick>
</ent>
<ent>
<class>6</class>
<mCollidable>true</mCollidable>
<mMoving>true</mMoving>
<mImageDX>0.278721</mImageDX>
<mImageDY>-1.333365</mImageDY>
<pegInfo>
<mVariable>true</mVariable>
</pegInfo>
<poly>
<mAllowFlash>true</mAllowFlash>
<mx>188.497559</mx>
<my>303.497559</my>
</poly>
<brick>
<mLeftAnchored>true</mLeftAnchored>
<mRightAnchored>true</mRightAnchored>
<mBrickAngle>30.000000</mBrickAngle>
<mBrickThickness>19.999994</mBrickThickness>
<mBrickRadius>50.000000</mBrickRadius>
<mBrickRotation>150.000000</mBrickRotation>
<corners>
<point>3</point>
<point>4</point>
<point>0</point>
<point>7</point>
</corners>
</brick>
</ent>
<ent>
<class>6</class>
<mCollidable>true</mCollidable>
<mMoving>true</mMoving>
<mImageDX>-1.333375</mImageDX>
<mImageDY>0.278721</mImageDY>
<pegInfo>
<mVariable>true</mVariable>
</pegInfo>
<poly>
<mAllowFlash>true</mAllowFlash>
<mx>210.375488</mx>
<my>281.619598</my>
</poly>
<brick>
<mLeftAnchored>true</mLeftAnchored>
<mRightAnchored>true</mRightAnchored>
<mBrickAngle>30.000000</mBrickAngle>
<mBrickThickness>20.000011</mBrickThickness>
<mBrickRadius>50.000000</mBrickRadius>
<mBrickRotation>120.000000</mBrickRotation>
<corners>
<point>3</point>
<point>4</point>
<point>0</point>
<point>7</point>
</corners>
</brick>
</ent>
<ent>
<class>6</class>
<mCollidable>true</mCollidable>
<mMoving>true</mMoving>
<mImageDX>1.333381</mImageDX>
<mImageDY>-0.278723</mImageDY>
<pegInfo>
<mVariable>true</mVariable>
</pegInfo>
<poly>
<mAllowFlash>true</mAllowFlash>
<mx>239.088867</mx>
<my>269.236084</my>
</poly>
<brick>
<mLeftAnchored>true</mLeftAnchored>
<mRightAnchored>true</mRightAnchored>
<mBrickTextureFlip>true</mBrickTextureFlip>
<mBrickAngle>30.000000</mBrickAngle>
<mBrickThickness>20.000013</mBrickThickness>
<mBrickRadius>50.000000</mBrickRadius>
<mBrickRotation>300.000000</mBrickRotation>
<corners>
<point>3</point>
<point>4</point>
<point>0</point>
<point>7</point>
</corners>
</brick>
</ent>
<ent>
<class>6</class>
<mCollidable>true</mCollidable>
<mMoving>true</mMoving>
<mImageDX>-0.278721</mImageDX>
<mImageDY>1.333376</mImageDY>
<pegInfo>
<mVariable>true</mVariable>
</pegInfo>
<poly>
<mAllowFlash>true</mAllowFlash>
<mx>260.966858</mx>
<my>247.358154</my>
</poly>
<brick>
<mLeftAnchored>true</mLeftAnchored>
<mRightAnchored>true</mRightAnchored>
<mBrickTextureFlip>true</mBrickTextureFlip>
<mBrickAngle>30.000000</mBrickAngle>
<mBrickThickness>20.000021</mBrickThickness>
<mBrickRadius>50.000000</mBrickRadius>
<mBrickRotation>-30.000000</mBrickRotation>
<corners>
<point>3</point>
<point>4</point>
<point>0</point>
<point>7</point>
</corners>
</brick>
</ent>
<ent>
<class>6</class>
<mCollidable>true</mCollidable>
<mMoving>true</mMoving>
<mImageDX>0.278721</mImageDX>
<mImageDY>-1.333369</mImageDY>
<pegInfo>
<mVariable>true</mVariable>
</pegInfo>
<poly>
<mAllowFlash>true</mAllowFlash>
<mx>273.350342</mx>
<my>218.644745</my>
</poly>
<brick>
<mLeftAnchored>true</mLeftAnchored>
<mRightAnchored>true</mRightAnchored>
<mBrickAngle>30.000000</mBrickAngle>
<mBrickThickness>20.000027</mBrickThickness>
<mBrickRadius>50.000000</mBrickRadius>
<mBrickRotation>150.000000</mBrickRotation>
<corners>
<point>3</point>
<point>4</point>
<point>0</point>
<point>7</point>
</corners>
</brick>
</ent>
<ent>
<class>6</class>
<mCollidable>true</mCollidable>
<mMoving>true</mMoving>
<mImageDX>-1.333377</mImageDX>
<mImageDY>0.278717</mImageDY>
<pegInfo>
<mVariable>true</mVariable>
</pegInfo>
<poly>
<mAllowFlash>true</mAllowFlash>
<mx>295.228271</mx>
<my>196.766785</my>
</poly>
<brick>
<mLeftAnchored>true</mLeftAnchored>
<mRightAnchored>true</mRightAnchored>
<mBrickAngle>30.000000</mBrickAngle>
<mBrickThickness>20.000050</mBrickThickness>
<mBrickRadius>50.000000</mBrickRadius>
<mBrickRotation>120.000000</mBrickRotation>
<corners>
<point>3</point>
<point>4</point>
<point>0</point>
<point>7</point>
</corners>
</brick>
</ent>
<ent>
<class>6</class>
<mCollidable>true</mCollidable>
<mMoving>true</mMoving>
<mImageDX>-0.000004</mImageDX>
<mImageDY>0.756723</mImageDY>
<pegInfo>
<mVariable>true</mVariable>
</pegInfo>
<poly>
<mAllowFlash>true</mAllowFlash>
<mx>325.114136</mx>
<my>188.758881</my>
</poly>
<brick>
<mRightAnchored>true</mRightAnchored>
<mBrickAngle>30.000000</mBrickAngle>
<mBrickThickness>20.000042</mBrickThickness>
<mBrickRadius>50.000000</mBrickRadius>
<mBrickRotation>90.000000</mBrickRotation>
<corners>
<point>3</point>
<point>4</point>
<point>0</point>
<point>7</point>
</corners>
</brick>
</ent>
<ent>
<class>6</class>
<mCollidable>true</mCollidable>
<mMoving>true</mMoving>
<mImageDX>-0.756723</mImageDX>
<pegInfo>
</pegInfo>
<poly>
<mAllowFlash>true</mAllowFlash>
<mx>469.738586</mx>
<my>333.383392</my>
</poly>
<brick>
<mLeftAnchored>true</mLeftAnchored>
<mBrickAngle>30.000000</mBrickAngle>
<mBrickRadius>50.000000</mBrickRadius>
<mBrickRotation>0.000000</mBrickRotation>
<corners>
<point>3</point>
<point>4</point>
<point>0</point>
<point>7</point>
</corners>
</brick>
</ent>
<ent>
<class>6</class>
<mCollidable>true</mCollidable>
<mMoving>true</mMoving>
<mImageDX>-0.278725</mImageDX>
<mImageDY>-1.333370</mImageDY>
<pegInfo>
<mVariable>true</mVariable>
</pegInfo>
<poly>
<mAllowFlash>true</mAllowFlash>
<mx>461.730713</mx>
<my>303.497559</my>
</poly>
<brick>
<mLeftAnchored>true</mLeftAnchored>
<mRightAnchored>true</mRightAnchored>
<mBrickAngle>30.000000</mBrickAngle>
<mBrickThickness>19.999994</mBrickThickness>
<mBrickRadius>50.000000</mBrickRadius>
<mBrickRotation>30.000000</mBrickRotation>
<corners>
<point>3</point>
<point>4</point>
<point>0</point>
<point>7</point>
</corners>
</brick>
</ent>
<ent>
<class>6</class>
<mCollidable>true</mCollidable>
<mMoving>true</mMoving>
<mImageDX>1.333373</mImageDX>
<mImageDY>0.278721</mImageDY>
<pegInfo>
<mVariable>true</mVariable>
</pegInfo>
<poly>
<mAllowFlash>true</mAllowFlash>
<mx>439.852783</mx>
<my>281.619598</my>
</poly>
<brick>
<mLeftAnchored>true</mLeftAnchored>
<mRightAnchored>true</mRightAnchored>
<mBrickAngle>30.000000</mBrickAngle>
<mBrickThickness>20.000011</mBrickThickness>
<mBrickRadius>50.000000</mBrickRadius>
<mBrickRotation>60.000000</mBrickRotation>
<corners>
<point>3</point>
<point>4</point>
<point>0</point>
<point>7</point>
</corners>
</brick>
</ent>
<ent>
<class>6</class>
<mCollidable>true</mCollidable>
<mMoving>true</mMoving>
<mImageDX>-1.333363</mImageDX>
<mImageDY>-0.278715</mImageDY>
<pegInfo>
<mVariable>true</mVariable>
</pegInfo>
<poly>
<mAllowFlash>true</mAllowFlash>
<mx>411.139404</mx>
<my>269.236084</my>
</poly>
<brick>
<mLeftAnchored>true</mLeftAnchored>
<mRightAnchored>true</mRightAnchored>
<mBrickTextureFlip>true</mBrickTextureFlip>
<mBrickAngle>30.000000</mBrickAngle>
<mBrickThickness>20.000013</mBrickThickness>
<mBrickRadius>50.000000</mBrickRadius>
<mBrickRotation>240.000000</mBrickRotation>
<corners>
<point>3</point>
<point>4</point>
<point>0</point>
<point>7</point>
</corners>
</brick>
</ent>
<ent>
<class>6</class>
<mCollidable>true</mCollidable>
<mMoving>true</mMoving>
<mImageDX>0.278723</mImageDX>
<mImageDY>1.333381</mImageDY>
<pegInfo>
<mVariable>true</mVariable>
</pegInfo>
<poly>
<mAllowFlash>true</mAllowFlash>
<mx>389.261414</mx>
<my>247.358154</my>
</poly>
<brick>
<mLeftAnchored>true</mLeftAnchored>
<mRightAnchored>true</mRightAnchored>
<mBrickTextureFlip>true</mBrickTextureFlip>
<mBrickAngle>30.000000</mBrickAngle>
<mBrickThickness>20.000021</mBrickThickness>
<mBrickRadius>50.000000</mBrickRadius>
<mBrickRotation>210.000000</mBrickRotation>
<corners>
<point>3</point>
<point>4</point>
<point>0</point>
<point>7</point>
</corners>
</brick>
</ent>
<ent>
<class>6</class>
<mCollidable>true</mCollidable>
<mMoving>true</mMoving>
<mImageDX>-0.278721</mImageDX>
<mImageDY>-1.333376</mImageDY>
<pegInfo>
<mVariable>true</mVariable>
</pegInfo>
<poly>
<mAllowFlash>true</mAllowFlash>
<mx>376.877930</mx>
<my>218.644745</my>
</poly>
<brick>
<mLeftAnchored>true</mLeftAnchored>
<mRightAnchored>true</mRightAnchored>
<mBrickAngle>30.000000</mBrickAngle>
<mBrickThickness>20.000027</mBrickThickness>
<mBrickRadius>50.000000</mBrickRadius>
<mBrickRotation>30.000000</mBrickRotation>
<corners>
<point>3</point>
<point>4</point>
<point>0</point>
<point>7</point>
</corners>
</brick>
</ent>
<ent>
<class>6</class>
<mCollidable>true</mCollidable>
<mMoving>true</mMoving>
<mImageDX>1.333375</mImageDX>
<mImageDY>0.278721</mImageDY>
<pegInfo>
<mVariable>true</mVariable>
</pegInfo>
<poly>
<mAllowFlash>true</mAllowFlash>
<mx>355.000000</mx>
<my>196.766785</my>
</poly>
<brick>
<mLeftAnchored>true</mLeftAnchored>
<mRightAnchored>true</mRightAnchored>
<mBrickAngle>30.000000</mBrickAngle>
<mBrickThickness>20.000050</mBrickThickness>
<mBrickRadius>50.000000</mBrickRadius>
<mBrickRotation>60.000000</mBrickRotation>
<corners>
<point>3</point>
<point>4</point>
<point>0</point>
<point>7</point>
</corners>
</brick>
</ent>
<ent>
<class>6</class>
<mCollidable>true</mCollidable>
<mMoving>true</mMoving>
<mImageDX>0.278721</mImageDX>
<mImageDY>1.333370</mImageDY>
<pegInfo>
</pegInfo>
<poly>
<mAllowFlash>true</mAllowFlash>
<mx>188.497559</mx>
<my>363.269226</my>
</poly>
<brick>
<mLeftAnchored>true</mLeftAnchored>
<mRightAnchored>true</mRightAnchored>
<mBrickAngle>30.000000</mBrickAngle>
<mBrickThickness>19.999994</mBrickThickness>
<mBrickRadius>50.000000</mBrickRadius>
<mBrickRotation>210.000000</mBrickRotation>
<corners>
<point>3</point>
<point>4</point>
<point>0</point>
<point>7</point>
</corners>
</brick>
</ent>
<ent>
<class>6</class>
<mCollidable>true</mCollidable>
<mMoving>true</mMoving>
<mImageDX>-1.333363</mImageDX>
<mImageDY>-0.278715</mImageDY>
<pegInfo>
<mVariable>true</mVariable>
</pegInfo>
<poly>
<mAllowFlash>true</mAllowFlash>
<mx>210.375488</mx>
<my>385.147186</my>
</poly>
<brick>
<mLeftAnchored>true</mLeftAnchored>
<mRightAnchored>true</mRightAnchored>
<mBrickAngle>30.000000</mBrickAngle>
<mBrickThickness>20.000011</mBrickThickness>
<mBrickRadius>50.000000</mBrickRadius>
<mBrickRotation>240.000000</mBrickRotation>
<corners>
<point>3</point>
<point>4</point>
<point>0</point>
<point>7</point>
</corners>
</brick>
</ent>
<ent>
<class>6</class>
<mCollidable>true</mCollidable>
<mMoving>true</mMoving>
<mImageDX>1.333373</mImageDX>
<mImageDY>0.278721</mImageDY>
<pegInfo>
<mVariable>true</mVariable>
</pegInfo>
<poly>
<mAllowFlash>true</mAllowFlash>
<mx>239.088867</mx>
<my>397.530701</my>
</poly>
<brick>
<mLeftAnchored>true</mLeftAnchored>
<mRightAnchored>true</mRightAnchored>
<mBrickTextureFlip>true</mBrickTextureFlip>
<mBrickAngle>30.000000</mBrickAngle>
<mBrickThickness>20.000013</mBrickThickness>
<mBrickRadius>50.000000</mBrickRadius>
<mBrickRotation>60.000000</mBrickRotation>
<corners>
<point>3</point>
<point>4</point>
<point>0</point>
<point>7</point>
</corners>
</brick>
</ent>
<ent>
<class>6</class>
<mCollidable>true</mCollidable>
<mMoving>true</mMoving>
<mImageDX>-0.278727</mImageDX>
<mImageDY>-1.333388</mImageDY>
<pegInfo>
<mVariable>true</mVariable>
</pegInfo>
<poly>
<mAllowFlash>true</mAllowFlash>
<mx>260.966858</mx>
<my>419.408630</my>
</poly>
<brick>
<mLeftAnchored>true</mLeftAnchored>
<mRightAnchored>true</mRightAnchored>
<mBrickTextureFlip>true</mBrickTextureFlip>
<mBrickAngle>30.000000</mBrickAngle>
<mBrickThickness>20.000021</mBrickThickness>
<mBrickRadius>50.000000</mBrickRadius>
<mBrickRotation>390.000000</mBrickRotation>
<corners>
<point>3</point>
<point>4</point>
<point>0</point>
<point>7</point>
</corners>
</brick>
</ent>
<ent>
<class>6</class>
<mCollidable>true</mCollidable>
<mMoving>true</mMoving>
<mImageDX>0.278723</mImageDX>
<mImageDY>1.333379</mImageDY>
<pegInfo>
<mVariable>true</mVariable>
</pegInfo>
<poly>
<mAllowFlash>true</mAllowFlash>
<mx>273.350342</mx>
<my>448.122040</my>
</poly>
<brick>
<mLeftAnchored>true</mLeftAnchored>
<mRightAnchored>true</mRightAnchored>
<mBrickAngle>30.000000</mBrickAngle>
<mBrickThickness>20.000027</mBrickThickness>
<mBrickRadius>50.000000</mBrickRadius>
<mBrickRotation>210.000000</mBrickRotation>
<corners>
<point>3</point>
<point>4</point>
<point>0</point>
<point>7</point>
</corners>
</brick>
</ent>
<ent>
<class>6</class>
<mCollidable>true</mCollidable>
<mMoving>true</mMoving>
<mImageDX>-1.333364</mImageDX>
<mImageDY>-0.278715</mImageDY>
<pegInfo>
<mVariable>true</mVariable>
<mCrumble>true</mCrumble>
</pegInfo>
<poly>
<mAllowFlash>true</mAllowFlash>
<mx>295.228271</mx>
<my>470.000000</my>
</poly>
<brick>
<mLeftAnchored>true</mLeftAnchored>
<mRightAnchored>true</mRightAnchored>
<mBrickAngle>30.000000</mBrickAngle>
<mBrickThickness>20.000050</mBrickThickness>
<mBrickRadius>50.000000</mBrickRadius>
<mBrickRotation>240.000000</mBrickRotation>
<corners>
<point>3</point>
<point>4</point>
<point>0</point>
<point>7</point>
</corners>
</brick>
</ent>
<ent>
<class>6</class>
<mCollidable>true</mCollidable>
<mMoving>true</mMoving>
<mImageDX>0.000008</mImageDX>
<mImageDY>-0.756727</mImageDY>
<pegInfo>
<mVariable>true</mVariable>
<mCrumble>true</mCrumble>
</pegInfo>
<poly>
<mAllowFlash>true</mAllowFlash>
<mx>325.114136</mx>
<my>478.007904</my>
</poly>
<brick>
<mRightAnchored>true</mRightAnchored>
<mBrickAngle>30.000000</mBrickAngle>
<mBrickThickness>20.000042</mBrickThickness>
<mBrickRadius>50.000000</mBrickRadius>
<mBrickRotation>270.000000</mBrickRotation>
<corners>
<point>3</point>
<point>4</point>
<point>0</point>
<point>7</point>
</corners>
</brick>
</ent>
<ent>
<class>6</class>
<mCollidable>true</mCollidable>
<mMoving>true</mMoving>
<mImageDX>-0.278723</mImageDX>
<mImageDY>1.333370</mImageDY>
<pegInfo>
</pegInfo>
<poly>
<mAllowFlash>true</mAllowFlash>
<mx>461.730713</mx>
<my>363.269226</my>
</poly>
<brick>
<mLeftAnchored>true</mLeftAnchored>
<mRightAnchored>true</mRightAnchored>
<mBrickAngle>30.000000</mBrickAngle>
<mBrickThickness>19.999994</mBrickThickness>
<mBrickRadius>50.000000</mBrickRadius>
<mBrickRotation>330.000000</mBrickRotation>
<corners>
<point>3</point>
<point>4</point>
<point>0</point>
<point>7</point>
</corners>
</brick>
</ent>
<ent>
<class>6</class>
<mCollidable>true</mCollidable>
<mMoving>true</mMoving>
<mImageDX>1.333381</mImageDX>
<mImageDY>-0.278723</mImageDY>
<pegInfo>
<mVariable>true</mVariable>
</pegInfo>
<poly>
<mAllowFlash>true</mAllowFlash>
<mx>439.852783</mx>
<my>385.147186</my>
</poly>
<brick>
<mLeftAnchored>true</mLeftAnchored>
<mRightAnchored>true</mRightAnchored>
<mBrickAngle>30.000000</mBrickAngle>
<mBrickThickness>20.000011</mBrickThickness>
<mBrickRadius>50.000000</mBrickRadius>
<mBrickRotation>300.000000</mBrickRotation>
<corners>
<point>3</point>
<point>4</point>
<point>0</point>
<point>7</point>
</corners>
</brick>
</ent>
<ent>
<class>6</class>
<mCollidable>true</mCollidable>
<mMoving>true</mMoving>
<mImageDX>-1.333375</mImageDX>
<mImageDY>0.278721</mImageDY>
<pegInfo>
<mVariable>true</mVariable>
</pegInfo>
<poly>
<mAllowFlash>true</mAllowFlash>
<mx>411.139404</mx>
<my>397.530701</my>
</poly>
<brick>
<mLeftAnchored>true</mLeftAnchored>
<mRightAnchored>true</mRightAnchored>
<mBrickTextureFlip>true</mBrickTextureFlip>
<mBrickAngle>30.000000</mBrickAngle>
<mBrickThickness>20.000013</mBrickThickness>
<mBrickRadius>50.000000</mBrickRadius>
<mBrickRotation>120.000000</mBrickRotation>
<corners>
<point>3</point>
<point>4</point>
<point>0</point>
<point>7</point>
</corners>
</brick>
</ent>
<ent>
<class>6</class>
<mCollidable>true</mCollidable>
<mMoving>true</mMoving>
<mImageDX>0.278721</mImageDX>
<mImageDY>-1.333369</mImageDY>
<pegInfo>
<mVariable>true</mVariable>
</pegInfo>
<poly>
<mAllowFlash>true</mAllowFlash>
<mx>389.261414</mx>
<my>419.408630</my>
</poly>
<brick>
<mLeftAnchored>true</mLeftAnchored>
<mRightAnchored>true</mRightAnchored>
<mBrickTextureFlip>true</mBrickTextureFlip>
<mBrickAngle>30.000000</mBrickAngle>
<mBrickThickness>20.000021</mBrickThickness>
<mBrickRadius>50.000000</mBrickRadius>
<mBrickRotation>150.000000</mBrickRotation>
<corners>
<point>3</point>
<point>4</point>
<point>0</point>
<point>7</point>
</corners>
</brick>
</ent>
<ent>
<class>6</class>
<mCollidable>true</mCollidable>
<mMoving>true</mMoving>
<mImageDX>-0.278721</mImageDX>
<mImageDY>1.333370</mImageDY>
<pegInfo>
<mVariable>true</mVariable>
</pegInfo>
<poly>
<mAllowFlash>true</mAllowFlash>
<mx>376.877930</mx>
<my>448.122040</my>
</poly>
<brick>
<mLeftAnchored>true</mLeftAnchored>
<mRightAnchored>true</mRightAnchored>
<mBrickAngle>30.000000</mBrickAngle>
<mBrickThickness>20.000027</mBrickThickness>
<mBrickRadius>50.000000</mBrickRadius>
<mBrickRotation>330.000000</mBrickRotation>
<corners>
<point>3</point>
<point>4</point>
<point>0</point>
<point>7</point>
</corners>
</brick>
</ent>
<ent>
<class>6</class>
<mCollidable>true</mCollidable>
<mMoving>true</mMoving>
<mImageDX>1.333385</mImageDX>
<mImageDY>-0.278723</mImageDY>
<pegInfo>
<mVariable>true</mVariable>
<mCrumble>true</mCrumble>
</pegInfo>
<poly>
<mAllowFlash>true</mAllowFlash>
<mx>355.000000</mx>
<my>470.000000</my>
</poly>
<brick>
<mLeftAnchored>true</mLeftAnchored>
<mRightAnchored>true</mRightAnchored>
<mBrickAngle>30.000000</mBrickAngle>
<mBrickThickness>20.000050</mBrickThickness>
<mBrickRadius>50.000000</mBrickRadius>
<mBrickRotation>300.000000</mBrickRotation>
<corners>
<point>3</point>
<point>4</point>
<point>0</point>
<point>7</point>
</corners>
</brick>
</ent>
<ent>
<class>6</class>
<mCollidable>true</mCollidable>
<mMoving>true</mMoving>
<mImageDX>1.452226</mImageDX>
<mImageDY>-1.160942</mImageDY>
<pegInfo>
<mVariable>true</mVariable>
<mCrumble>true</mCrumble>
</pegInfo>
<poly>
<mAllowFlash>true</mAllowFlash>
<mx>19.946648</mx>
<my>351.558655</my>
</poly>
<brick>
<mRightAnchored>true</mRightAnchored>
<mBrickAngle>20.000000</mBrickAngle>
<mBrickThickness>20.000004</mBrickThickness>
<mBrickRadius>100.000000</mBrickRadius>
<mBrickRotation>-80.000000</mBrickRotation>
<corners>
<point>3</point>
<point>4</point>
<point>0</point>
<point>7</point>
</corners>
</brick>
</ent>
<ent>
<class>6</class>
<mCollidable>true</mCollidable>
<mMoving>true</mMoving>
<mImageDX>-1.452234</mImageDX>
<mImageDY>1.160946</mImageDY>
<pegInfo>
<mVariable>true</mVariable>
</pegInfo>
<poly>
<mAllowFlash>true</mAllowFlash>
<mx>628.231079</mx>
<my>135.267395</my>
</poly>
<brick>
<mRightAnchored>true</mRightAnchored>
<mBrickAngle>20.000000</mBrickAngle>
<mBrickThickness>20.000061</mBrickThickness>
<mBrickRadius>100.000000</mBrickRadius>
<mBrickRotation>100.000000</mBrickRotation>
<corners>
<point>3</point>
<point>4</point>
<point>0</point>
<point>7</point>
</corners>
</brick>
</ent>
<ent>
<class>6</class>
<mCollidable>true</mCollidable>
<mMoving>true</mMoving>
<mImageDX>-0.761322</mImageDX>
<mImageDY>0.417843</mImageDY>
<pegInfo>
<mVariable>true</mVariable>
</pegInfo>
<poly>
<mAllowFlash>true</mAllowFlash>
<mx>592.393127</mx>
<my>148.311371</my>
</poly>
<brick>
<mRightAnchored>true</mRightAnchored>
<mBrickAngle>20.000000</mBrickAngle>
<mBrickThickness>20.000051</mBrickThickness>
<mBrickRadius>100.000000</mBrickRadius>
<mBrickRotation>120.000000</mBrickRotation>
<corners>
<point>3</point>
<point>4</point>
<point>0</point>
<point>7</point>
</corners>
</brick>
</ent>
<ent>
<class>6</class>
<mCollidable>true</mCollidable>
<mMoving>true</mMoving>
<mImageDX>0.021427</mImageDX>
<mImageDY>-0.375658</mImageDY>
<pegInfo>
<mVariable>true</mVariable>
</pegInfo>
<poly>
<mAllowFlash>true</mAllowFlash>
<mx>563.177734</mx>
<my>172.825958</my>
</poly>
<brick>
<mRightAnchored>true</mRightAnchored>
<mBrickAngle>20.000000</mBrickAngle>
<mBrickThickness>20.000051</mBrickThickness>
<mBrickRadius>100.000000</mBrickRadius>
<mBrickRotation>140.000000</mBrickRotation>
<corners>
<point>3</point>
<point>4</point>
<point>0</point>
<point>7</point>
</corners>
</brick>
</ent>
<ent>
<class>6</class>
<mCollidable>true</mCollidable>
<mMoving>true</mMoving>
<mImageDX>0.801563</mImageDX>
<mImageDY>-1.123838</mImageDY>
<pegInfo>
<mVariable>true</mVariable>
</pegInfo>
<poly>
<mAllowFlash>true</mAllowFlash>
<mx>544.108765</mx>
<my>205.854431</my>
</poly>
<brick>
<mRightAnchored>true</mRightAnchored>
<mBrickAngle>20.000000</mBrickAngle>
<mBrickThickness>20.000023</mBrickThickness>
<mBrickRadius>100.000000</mBrickRadius>
<mBrickRotation>160.000000</mBrickRotation>
<corners>
<point>3</point>
<point>4</point>
<point>0</point>
<point>7</point>
</corners>
</brick>
</ent>
<ent>
<class>6</class>
<mCollidable>true</mCollidable>
<mMoving>true</mMoving>
<mImageDX>0.675018</mImageDX>
<mImageDY>0.000006</mImageDY>
<pegInfo>
<mVariable>true</mVariable>
</pegInfo>
<poly>
<mAllowFlash>true</mAllowFlash>
<mx>537.486145</mx>
<my>243.412994</my>
</poly>
<brick>
<mRightAnchored>true</mRightAnchored>
<mBrickAngle>20.000000</mBrickAngle>
<mBrickThickness>19.999981</mBrickThickness>
<mBrickRadius>100.000000</mBrickRadius>
<mBrickRotation>180.000000</mBrickRotation>
<corners>
<point>3</point>
<point>4</point>
<point>0</point>
<point>7</point>
</corners>
</brick>
</ent>
<ent>
<class>6</class>
<mCollidable>true</mCollidable>
<mMoving>true</mMoving>
<mImageDX>0.801582</mImageDX>
<mImageDY>1.123867</mImageDY>
<pegInfo>
<mVariable>true</mVariable>
</pegInfo>
<poly>
<mAllowFlash>true</mAllowFlash>
<mx>544.108704</mx>
<my>280.971558</my>
</poly>
<brick>
<mRightAnchored>true</mRightAnchored>
<mBrickAngle>20.000000</mBrickAngle>
<mBrickThickness>20.000011</mBrickThickness>
<mBrickRadius>100.000000</mBrickRadius>
<mBrickRotation>200.000000</mBrickRotation>
<corners>
<point>3</point>
<point>4</point>
<point>0</point>
<point>7</point>
</corners>
</brick>
</ent>
<ent>
<class>6</class>
<mCollidable>true</mCollidable>
<mMoving>true</mMoving>
<mImageDX>0.021416</mImageDX>
<mImageDY>0.375654</mImageDY>
<pegInfo>
</pegInfo>
<poly>
<mAllowFlash>true</mAllowFlash>
<mx>563.177734</mx>
<my>314.000000</my>
</poly>
<brick>
<mRightAnchored>true</mRightAnchored>
<mBrickAngle>20.000000</mBrickAngle>
<mBrickThickness>20.000015</mBrickThickness>
<mBrickRadius>100.000000</mBrickRadius>
<mBrickRotation>220.000000</mBrickRotation>
<corners>
<point>3</point>
<point>4</point>
<point>0</point>
<point>7</point>
</corners>
</brick>
</ent>
<ent>
<class>6</class>
<mCollidable>true</mCollidable>
<mMoving>true</mMoving>
<mImageDX>-0.761309</mImageDX>
<mImageDY>-0.417828</mImageDY>
<pegInfo>
<mVariable>true</mVariable>
</pegInfo>
<poly>
<mAllowFlash>true</mAllowFlash>
<mx>592.393127</mx>
<my>338.514679</my>
</poly>
<brick>
<mLeftAnchored>true</mLeftAnchored>
<mRightAnchored>true</mRightAnchored>
<mBrickAngle>20.000000</mBrickAngle>
<mBrickThickness>20.000017</mBrickThickness>
<mBrickRadius>100.000000</mBrickRadius>
<mBrickRotation>240.000000</mBrickRotation>
<corners>
<point>3</point>
<point>4</point>
<point>0</point>
<point>7</point>
</corners>
</brick>
</ent>
<ent>
<class>6</class>
<mCollidable>true</mCollidable>
<mMoving>true</mMoving>
<mImageDX>-1.452199</mImageDX>
<mImageDY>-1.160934</mImageDY>
<pegInfo>
<mVariable>true</mVariable>
<mCrumble>true</mCrumble>
</pegInfo>
<poly>
<mAllowFlash>true</mAllowFlash>
<mx>628.231079</mx>
<my>351.558655</my>
</poly>
<brick>
<mRightAnchored>true</mRightAnchored>
<mBrickAngle>20.000000</mBrickAngle>
<mBrickThickness>20.000004</mBrickThickness>
<mBrickRadius>100.000000</mBrickRadius>
<mBrickRotation>260.000000</mBrickRotation>
<corners>
<point>3</point>
<point>4</point>
<point>0</point>
<point>7</point>
</corners>
</brick>
</ent>
<ent>
<class>5</class>
<mCollidable>true</mCollidable>
<mMoving>true</mMoving>
<pegInfo>
<mVariable>true</mVariable>
</pegInfo>
<ball>
<mIsPeg>true</mIsPeg>
<mCollidesWithOtherBalls>true</mCollidesWithOtherBalls>
<mx>75.000000</mx>
<my>415.000000</my>
<mRadius>10.000000</mRadius>
</ball>
</ent>
<ent>
<class>5</class>
<mCollidable>true</mCollidable>
<mMoving>true</mMoving>
<pegInfo>
<mVariable>true</mVariable>
</pegInfo>
<ball>
<mIsPeg>true</mIsPeg>
<mCollidesWithOtherBalls>true</mCollidesWithOtherBalls>
<mx>110.000000</mx>
<my>415.000000</my>
<mRadius>10.000000</mRadius>
</ball>
</ent>
<ent>
<class>5</class>
<mCollidable>true</mCollidable>
<mMoving>true</mMoving>
<pegInfo>
<mVariable>true</mVariable>
</pegInfo>
<ball>
<mIsPeg>true</mIsPeg>
<mCollidesWithOtherBalls>true</mCollidesWithOtherBalls>
<mx>145.000000</mx>
<my>415.000000</my>
<mRadius>10.000000</mRadius>
</ball>
</ent>
<ent>
<class>5</class>
<mCollidable>true</mCollidable>
<mMoving>true</mMoving>
<pegInfo>
<mVariable>true</mVariable>
</pegInfo>
<ball>
<mIsPeg>true</mIsPeg>
<mCollidesWithOtherBalls>true</mCollidesWithOtherBalls>
<mx>500.000000</mx>
<my>415.000000</my>
<mRadius>10.000000</mRadius>
</ball>
</ent>
<ent>
<class>5</class>
<mCollidable>true</mCollidable>
<mMoving>true</mMoving>
<pegInfo>
<mVariable>true</mVariable>
</pegInfo>
<ball>
<mIsPeg>true</mIsPeg>
<mCollidesWithOtherBalls>true</mCollidesWithOtherBalls>
<mx>535.000000</mx>
<my>415.000000</my>
<mRadius>10.000000</mRadius>
</ball>
</ent>
<ent>
<class>5</class>
<mCollidable>true</mCollidable>
<mMoving>true</mMoving>
<pegInfo>
<mVariable>true</mVariable>
</pegInfo>
<ball>
<mIsPeg>true</mIsPeg>
<mCollidesWithOtherBalls>true</mCollidesWithOtherBalls>
<mx>570.000000</mx>
<my>415.000000</my>
<mRadius>10.000000</mRadius>
</ball>
</ent>
<ent>
<class>5</class>
<mCollidable>true</mCollidable>
<mMoving>true</mMoving>
<pegInfo>
<mVariable>true</mVariable>
</pegInfo>
<ball>
<mIsPeg>true</mIsPeg>
<mCollidesWithOtherBalls>true</mCollidesWithOtherBalls>
<mx>60.000000</mx>
<my>445.000000</my>
<mRadius>10.000000</mRadius>
</ball>
</ent>
<ent>
<class>5</class>
<mCollidable>true</mCollidable>
<mMoving>true</mMoving>
<pegInfo>
<mVariable>true</mVariable>
</pegInfo>
<ball>
<mIsPeg>true</mIsPeg>
<mCollidesWithOtherBalls>true</mCollidesWithOtherBalls>
<mx>95.000000</mx>
<my>445.000000</my>
<mRadius>10.000000</mRadius>
</ball>
</ent>
<ent>
<class>5</class>
<mCollidable>true</mCollidable>
<mMoving>true</mMoving>
<pegInfo>
<mVariable>true</mVariable>
</pegInfo>
<ball>
<mIsPeg>true</mIsPeg>
<mCollidesWithOtherBalls>true</mCollidesWithOtherBalls>
<mx>130.000000</mx>
<my>445.000000</my>
<mRadius>10.000000</mRadius>
</ball>
</ent>
<ent>
<class>5</class>
<mCollidable>true</mCollidable>
<mMoving>true</mMoving>
<pegInfo>
<mVariable>true</mVariable>
</pegInfo>
<ball>
<mIsPeg>true</mIsPeg>
<mCollidesWithOtherBalls>true</mCollidesWithOtherBalls>
<mx>515.000000</mx>
<my>445.000000</my>
<mRadius>10.000000</mRadius>
</ball>
</ent>
<ent>
<class>5</class>
<mCollidable>true</mCollidable>
<mMoving>true</mMoving>
<pegInfo>
<mVariable>true</mVariable>
</pegInfo>
<ball>
<mIsPeg>true</mIsPeg>
<mCollidesWithOtherBalls>true</mCollidesWithOtherBalls>
<mx>550.000000</mx>
<my>445.000000</my>
<mRadius>10.000000</mRadius>
</ball>
</ent>
<ent>
<class>5</class>
<mCollidable>true</mCollidable>
<mMoving>true</mMoving>
<pegInfo>
<mVariable>true</mVariable>
</pegInfo>
<ball>
<mIsPeg>true</mIsPeg>
<mCollidesWithOtherBalls>true</mCollidesWithOtherBalls>
<mx>585.000000</mx>
<my>445.000000</my>
<mRadius>10.000000</mRadius>
</ball>
</ent>
<ent>
<class>5</class>
<mCollidable>true</mCollidable>
<mMoving>true</mMoving>
<pegInfo>
<mVariable>true</mVariable>
</pegInfo>
<ball>
<mIsPeg>true</mIsPeg>
<mCollidesWithOtherBalls>true</mCollidesWithOtherBalls>
<mx>170.000000</mx>
<my>185.000000</my>
<mRadius>10.000000</mRadius>
</ball>
</ent>
<ent>
<class>5</class>
<mCollidable>true</mCollidable>
<mMoving>true</mMoving>
<pegInfo>
<mVariable>true</mVariable>
</pegInfo>
<ball>
<mIsPeg>true</mIsPeg>
<mCollidesWithOtherBalls>true</mCollidesWithOtherBalls>
<mx>205.000000</mx>
<my>185.000000</my>
<mRadius>10.000000</mRadius>
</ball>
</ent>
<ent>
<class>5</class>
<mCollidable>true</mCollidable>
<mMoving>true</mMoving>
<pegInfo>
<mVariable>true</mVariable>
</pegInfo>
<ball>
<mIsPeg>true</mIsPeg>
<mCollidesWithOtherBalls>true</mCollidesWithOtherBalls>
<mx>240.000000</mx>
<my>185.000000</my>
<mRadius>10.000000</mRadius>
</ball>
</ent>
<ent>
<class>5</class>
<mCollidable>true</mCollidable>
<mMoving>true</mMoving>
<pegInfo>
<mVariable>true</mVariable>
</pegInfo>
<ball>
<mIsPeg>true</mIsPeg>
<mCollidesWithOtherBalls>true</mCollidesWithOtherBalls>
<mx>155.000000</mx>
<my>215.000000</my>
<mRadius>10.000000</mRadius>
</ball>
</ent>
<ent>
<class>5</class>
<mCollidable>true</mCollidable>
<mMoving>true</mMoving>
<pegInfo>
<mVariable>true</mVariable>
</pegInfo>
<ball>
<mIsPeg>true</mIsPeg>
<mCollidesWithOtherBalls>true</mCollidesWithOtherBalls>
<mx>190.000000</mx>
<my>215.000000</my>
<mRadius>10.000000</mRadius>
</ball>
</ent>
<ent>
<class>5</class>
<mCollidable>true</mCollidable>
<mMoving>true</mMoving>
<pegInfo>
<mVariable>true</mVariable>
</pegInfo>
<ball>
<mIsPeg>true</mIsPeg>
<mCollidesWithOtherBalls>true</mCollidesWithOtherBalls>
<mx>225.000000</mx>
<my>215.000000</my>
<mRadius>10.000000</mRadius>
</ball>
</ent>
<ent>
<class>5</class>
<mCollidable>true</mCollidable>
<mMoving>true</mMoving>
<pegInfo>
<mVariable>true</mVariable>
</pegInfo>
<ball>
<mIsPeg>true</mIsPeg>
<mCollidesWithOtherBalls>true</mCollidesWithOtherBalls>
<mx>478.177734</mx>
<my>185.000000</my>
<mRadius>10.000000</mRadius>
</ball>
</ent>
<ent>
<class>5</class>
<mCollidable>true</mCollidable>
<mMoving>true</mMoving>
<pegInfo>
<mVariable>true</mVariable>
</pegInfo>
<ball>
<mIsPeg>true</mIsPeg>
<mCollidesWithOtherBalls>true</mCollidesWithOtherBalls>
<mx>443.177734</mx>
<my>185.000000</my>
<mRadius>10.000000</mRadius>
</ball>
</ent>
<ent>
<class>5</class>
<mCollidable>true</mCollidable>
<mMoving>true</mMoving>
<pegInfo>
<mVariable>true</mVariable>
</pegInfo>
<ball>
<mIsPeg>true</mIsPeg>
<mCollidesWithOtherBalls>true</mCollidesWithOtherBalls>
<mx>408.177734</mx>
<my>185.000000</my>
<mRadius>10.000000</mRadius>
</ball>
</ent>
<ent>
<class>5</class>
<mCollidable>true</mCollidable>
<mMoving>true</mMoving>
<pegInfo>
<mVariable>true</mVariable>
</pegInfo>
<ball>
<mIsPeg>true</mIsPeg>
<mCollidesWithOtherBalls>true</mCollidesWithOtherBalls>
<mx>493.177734</mx>
<my>215.000000</my>
<mRadius>10.000000</mRadius>
</ball>
</ent>
<ent>
<class>5</class>
<mCollidable>true</mCollidable>
<mMoving>true</mMoving>
<pegInfo>
<mVariable>true</mVariable>
</pegInfo>
<ball>
<mIsPeg>true</mIsPeg>
<mCollidesWithOtherBalls>true</mCollidesWithOtherBalls>
<mx>458.177734</mx>
<my>215.000000</my>
<mRadius>10.000000</mRadius>
</ball>
</ent>
<ent>
<class>5</class>
<mCollidable>true</mCollidable>
<mMoving>true</mMoving>
<pegInfo>
<mVariable>true</mVariable>
</pegInfo>
<ball>
<mIsPeg>true</mIsPeg>
<mCollidesWithOtherBalls>true</mCollidesWithOtherBalls>
<mx>423.177734</mx>
<my>215.000000</my>
<mRadius>10.000000</mRadius>
</ball>
</ent>
</level>
