<level name="levels/export66/wiggles.dat.xml">
<version>66</version>
<isLevel>true</isLevel>
<ent>
<class>6</class>
<mCollidable>true</mCollidable>
<mMoving>true</mMoving>
<mImageDX>-0.000003</mImageDX>
<mImageDY>0.756723</mImageDY>
<pegInfo>
<mVariable>true</mVariable>
</pegInfo>
<poly>
<mAllowFlash>true</mAllowFlash>
<mx>206.000000</mx>
<my>310.000000</my>
</poly>
<brick>
<mLeftAnchored>true</mLeftAnchored>
<mBrickAngle>30.000000</mBrickAngle>
<mBrickThickness>20.000135</mBrickThickness>
<mBrickRadius>50.000000</mBrickRadius>
<mBrickRotation>90.000000</mBrickRotation>
<corners>
<point>3</point>
<point>4</point>
<point>0</point>
<point>7</point>
</corners>
</brick>
</ent>
<ent>
<class>6</class>
<mCollidable>true</mCollidable>
<mMoving>true</mMoving>
<mImageDX>1.333385</mImageDX>
<mImageDY>0.278713</mImageDY>
<pegInfo>
<mVariable>true</mVariable>
</pegInfo>
<poly>
<mAllowFlash>true</mAllowFlash>
<mx>235.885864</mx>
<my>318.007904</my>
</poly>
<brick>
<mLeftAnchored>true</mLeftAnchored>
<mRightAnchored>true</mRightAnchored>
<mBrickAngle>30.000000</mBrickAngle>
<mBrickThickness>20.000139</mBrickThickness>
<mBrickRadius>50.000000</mBrickRadius>
<mBrickRotation>60.000000</mBrickRotation>
<corners>
<point>3</point>
<point>4</point>
<point>0</point>
<point>7</point>
</corners>
</brick>
</ent>
<ent>
<class>6</class>
<mCollidable>true</mCollidable>
<mMoving>true</mMoving>
<mImageDX>-0.278717</mImageDX>
<mImageDY>-1.333387</mImageDY>
<pegInfo>
<mVariable>true</mVariable>
</pegInfo>
<poly>
<mAllowFlash>true</mAllowFlash>
<mx>257.763855</mx>
<my>339.885864</my>
</poly>
<brick>
<mLeftAnchored>true</mLeftAnchored>
<mRightAnchored>true</mRightAnchored>
<mBrickAngle>30.000000</mBrickAngle>
<mBrickThickness>20.000141</mBrickThickness>
<mBrickRadius>50.000000</mBrickRadius>
<mBrickRotation>30.000000</mBrickRotation>
<corners>
<point>3</point>
<point>4</point>
<point>0</point>
<point>7</point>
</corners>
</brick>
</ent>
<ent>
<class>6</class>
<mCollidable>true</mCollidable>
<mMoving>true</mMoving>
<mImageDX>-0.756723</mImageDX>
<pegInfo>
<mVariable>true</mVariable>
</pegInfo>
<poly>
<mAllowFlash>true</mAllowFlash>
<mx>265.771729</mx>
<my>369.771729</my>
</poly>
<brick>
<mLeftAnchored>true</mLeftAnchored>
<mRightAnchored>true</mRightAnchored>
<mBrickAngle>30.000000</mBrickAngle>
<mBrickThickness>20.000124</mBrickThickness>
<mBrickRadius>50.000000</mBrickRadius>
<mBrickRotation>0.000000</mBrickRotation>
<corners>
<point>3</point>
<point>4</point>
<point>0</point>
<point>7</point>
</corners>
</brick>
</ent>
<ent>
<class>6</class>
<mCollidable>true</mCollidable>
<mMoving>true</mMoving>
<mImageDX>-0.278717</mImageDX>
<mImageDY>1.333384</mImageDY>
<pegInfo>
<mVariable>true</mVariable>
</pegInfo>
<poly>
<mAllowFlash>true</mAllowFlash>
<mx>141.763855</mx>
<my>367.657593</my>
</poly>
<brick>
<mLeftAnchored>true</mLeftAnchored>
<mRightAnchored>true</mRightAnchored>
<mBrickAngle>30.000000</mBrickAngle>
<mBrickThickness>20.000124</mBrickThickness>
<mBrickRadius>50.000000</mBrickRadius>
<mBrickRotation>-30.000000</mBrickRotation>
<corners>
<point>3</point>
<point>4</point>
<point>0</point>
<point>7</point>
</corners>
</brick>
</ent>
<ent>
<class>6</class>
<mCollidable>true</mCollidable>
<mMoving>true</mMoving>
<mImageDX>1.333382</mImageDX>
<mImageDY>-0.278717</mImageDY>
<pegInfo>
<mVariable>true</mVariable>
</pegInfo>
<poly>
<mAllowFlash>true</mAllowFlash>
<mx>119.885880</mx>
<my>389.535583</my>
</poly>
<brick>
<mLeftAnchored>true</mLeftAnchored>
<mRightAnchored>true</mRightAnchored>
<mBrickAngle>30.000000</mBrickAngle>
<mBrickThickness>20.000107</mBrickThickness>
<mBrickRadius>50.000000</mBrickRadius>
<mBrickRotation>-60.000000</mBrickRotation>
<corners>
<point>3</point>
<point>4</point>
<point>0</point>
<point>7</point>
</corners>
</brick>
</ent>
<ent>
<class>6</class>
<mCollidable>true</mCollidable>
<mMoving>true</mMoving>
<mImageDX>-0.000003</mImageDX>
<mImageDY>-0.756723</mImageDY>
<pegInfo>
<mVariable>true</mVariable>
<mCrumble>true</mCrumble>
</pegInfo>
<poly>
<mAllowFlash>true</mAllowFlash>
<mx>90.000015</mx>
<my>397.543488</my>
</poly>
<brick>
<mLeftAnchored>true</mLeftAnchored>
<mRightAnchored>true</mRightAnchored>
<mBrickAngle>30.000000</mBrickAngle>
<mBrickThickness>20.000120</mBrickThickness>
<mBrickRadius>50.000000</mBrickRadius>
<mBrickRotation>-90.000000</mBrickRotation>
<corners>
<point>3</point>
<point>4</point>
<point>0</point>
<point>7</point>
</corners>
</brick>
</ent>
<ent>
<class>6</class>
<mCollidable>true</mCollidable>
<mMoving>true</mMoving>
<mImageDX>-1.333385</mImageDX>
<mImageDY>-0.278717</mImageDY>
<pegInfo>
<mVariable>true</mVariable>
</pegInfo>
<poly>
<mAllowFlash>true</mAllowFlash>
<mx>60.114136</mx>
<my>389.535583</my>
</poly>
<brick>
<mLeftAnchored>true</mLeftAnchored>
<mRightAnchored>true</mRightAnchored>
<mBrickAngle>30.000000</mBrickAngle>
<mBrickThickness>20.000120</mBrickThickness>
<mBrickRadius>50.000000</mBrickRadius>
<mBrickRotation>-120.000000</mBrickRotation>
<corners>
<point>3</point>
<point>4</point>
<point>0</point>
<point>7</point>
</corners>
</brick>
</ent>
<ent>
<class>6</class>
<mCollidable>true</mCollidable>
<mMoving>true</mMoving>
<mImageDX>0.278713</mImageDX>
<mImageDY>1.333379</mImageDY>
<pegInfo>
<mVariable>true</mVariable>
</pegInfo>
<poly>
<mAllowFlash>true</mAllowFlash>
<mx>38.236160</mx>
<my>367.657623</my>
</poly>
<brick>
<mLeftAnchored>true</mLeftAnchored>
<mRightAnchored>true</mRightAnchored>
<mBrickAngle>30.000000</mBrickAngle>
<mBrickThickness>20.000118</mBrickThickness>
<mBrickRadius>50.000000</mBrickRadius>
<mBrickRotation>-150.000000</mBrickRotation>
<corners>
<point>3</point>
<point>4</point>
<point>0</point>
<point>7</point>
</corners>
</brick>
</ent>
<ent>
<class>6</class>
<mCollidable>true</mCollidable>
<mMoving>true</mMoving>
<mImageDX>0.756725</mImageDX>
<mImageDY>-0.000006</mImageDY>
<pegInfo>
<mVariable>true</mVariable>
</pegInfo>
<poly>
<mAllowFlash>true</mAllowFlash>
<mx>30.228271</mx>
<my>337.771759</my>
</poly>
<brick>
<mLeftAnchored>true</mLeftAnchored>
<mRightAnchored>true</mRightAnchored>
<mBrickAngle>30.000000</mBrickAngle>
<mBrickThickness>20.000124</mBrickThickness>
<mBrickRadius>50.000000</mBrickRadius>
<mBrickRotation>-180.000000</mBrickRotation>
<corners>
<point>3</point>
<point>4</point>
<point>0</point>
<point>7</point>
</corners>
</brick>
</ent>
<ent>
<class>6</class>
<mCollidable>true</mCollidable>
<mMoving>true</mMoving>
<mImageDX>0.278713</mImageDX>
<mImageDY>-1.333379</mImageDY>
<pegInfo>
<mVariable>true</mVariable>
</pegInfo>
<poly>
<mAllowFlash>true</mAllowFlash>
<mx>154.236176</mx>
<my>339.885895</my>
</poly>
<brick>
<mLeftAnchored>true</mLeftAnchored>
<mRightAnchored>true</mRightAnchored>
<mBrickAngle>30.000000</mBrickAngle>
<mBrickThickness>20.000116</mBrickThickness>
<mBrickRadius>50.000000</mBrickRadius>
<mBrickRotation>150.000000</mBrickRotation>
<corners>
<point>3</point>
<point>4</point>
<point>0</point>
<point>7</point>
</corners>
</brick>
</ent>
<ent>
<class>6</class>
<mCollidable>true</mCollidable>
<mMoving>true</mMoving>
<mImageDX>-1.333386</mImageDX>
<mImageDY>0.278713</mImageDY>
<pegInfo>
<mVariable>true</mVariable>
</pegInfo>
<poly>
<mAllowFlash>true</mAllowFlash>
<mx>176.114136</mx>
<my>318.007935</my>
</poly>
<brick>
<mRightAnchored>true</mRightAnchored>
<mBrickAngle>30.000000</mBrickAngle>
<mBrickThickness>20.000141</mBrickThickness>
<mBrickRadius>50.000000</mBrickRadius>
<mBrickRotation>120.000000</mBrickRotation>
<corners>
<point>3</point>
<point>4</point>
<point>0</point>
<point>7</point>
</corners>
</brick>
</ent>
<ent>
<class>6</class>
<mCollidable>true</mCollidable>
<mMoving>true</mMoving>
<mImageDX>-0.000003</mImageDX>
<mImageDY>0.756723</mImageDY>
<pegInfo>
<mVariable>true</mVariable>
</pegInfo>
<poly>
<mAllowFlash>true</mAllowFlash>
<mx>381.763794</mx>
<my>364.114105</my>
</poly>
<brick>
<mLeftAnchored>true</mLeftAnchored>
<mBrickAngle>30.000000</mBrickAngle>
<mBrickThickness>20.000135</mBrickThickness>
<mBrickRadius>50.000000</mBrickRadius>
<mBrickRotation>90.000000</mBrickRotation>
<corners>
<point>3</point>
<point>4</point>
<point>0</point>
<point>7</point>
</corners>
</brick>
</ent>
<ent>
<class>6</class>
<mCollidable>true</mCollidable>
<mMoving>true</mMoving>
<mImageDX>1.333385</mImageDX>
<mImageDY>0.278713</mImageDY>
<pegInfo>
<mVariable>true</mVariable>
</pegInfo>
<poly>
<mAllowFlash>true</mAllowFlash>
<mx>411.649658</mx>
<my>372.122009</my>
</poly>
<brick>
<mLeftAnchored>true</mLeftAnchored>
<mRightAnchored>true</mRightAnchored>
<mBrickAngle>30.000000</mBrickAngle>
<mBrickThickness>20.000139</mBrickThickness>
<mBrickRadius>50.000000</mBrickRadius>
<mBrickRotation>60.000000</mBrickRotation>
<corners>
<point>3</point>
<point>4</point>
<point>0</point>
<point>7</point>
</corners>
</brick>
</ent>
<ent>
<class>6</class>
<mCollidable>true</mCollidable>
<mMoving>true</mMoving>
<mImageDX>-0.278717</mImageDX>
<mImageDY>-1.333387</mImageDY>
<pegInfo>
<mVariable>true</mVariable>
</pegInfo>
<poly>
<mAllowFlash>true</mAllowFlash>
<mx>433.527710</mx>
<my>393.999969</my>
</poly>
<brick>
<mLeftAnchored>true</mLeftAnchored>
<mRightAnchored>true</mRightAnchored>
<mBrickAngle>30.000000</mBrickAngle>
<mBrickThickness>20.000141</mBrickThickness>
<mBrickRadius>50.000000</mBrickRadius>
<mBrickRotation>30.000000</mBrickRotation>
<corners>
<point>3</point>
<point>4</point>
<point>0</point>
<point>7</point>
</corners>
</brick>
</ent>
<ent>
<class>6</class>
<mCollidable>true</mCollidable>
<mMoving>true</mMoving>
<mImageDX>-0.756723</mImageDX>
<pegInfo>
<mVariable>true</mVariable>
</pegInfo>
<poly>
<mAllowFlash>true</mAllowFlash>
<mx>441.535522</mx>
<my>423.885834</my>
</poly>
<brick>
<mLeftAnchored>true</mLeftAnchored>
<mRightAnchored>true</mRightAnchored>
<mBrickAngle>30.000000</mBrickAngle>
<mBrickThickness>20.000124</mBrickThickness>
<mBrickRadius>50.000000</mBrickRadius>
<mBrickRotation>0.000000</mBrickRotation>
<corners>
<point>3</point>
<point>4</point>
<point>0</point>
<point>7</point>
</corners>
</brick>
</ent>
<ent>
<class>6</class>
<mCollidable>true</mCollidable>
<mMoving>true</mMoving>
<mImageDX>-0.278717</mImageDX>
<mImageDY>1.333384</mImageDY>
<pegInfo>
<mVariable>true</mVariable>
</pegInfo>
<poly>
<mAllowFlash>true</mAllowFlash>
<mx>317.527710</mx>
<my>421.771698</my>
</poly>
<brick>
<mLeftAnchored>true</mLeftAnchored>
<mRightAnchored>true</mRightAnchored>
<mBrickAngle>30.000000</mBrickAngle>
<mBrickThickness>20.000124</mBrickThickness>
<mBrickRadius>50.000000</mBrickRadius>
<mBrickRotation>-30.000000</mBrickRotation>
<corners>
<point>3</point>
<point>4</point>
<point>0</point>
<point>7</point>
</corners>
</brick>
</ent>
<ent>
<class>6</class>
<mCollidable>true</mCollidable>
<mMoving>true</mMoving>
<mImageDX>1.333382</mImageDX>
<mImageDY>-0.278717</mImageDY>
<pegInfo>
<mVariable>true</mVariable>
</pegInfo>
<poly>
<mAllowFlash>true</mAllowFlash>
<mx>295.649719</mx>
<my>443.649658</my>
</poly>
<brick>
<mLeftAnchored>true</mLeftAnchored>
<mRightAnchored>true</mRightAnchored>
<mBrickAngle>30.000000</mBrickAngle>
<mBrickThickness>20.000107</mBrickThickness>
<mBrickRadius>50.000000</mBrickRadius>
<mBrickRotation>-60.000000</mBrickRotation>
<corners>
<point>3</point>
<point>4</point>
<point>0</point>
<point>7</point>
</corners>
</brick>
</ent>
<ent>
<class>6</class>
<mCollidable>true</mCollidable>
<mMoving>true</mMoving>
<mImageDX>-0.000003</mImageDX>
<mImageDY>-0.756723</mImageDY>
<pegInfo>
<mVariable>true</mVariable>
<mCrumble>true</mCrumble>
</pegInfo>
<poly>
<mAllowFlash>true</mAllowFlash>
<mx>265.763855</mx>
<my>451.657593</my>
</poly>
<brick>
<mLeftAnchored>true</mLeftAnchored>
<mRightAnchored>true</mRightAnchored>
<mBrickAngle>30.000000</mBrickAngle>
<mBrickThickness>20.000120</mBrickThickness>
<mBrickRadius>50.000000</mBrickRadius>
<mBrickRotation>-90.000000</mBrickRotation>
<corners>
<point>3</point>
<point>4</point>
<point>0</point>
<point>7</point>
</corners>
</brick>
</ent>
<ent>
<class>6</class>
<mCollidable>true</mCollidable>
<mMoving>true</mMoving>
<mImageDX>-1.333385</mImageDX>
<mImageDY>-0.278717</mImageDY>
<pegInfo>
<mVariable>true</mVariable>
</pegInfo>
<poly>
<mAllowFlash>true</mAllowFlash>
<mx>235.877960</mx>
<my>443.649658</my>
</poly>
<brick>
<mLeftAnchored>true</mLeftAnchored>
<mRightAnchored>true</mRightAnchored>
<mBrickAngle>30.000000</mBrickAngle>
<mBrickThickness>20.000120</mBrickThickness>
<mBrickRadius>50.000000</mBrickRadius>
<mBrickRotation>-120.000000</mBrickRotation>
<corners>
<point>3</point>
<point>4</point>
<point>0</point>
<point>7</point>
</corners>
</brick>
</ent>
<ent>
<class>6</class>
<mCollidable>true</mCollidable>
<mMoving>true</mMoving>
<mImageDX>0.278713</mImageDX>
<mImageDY>1.333379</mImageDY>
<pegInfo>
<mVariable>true</mVariable>
</pegInfo>
<poly>
<mAllowFlash>true</mAllowFlash>
<mx>214.000000</mx>
<my>421.771729</my>
</poly>
<brick>
<mLeftAnchored>true</mLeftAnchored>
<mRightAnchored>true</mRightAnchored>
<mBrickAngle>30.000000</mBrickAngle>
<mBrickThickness>20.000118</mBrickThickness>
<mBrickRadius>50.000000</mBrickRadius>
<mBrickRotation>-150.000000</mBrickRotation>
<corners>
<point>3</point>
<point>4</point>
<point>0</point>
<point>7</point>
</corners>
</brick>
</ent>
<ent>
<class>6</class>
<mCollidable>true</mCollidable>
<mMoving>true</mMoving>
<mImageDX>0.756725</mImageDX>
<mImageDY>-0.000006</mImageDY>
<pegInfo>
<mVariable>true</mVariable>
</pegInfo>
<poly>
<mAllowFlash>true</mAllowFlash>
<mx>205.992096</mx>
<my>391.885864</my>
</poly>
<brick>
<mLeftAnchored>true</mLeftAnchored>
<mRightAnchored>true</mRightAnchored>
<mBrickAngle>30.000000</mBrickAngle>
<mBrickThickness>20.000124</mBrickThickness>
<mBrickRadius>50.000000</mBrickRadius>
<mBrickRotation>-180.000000</mBrickRotation>
<corners>
<point>3</point>
<point>4</point>
<point>0</point>
<point>7</point>
</corners>
</brick>
</ent>
<ent>
<class>6</class>
<mCollidable>true</mCollidable>
<mMoving>true</mMoving>
<mImageDX>0.278713</mImageDX>
<mImageDY>-1.333379</mImageDY>
<pegInfo>
<mVariable>true</mVariable>
</pegInfo>
<poly>
<mAllowFlash>true</mAllowFlash>
<mx>330.000000</mx>
<my>394.000000</my>
</poly>
<brick>
<mLeftAnchored>true</mLeftAnchored>
<mRightAnchored>true</mRightAnchored>
<mBrickAngle>30.000000</mBrickAngle>
<mBrickThickness>20.000116</mBrickThickness>
<mBrickRadius>50.000000</mBrickRadius>
<mBrickRotation>150.000000</mBrickRotation>
<corners>
<point>3</point>
<point>4</point>
<point>0</point>
<point>7</point>
</corners>
</brick>
</ent>
<ent>
<class>6</class>
<mCollidable>true</mCollidable>
<mMoving>true</mMoving>
<mImageDX>-1.333386</mImageDX>
<mImageDY>0.278713</mImageDY>
<pegInfo>
<mVariable>true</mVariable>
</pegInfo>
<poly>
<mAllowFlash>true</mAllowFlash>
<mx>351.877930</mx>
<my>372.122040</my>
</poly>
<brick>
<mRightAnchored>true</mRightAnchored>
<mBrickAngle>30.000000</mBrickAngle>
<mBrickThickness>20.000141</mBrickThickness>
<mBrickRadius>50.000000</mBrickRadius>
<mBrickRotation>120.000000</mBrickRotation>
<corners>
<point>3</point>
<point>4</point>
<point>0</point>
<point>7</point>
</corners>
</brick>
</ent>
<ent>
<class>6</class>
<mCollidable>true</mCollidable>
<mMoving>true</mMoving>
<mImageDX>-0.000003</mImageDX>
<mImageDY>0.756723</mImageDY>
<pegInfo>
<mVariable>true</mVariable>
</pegInfo>
<poly>
<mAllowFlash>true</mAllowFlash>
<mx>558.763794</mx>
<my>414.114105</my>
</poly>
<brick>
<mLeftAnchored>true</mLeftAnchored>
<mBrickAngle>30.000000</mBrickAngle>
<mBrickThickness>20.000135</mBrickThickness>
<mBrickRadius>50.000000</mBrickRadius>
<mBrickRotation>90.000000</mBrickRotation>
<corners>
<point>3</point>
<point>4</point>
<point>0</point>
<point>7</point>
</corners>
</brick>
</ent>
<ent>
<class>6</class>
<mCollidable>true</mCollidable>
<mMoving>true</mMoving>
<mImageDX>1.333385</mImageDX>
<mImageDY>0.278713</mImageDY>
<pegInfo>
<mVariable>true</mVariable>
</pegInfo>
<poly>
<mAllowFlash>true</mAllowFlash>
<mx>588.649658</mx>
<my>422.122009</my>
</poly>
<brick>
<mLeftAnchored>true</mLeftAnchored>
<mRightAnchored>true</mRightAnchored>
<mBrickAngle>30.000000</mBrickAngle>
<mBrickThickness>20.000139</mBrickThickness>
<mBrickRadius>50.000000</mBrickRadius>
<mBrickRotation>60.000000</mBrickRotation>
<corners>
<point>3</point>
<point>4</point>
<point>0</point>
<point>7</point>
</corners>
</brick>
</ent>
<ent>
<class>6</class>
<mCollidable>true</mCollidable>
<mMoving>true</mMoving>
<mImageDX>-0.278717</mImageDX>
<mImageDY>-1.333387</mImageDY>
<pegInfo>
<mVariable>true</mVariable>
</pegInfo>
<poly>
<mAllowFlash>true</mAllowFlash>
<mx>610.527710</mx>
<my>443.999969</my>
</poly>
<brick>
<mLeftAnchored>true</mLeftAnchored>
<mRightAnchored>true</mRightAnchored>
<mBrickAngle>30.000000</mBrickAngle>
<mBrickThickness>20.000141</mBrickThickness>
<mBrickRadius>50.000000</mBrickRadius>
<mBrickRotation>30.000000</mBrickRotation>
<corners>
<point>3</point>
<point>4</point>
<point>0</point>
<point>7</point>
</corners>
</brick>
</ent>
<ent>
<class>6</class>
<mCollidable>true</mCollidable>
<mMoving>true</mMoving>
<mImageDX>-0.756723</mImageDX>
<pegInfo>
<mVariable>true</mVariable>
</pegInfo>
<poly>
<mAllowFlash>true</mAllowFlash>
<mx>618.535522</mx>
<my>473.885834</my>
</poly>
<brick>
<mLeftAnchored>true</mLeftAnchored>
<mRightAnchored>true</mRightAnchored>
<mBrickAngle>30.000000</mBrickAngle>
<mBrickThickness>20.000124</mBrickThickness>
<mBrickRadius>50.000000</mBrickRadius>
<mBrickRotation>0.000000</mBrickRotation>
<corners>
<point>3</point>
<point>4</point>
<point>0</point>
<point>7</point>
</corners>
</brick>
</ent>
<ent>
<class>6</class>
<mCollidable>true</mCollidable>
<mMoving>true</mMoving>
<mImageDX>-0.278717</mImageDX>
<mImageDY>1.333384</mImageDY>
<pegInfo>
<mVariable>true</mVariable>
</pegInfo>
<poly>
<mAllowFlash>true</mAllowFlash>
<mx>494.527649</mx>
<my>471.771698</my>
</poly>
<brick>
<mLeftAnchored>true</mLeftAnchored>
<mRightAnchored>true</mRightAnchored>
<mBrickAngle>30.000000</mBrickAngle>
<mBrickThickness>20.000124</mBrickThickness>
<mBrickRadius>50.000000</mBrickRadius>
<mBrickRotation>-30.000000</mBrickRotation>
<corners>
<point>3</point>
<point>4</point>
<point>0</point>
<point>7</point>
</corners>
</brick>
</ent>
<ent>
<class>6</class>
<mCollidable>true</mCollidable>
<mMoving>true</mMoving>
<mImageDX>1.333382</mImageDX>
<mImageDY>-0.278717</mImageDY>
<pegInfo>
<mVariable>true</mVariable>
</pegInfo>
<poly>
<mAllowFlash>true</mAllowFlash>
<mx>472.649689</mx>
<my>493.649658</my>
</poly>
<brick>
<mLeftAnchored>true</mLeftAnchored>
<mRightAnchored>true</mRightAnchored>
<mBrickAngle>30.000000</mBrickAngle>
<mBrickThickness>20.000107</mBrickThickness>
<mBrickRadius>50.000000</mBrickRadius>
<mBrickRotation>-60.000000</mBrickRotation>
<corners>
<point>3</point>
<point>4</point>
<point>0</point>
<point>7</point>
</corners>
</brick>
</ent>
<ent>
<class>6</class>
<mCollidable>true</mCollidable>
<mMoving>true</mMoving>
<mImageDX>-0.000003</mImageDX>
<mImageDY>-0.756723</mImageDY>
<pegInfo>
<mVariable>true</mVariable>
<mCrumble>true</mCrumble>
</pegInfo>
<poly>
<mAllowFlash>true</mAllowFlash>
<mx>442.763824</mx>
<my>501.657593</my>
</poly>
<brick>
<mLeftAnchored>true</mLeftAnchored>
<mRightAnchored>true</mRightAnchored>
<mBrickAngle>30.000000</mBrickAngle>
<mBrickThickness>20.000120</mBrickThickness>
<mBrickRadius>50.000000</mBrickRadius>
<mBrickRotation>-90.000000</mBrickRotation>
<corners>
<point>3</point>
<point>4</point>
<point>0</point>
<point>7</point>
</corners>
</brick>
</ent>
<ent>
<class>6</class>
<mCollidable>true</mCollidable>
<mMoving>true</mMoving>
<mImageDX>-1.333385</mImageDX>
<mImageDY>-0.278717</mImageDY>
<pegInfo>
<mVariable>true</mVariable>
</pegInfo>
<poly>
<mAllowFlash>true</mAllowFlash>
<mx>412.877930</mx>
<my>493.649658</my>
</poly>
<brick>
<mLeftAnchored>true</mLeftAnchored>
<mRightAnchored>true</mRightAnchored>
<mBrickAngle>30.000000</mBrickAngle>
<mBrickThickness>20.000120</mBrickThickness>
<mBrickRadius>50.000000</mBrickRadius>
<mBrickRotation>-120.000000</mBrickRotation>
<corners>
<point>3</point>
<point>4</point>
<point>0</point>
<point>7</point>
</corners>
</brick>
</ent>
<ent>
<class>6</class>
<mCollidable>true</mCollidable>
<mMoving>true</mMoving>
<mImageDX>0.278713</mImageDX>
<mImageDY>1.333379</mImageDY>
<pegInfo>
<mVariable>true</mVariable>
</pegInfo>
<poly>
<mAllowFlash>true</mAllowFlash>
<mx>390.999969</mx>
<my>471.771729</my>
</poly>
<brick>
<mLeftAnchored>true</mLeftAnchored>
<mRightAnchored>true</mRightAnchored>
<mBrickAngle>30.000000</mBrickAngle>
<mBrickThickness>20.000118</mBrickThickness>
<mBrickRadius>50.000000</mBrickRadius>
<mBrickRotation>-150.000000</mBrickRotation>
<corners>
<point>3</point>
<point>4</point>
<point>0</point>
<point>7</point>
</corners>
</brick>
</ent>
<ent>
<class>6</class>
<mCollidable>true</mCollidable>
<mMoving>true</mMoving>
<mImageDX>0.756725</mImageDX>
<mImageDY>-0.000006</mImageDY>
<pegInfo>
<mVariable>true</mVariable>
</pegInfo>
<poly>
<mAllowFlash>true</mAllowFlash>
<mx>382.992065</mx>
<my>441.885864</my>
</poly>
<brick>
<mLeftAnchored>true</mLeftAnchored>
<mRightAnchored>true</mRightAnchored>
<mBrickAngle>30.000000</mBrickAngle>
<mBrickThickness>20.000124</mBrickThickness>
<mBrickRadius>50.000000</mBrickRadius>
<mBrickRotation>-180.000000</mBrickRotation>
<corners>
<point>3</point>
<point>4</point>
<point>0</point>
<point>7</point>
</corners>
</brick>
</ent>
<ent>
<class>6</class>
<mCollidable>true</mCollidable>
<mMoving>true</mMoving>
<mImageDX>0.278713</mImageDX>
<mImageDY>-1.333379</mImageDY>
<pegInfo>
<mVariable>true</mVariable>
</pegInfo>
<poly>
<mAllowFlash>true</mAllowFlash>
<mx>507.000000</mx>
<my>444.000000</my>
</poly>
<brick>
<mLeftAnchored>true</mLeftAnchored>
<mRightAnchored>true</mRightAnchored>
<mBrickAngle>30.000000</mBrickAngle>
<mBrickThickness>20.000116</mBrickThickness>
<mBrickRadius>50.000000</mBrickRadius>
<mBrickRotation>150.000000</mBrickRotation>
<corners>
<point>3</point>
<point>4</point>
<point>0</point>
<point>7</point>
</corners>
</brick>
</ent>
<ent>
<class>6</class>
<mCollidable>true</mCollidable>
<mMoving>true</mMoving>
<mImageDX>-1.333386</mImageDX>
<mImageDY>0.278713</mImageDY>
<pegInfo>
<mVariable>true</mVariable>
</pegInfo>
<poly>
<mAllowFlash>true</mAllowFlash>
<mx>528.877930</mx>
<my>422.122040</my>
</poly>
<brick>
<mRightAnchored>true</mRightAnchored>
<mBrickAngle>30.000000</mBrickAngle>
<mBrickThickness>20.000141</mBrickThickness>
<mBrickRadius>50.000000</mBrickRadius>
<mBrickRotation>120.000000</mBrickRotation>
<corners>
<point>3</point>
<point>4</point>
<point>0</point>
<point>7</point>
</corners>
</brick>
</ent>
<ent>
<class>6</class>
<mCollidable>true</mCollidable>
<mMoving>true</mMoving>
<mImageDX>-0.000003</mImageDX>
<mImageDY>0.756723</mImageDY>
<pegInfo>
<mVariable>true</mVariable>
</pegInfo>
<poly>
<mAllowFlash>true</mAllowFlash>
<mx>210.000000</mx>
<my>134.000000</my>
</poly>
<brick>
<mLeftAnchored>true</mLeftAnchored>
<mBrickAngle>30.000000</mBrickAngle>
<mBrickThickness>20.000135</mBrickThickness>
<mBrickRadius>50.000000</mBrickRadius>
<mBrickRotation>90.000000</mBrickRotation>
<corners>
<point>3</point>
<point>4</point>
<point>0</point>
<point>7</point>
</corners>
</brick>
</ent>
<ent>
<class>6</class>
<mCollidable>true</mCollidable>
<mMoving>true</mMoving>
<mImageDX>1.333385</mImageDX>
<mImageDY>0.278713</mImageDY>
<pegInfo>
<mVariable>true</mVariable>
</pegInfo>
<poly>
<mAllowFlash>true</mAllowFlash>
<mx>239.885864</mx>
<my>142.007904</my>
</poly>
<brick>
<mLeftAnchored>true</mLeftAnchored>
<mRightAnchored>true</mRightAnchored>
<mBrickAngle>30.000000</mBrickAngle>
<mBrickThickness>20.000139</mBrickThickness>
<mBrickRadius>50.000000</mBrickRadius>
<mBrickRotation>60.000000</mBrickRotation>
<corners>
<point>3</point>
<point>4</point>
<point>0</point>
<point>7</point>
</corners>
</brick>
</ent>
<ent>
<class>6</class>
<mCollidable>true</mCollidable>
<mMoving>true</mMoving>
<mImageDX>-0.278717</mImageDX>
<mImageDY>-1.333387</mImageDY>
<pegInfo>
<mVariable>true</mVariable>
</pegInfo>
<poly>
<mAllowFlash>true</mAllowFlash>
<mx>261.763855</mx>
<my>163.885864</my>
</poly>
<brick>
<mLeftAnchored>true</mLeftAnchored>
<mRightAnchored>true</mRightAnchored>
<mBrickAngle>30.000000</mBrickAngle>
<mBrickThickness>20.000141</mBrickThickness>
<mBrickRadius>50.000000</mBrickRadius>
<mBrickRotation>30.000000</mBrickRotation>
<corners>
<point>3</point>
<point>4</point>
<point>0</point>
<point>7</point>
</corners>
</brick>
</ent>
<ent>
<class>6</class>
<mCollidable>true</mCollidable>
<mMoving>true</mMoving>
<mImageDX>-0.756723</mImageDX>
<pegInfo>
<mVariable>true</mVariable>
</pegInfo>
<poly>
<mAllowFlash>true</mAllowFlash>
<mx>269.771729</mx>
<my>193.771729</my>
</poly>
<brick>
<mLeftAnchored>true</mLeftAnchored>
<mRightAnchored>true</mRightAnchored>
<mBrickAngle>30.000000</mBrickAngle>
<mBrickThickness>20.000124</mBrickThickness>
<mBrickRadius>50.000000</mBrickRadius>
<mBrickRotation>0.000000</mBrickRotation>
<corners>
<point>3</point>
<point>4</point>
<point>0</point>
<point>7</point>
</corners>
</brick>
</ent>
<ent>
<class>6</class>
<mCollidable>true</mCollidable>
<mMoving>true</mMoving>
<mImageDX>-0.278717</mImageDX>
<mImageDY>1.333384</mImageDY>
<pegInfo>
<mVariable>true</mVariable>
</pegInfo>
<poly>
<mAllowFlash>true</mAllowFlash>
<mx>145.763855</mx>
<my>191.657593</my>
</poly>
<brick>
<mLeftAnchored>true</mLeftAnchored>
<mRightAnchored>true</mRightAnchored>
<mBrickAngle>30.000000</mBrickAngle>
<mBrickThickness>20.000124</mBrickThickness>
<mBrickRadius>50.000000</mBrickRadius>
<mBrickRotation>-30.000000</mBrickRotation>
<corners>
<point>3</point>
<point>4</point>
<point>0</point>
<point>7</point>
</corners>
</brick>
</ent>
<ent>
<class>6</class>
<mCollidable>true</mCollidable>
<mMoving>true</mMoving>
<mImageDX>1.333382</mImageDX>
<mImageDY>-0.278717</mImageDY>
<pegInfo>
<mVariable>true</mVariable>
</pegInfo>
<poly>
<mAllowFlash>true</mAllowFlash>
<mx>123.885864</mx>
<my>213.535583</my>
</poly>
<brick>
<mLeftAnchored>true</mLeftAnchored>
<mRightAnchored>true</mRightAnchored>
<mBrickAngle>30.000000</mBrickAngle>
<mBrickThickness>20.000107</mBrickThickness>
<mBrickRadius>50.000000</mBrickRadius>
<mBrickRotation>-60.000000</mBrickRotation>
<corners>
<point>3</point>
<point>4</point>
<point>0</point>
<point>7</point>
</corners>
</brick>
</ent>
<ent>
<class>6</class>
<mCollidable>true</mCollidable>
<mMoving>true</mMoving>
<mImageDX>-0.000003</mImageDX>
<mImageDY>-0.756723</mImageDY>
<pegInfo>
<mVariable>true</mVariable>
<mCrumble>true</mCrumble>
</pegInfo>
<poly>
<mAllowFlash>true</mAllowFlash>
<mx>94.000000</mx>
<my>221.543488</my>
</poly>
<brick>
<mLeftAnchored>true</mLeftAnchored>
<mRightAnchored>true</mRightAnchored>
<mBrickAngle>30.000000</mBrickAngle>
<mBrickThickness>20.000120</mBrickThickness>
<mBrickRadius>50.000000</mBrickRadius>
<mBrickRotation>-90.000000</mBrickRotation>
<corners>
<point>3</point>
<point>4</point>
<point>0</point>
<point>7</point>
</corners>
</brick>
</ent>
<ent>
<class>6</class>
<mCollidable>true</mCollidable>
<mMoving>true</mMoving>
<mImageDX>-1.333385</mImageDX>
<mImageDY>-0.278717</mImageDY>
<pegInfo>
<mVariable>true</mVariable>
</pegInfo>
<poly>
<mAllowFlash>true</mAllowFlash>
<mx>64.114136</mx>
<my>213.535583</my>
</poly>
<brick>
<mLeftAnchored>true</mLeftAnchored>
<mRightAnchored>true</mRightAnchored>
<mBrickAngle>30.000000</mBrickAngle>
<mBrickThickness>20.000120</mBrickThickness>
<mBrickRadius>50.000000</mBrickRadius>
<mBrickRotation>-120.000000</mBrickRotation>
<corners>
<point>3</point>
<point>4</point>
<point>0</point>
<point>7</point>
</corners>
</brick>
</ent>
<ent>
<class>6</class>
<mCollidable>true</mCollidable>
<mMoving>true</mMoving>
<mImageDX>0.278713</mImageDX>
<mImageDY>1.333379</mImageDY>
<pegInfo>
<mVariable>true</mVariable>
</pegInfo>
<poly>
<mAllowFlash>true</mAllowFlash>
<mx>42.236145</mx>
<my>191.657623</my>
</poly>
<brick>
<mLeftAnchored>true</mLeftAnchored>
<mRightAnchored>true</mRightAnchored>
<mBrickAngle>30.000000</mBrickAngle>
<mBrickThickness>20.000118</mBrickThickness>
<mBrickRadius>50.000000</mBrickRadius>
<mBrickRotation>-150.000000</mBrickRotation>
<corners>
<point>3</point>
<point>4</point>
<point>0</point>
<point>7</point>
</corners>
</brick>
</ent>
<ent>
<class>6</class>
<mCollidable>true</mCollidable>
<mMoving>true</mMoving>
<mImageDX>0.756725</mImageDX>
<mImageDY>-0.000006</mImageDY>
<pegInfo>
<mVariable>true</mVariable>
</pegInfo>
<poly>
<mAllowFlash>true</mAllowFlash>
<mx>34.228271</mx>
<my>161.771759</my>
</poly>
<brick>
<mLeftAnchored>true</mLeftAnchored>
<mRightAnchored>true</mRightAnchored>
<mBrickAngle>30.000000</mBrickAngle>
<mBrickThickness>20.000124</mBrickThickness>
<mBrickRadius>50.000000</mBrickRadius>
<mBrickRotation>-180.000000</mBrickRotation>
<corners>
<point>3</point>
<point>4</point>
<point>0</point>
<point>7</point>
</corners>
</brick>
</ent>
<ent>
<class>6</class>
<mCollidable>true</mCollidable>
<mMoving>true</mMoving>
<mImageDX>0.278713</mImageDX>
<mImageDY>-1.333379</mImageDY>
<pegInfo>
<mVariable>true</mVariable>
</pegInfo>
<poly>
<mAllowFlash>true</mAllowFlash>
<mx>158.236176</mx>
<my>163.885895</my>
</poly>
<brick>
<mLeftAnchored>true</mLeftAnchored>
<mRightAnchored>true</mRightAnchored>
<mBrickAngle>30.000000</mBrickAngle>
<mBrickThickness>20.000116</mBrickThickness>
<mBrickRadius>50.000000</mBrickRadius>
<mBrickRotation>150.000000</mBrickRotation>
<corners>
<point>3</point>
<point>4</point>
<point>0</point>
<point>7</point>
</corners>
</brick>
</ent>
<ent>
<class>6</class>
<mCollidable>true</mCollidable>
<mMoving>true</mMoving>
<mImageDX>-1.333386</mImageDX>
<mImageDY>0.278713</mImageDY>
<pegInfo>
<mVariable>true</mVariable>
</pegInfo>
<poly>
<mAllowFlash>true</mAllowFlash>
<mx>180.114136</mx>
<my>142.007935</my>
</poly>
<brick>
<mRightAnchored>true</mRightAnchored>
<mBrickAngle>30.000000</mBrickAngle>
<mBrickThickness>20.000141</mBrickThickness>
<mBrickRadius>50.000000</mBrickRadius>
<mBrickRotation>120.000000</mBrickRotation>
<corners>
<point>3</point>
<point>4</point>
<point>0</point>
<point>7</point>
</corners>
</brick>
</ent>
<ent>
<class>6</class>
<mCollidable>true</mCollidable>
<mMoving>true</mMoving>
<mImageDX>-0.000003</mImageDX>
<mImageDY>0.756723</mImageDY>
<pegInfo>
<mVariable>true</mVariable>
</pegInfo>
<poly>
<mAllowFlash>true</mAllowFlash>
<mx>385.763794</mx>
<my>188.114105</my>
</poly>
<brick>
<mLeftAnchored>true</mLeftAnchored>
<mBrickAngle>30.000000</mBrickAngle>
<mBrickThickness>20.000135</mBrickThickness>
<mBrickRadius>50.000000</mBrickRadius>
<mBrickRotation>90.000000</mBrickRotation>
<corners>
<point>3</point>
<point>4</point>
<point>0</point>
<point>7</point>
</corners>
</brick>
</ent>
<ent>
<class>6</class>
<mCollidable>true</mCollidable>
<mMoving>true</mMoving>
<mImageDX>1.333385</mImageDX>
<mImageDY>0.278713</mImageDY>
<pegInfo>
<mVariable>true</mVariable>
</pegInfo>
<poly>
<mAllowFlash>true</mAllowFlash>
<mx>415.649658</mx>
<my>196.122009</my>
</poly>
<brick>
<mLeftAnchored>true</mLeftAnchored>
<mRightAnchored>true</mRightAnchored>
<mBrickAngle>30.000000</mBrickAngle>
<mBrickThickness>20.000139</mBrickThickness>
<mBrickRadius>50.000000</mBrickRadius>
<mBrickRotation>60.000000</mBrickRotation>
<corners>
<point>3</point>
<point>4</point>
<point>0</point>
<point>7</point>
</corners>
</brick>
</ent>
<ent>
<class>6</class>
<mCollidable>true</mCollidable>
<mMoving>true</mMoving>
<mImageDX>-0.278717</mImageDX>
<mImageDY>-1.333387</mImageDY>
<pegInfo>
<mVariable>true</mVariable>
</pegInfo>
<poly>
<mAllowFlash>true</mAllowFlash>
<mx>437.527710</mx>
<my>217.999969</my>
</poly>
<brick>
<mLeftAnchored>true</mLeftAnchored>
<mRightAnchored>true</mRightAnchored>
<mBrickAngle>30.000000</mBrickAngle>
<mBrickThickness>20.000141</mBrickThickness>
<mBrickRadius>50.000000</mBrickRadius>
<mBrickRotation>30.000000</mBrickRotation>
<corners>
<point>3</point>
<point>4</point>
<point>0</point>
<point>7</point>
</corners>
</brick>
</ent>
<ent>
<class>6</class>
<mCollidable>true</mCollidable>
<mMoving>true</mMoving>
<mImageDX>-0.756723</mImageDX>
<pegInfo>
<mVariable>true</mVariable>
</pegInfo>
<poly>
<mAllowFlash>true</mAllowFlash>
<mx>445.535522</mx>
<my>247.885834</my>
</poly>
<brick>
<mLeftAnchored>true</mLeftAnchored>
<mRightAnchored>true</mRightAnchored>
<mBrickAngle>30.000000</mBrickAngle>
<mBrickThickness>20.000124</mBrickThickness>
<mBrickRadius>50.000000</mBrickRadius>
<mBrickRotation>0.000000</mBrickRotation>
<corners>
<point>3</point>
<point>4</point>
<point>0</point>
<point>7</point>
</corners>
</brick>
</ent>
<ent>
<class>6</class>
<mCollidable>true</mCollidable>
<mMoving>true</mMoving>
<mImageDX>-0.278717</mImageDX>
<mImageDY>1.333384</mImageDY>
<pegInfo>
<mVariable>true</mVariable>
</pegInfo>
<poly>
<mAllowFlash>true</mAllowFlash>
<mx>321.527710</mx>
<my>245.771698</my>
</poly>
<brick>
<mLeftAnchored>true</mLeftAnchored>
<mRightAnchored>true</mRightAnchored>
<mBrickAngle>30.000000</mBrickAngle>
<mBrickThickness>20.000124</mBrickThickness>
<mBrickRadius>50.000000</mBrickRadius>
<mBrickRotation>-30.000000</mBrickRotation>
<corners>
<point>3</point>
<point>4</point>
<point>0</point>
<point>7</point>
</corners>
</brick>
</ent>
<ent>
<class>6</class>
<mCollidable>true</mCollidable>
<mMoving>true</mMoving>
<mImageDX>1.333382</mImageDX>
<mImageDY>-0.278717</mImageDY>
<pegInfo>
<mVariable>true</mVariable>
</pegInfo>
<poly>
<mAllowFlash>true</mAllowFlash>
<mx>299.649719</mx>
<my>267.649658</my>
</poly>
<brick>
<mLeftAnchored>true</mLeftAnchored>
<mRightAnchored>true</mRightAnchored>
<mBrickAngle>30.000000</mBrickAngle>
<mBrickThickness>20.000107</mBrickThickness>
<mBrickRadius>50.000000</mBrickRadius>
<mBrickRotation>-60.000000</mBrickRotation>
<corners>
<point>3</point>
<point>4</point>
<point>0</point>
<point>7</point>
</corners>
</brick>
</ent>
<ent>
<class>6</class>
<mCollidable>true</mCollidable>
<mMoving>true</mMoving>
<mImageDX>-0.000003</mImageDX>
<mImageDY>-0.756723</mImageDY>
<pegInfo>
<mVariable>true</mVariable>
<mCrumble>true</mCrumble>
</pegInfo>
<poly>
<mAllowFlash>true</mAllowFlash>
<mx>269.763855</mx>
<my>275.657593</my>
</poly>
<brick>
<mLeftAnchored>true</mLeftAnchored>
<mRightAnchored>true</mRightAnchored>
<mBrickAngle>30.000000</mBrickAngle>
<mBrickThickness>20.000120</mBrickThickness>
<mBrickRadius>50.000000</mBrickRadius>
<mBrickRotation>-90.000000</mBrickRotation>
<corners>
<point>3</point>
<point>4</point>
<point>0</point>
<point>7</point>
</corners>
</brick>
</ent>
<ent>
<class>6</class>
<mCollidable>true</mCollidable>
<mMoving>true</mMoving>
<mImageDX>-1.333385</mImageDX>
<mImageDY>-0.278717</mImageDY>
<pegInfo>
<mVariable>true</mVariable>
</pegInfo>
<poly>
<mAllowFlash>true</mAllowFlash>
<mx>239.877930</mx>
<my>267.649658</my>
</poly>
<brick>
<mLeftAnchored>true</mLeftAnchored>
<mRightAnchored>true</mRightAnchored>
<mBrickAngle>30.000000</mBrickAngle>
<mBrickThickness>20.000120</mBrickThickness>
<mBrickRadius>50.000000</mBrickRadius>
<mBrickRotation>-120.000000</mBrickRotation>
<corners>
<point>3</point>
<point>4</point>
<point>0</point>
<point>7</point>
</corners>
</brick>
</ent>
<ent>
<class>6</class>
<mCollidable>true</mCollidable>
<mMoving>true</mMoving>
<mImageDX>0.278713</mImageDX>
<mImageDY>1.333379</mImageDY>
<pegInfo>
<mVariable>true</mVariable>
</pegInfo>
<poly>
<mAllowFlash>true</mAllowFlash>
<mx>218.000000</mx>
<my>245.771729</my>
</poly>
<brick>
<mLeftAnchored>true</mLeftAnchored>
<mRightAnchored>true</mRightAnchored>
<mBrickAngle>30.000000</mBrickAngle>
<mBrickThickness>20.000118</mBrickThickness>
<mBrickRadius>50.000000</mBrickRadius>
<mBrickRotation>-150.000000</mBrickRotation>
<corners>
<point>3</point>
<point>4</point>
<point>0</point>
<point>7</point>
</corners>
</brick>
</ent>
<ent>
<class>6</class>
<mCollidable>true</mCollidable>
<mMoving>true</mMoving>
<mImageDX>0.756725</mImageDX>
<mImageDY>-0.000006</mImageDY>
<pegInfo>
<mVariable>true</mVariable>
</pegInfo>
<poly>
<mAllowFlash>true</mAllowFlash>
<mx>209.992065</mx>
<my>215.885864</my>
</poly>
<brick>
<mLeftAnchored>true</mLeftAnchored>
<mRightAnchored>true</mRightAnchored>
<mBrickAngle>30.000000</mBrickAngle>
<mBrickThickness>20.000124</mBrickThickness>
<mBrickRadius>50.000000</mBrickRadius>
<mBrickRotation>-180.000000</mBrickRotation>
<corners>
<point>3</point>
<point>4</point>
<point>0</point>
<point>7</point>
</corners>
</brick>
</ent>
<ent>
<class>6</class>
<mCollidable>true</mCollidable>
<mMoving>true</mMoving>
<mImageDX>0.278713</mImageDX>
<mImageDY>-1.333379</mImageDY>
<pegInfo>
<mVariable>true</mVariable>
</pegInfo>
<poly>
<mAllowFlash>true</mAllowFlash>
<mx>334.000000</mx>
<my>218.000000</my>
</poly>
<brick>
<mLeftAnchored>true</mLeftAnchored>
<mRightAnchored>true</mRightAnchored>
<mBrickAngle>30.000000</mBrickAngle>
<mBrickThickness>20.000116</mBrickThickness>
<mBrickRadius>50.000000</mBrickRadius>
<mBrickRotation>150.000000</mBrickRotation>
<corners>
<point>3</point>
<point>4</point>
<point>0</point>
<point>7</point>
</corners>
</brick>
</ent>
<ent>
<class>6</class>
<mCollidable>true</mCollidable>
<mMoving>true</mMoving>
<mImageDX>-1.333386</mImageDX>
<mImageDY>0.278713</mImageDY>
<pegInfo>
<mVariable>true</mVariable>
</pegInfo>
<poly>
<mAllowFlash>true</mAllowFlash>
<mx>355.877930</mx>
<my>196.122040</my>
</poly>
<brick>
<mRightAnchored>true</mRightAnchored>
<mBrickAngle>30.000000</mBrickAngle>
<mBrickThickness>20.000141</mBrickThickness>
<mBrickRadius>50.000000</mBrickRadius>
<mBrickRotation>120.000000</mBrickRotation>
<corners>
<point>3</point>
<point>4</point>
<point>0</point>
<point>7</point>
</corners>
</brick>
</ent>
<ent>
<class>6</class>
<mCollidable>true</mCollidable>
<mMoving>true</mMoving>
<mImageDX>-0.000003</mImageDX>
<mImageDY>0.756723</mImageDY>
<pegInfo>
<mVariable>true</mVariable>
</pegInfo>
<poly>
<mAllowFlash>true</mAllowFlash>
<mx>562.763794</mx>
<my>238.114105</my>
</poly>
<brick>
<mLeftAnchored>true</mLeftAnchored>
<mBrickAngle>30.000000</mBrickAngle>
<mBrickThickness>20.000135</mBrickThickness>
<mBrickRadius>50.000000</mBrickRadius>
<mBrickRotation>90.000000</mBrickRotation>
<corners>
<point>3</point>
<point>4</point>
<point>0</point>
<point>7</point>
</corners>
</brick>
</ent>
<ent>
<class>6</class>
<mCollidable>true</mCollidable>
<mMoving>true</mMoving>
<mImageDX>1.333385</mImageDX>
<mImageDY>0.278713</mImageDY>
<pegInfo>
<mVariable>true</mVariable>
</pegInfo>
<poly>
<mAllowFlash>true</mAllowFlash>
<mx>592.649658</mx>
<my>246.122009</my>
</poly>
<brick>
<mLeftAnchored>true</mLeftAnchored>
<mRightAnchored>true</mRightAnchored>
<mBrickAngle>30.000000</mBrickAngle>
<mBrickThickness>20.000139</mBrickThickness>
<mBrickRadius>50.000000</mBrickRadius>
<mBrickRotation>60.000000</mBrickRotation>
<corners>
<point>3</point>
<point>4</point>
<point>0</point>
<point>7</point>
</corners>
</brick>
</ent>
<ent>
<class>6</class>
<mCollidable>true</mCollidable>
<mMoving>true</mMoving>
<mImageDX>-0.278717</mImageDX>
<mImageDY>-1.333387</mImageDY>
<pegInfo>
<mVariable>true</mVariable>
</pegInfo>
<poly>
<mAllowFlash>true</mAllowFlash>
<mx>614.527710</mx>
<my>268.000000</my>
</poly>
<brick>
<mLeftAnchored>true</mLeftAnchored>
<mRightAnchored>true</mRightAnchored>
<mBrickAngle>30.000000</mBrickAngle>
<mBrickThickness>20.000141</mBrickThickness>
<mBrickRadius>50.000000</mBrickRadius>
<mBrickRotation>30.000000</mBrickRotation>
<corners>
<point>3</point>
<point>4</point>
<point>0</point>
<point>7</point>
</corners>
</brick>
</ent>
<ent>
<class>6</class>
<mCollidable>true</mCollidable>
<mMoving>true</mMoving>
<mImageDX>-0.756723</mImageDX>
<pegInfo>
<mVariable>true</mVariable>
</pegInfo>
<poly>
<mAllowFlash>true</mAllowFlash>
<mx>622.535522</mx>
<my>297.885864</my>
</poly>
<brick>
<mLeftAnchored>true</mLeftAnchored>
<mRightAnchored>true</mRightAnchored>
<mBrickAngle>30.000000</mBrickAngle>
<mBrickThickness>20.000124</mBrickThickness>
<mBrickRadius>50.000000</mBrickRadius>
<mBrickRotation>0.000000</mBrickRotation>
<corners>
<point>3</point>
<point>4</point>
<point>0</point>
<point>7</point>
</corners>
</brick>
</ent>
<ent>
<class>6</class>
<mCollidable>true</mCollidable>
<mMoving>true</mMoving>
<mImageDX>-0.278717</mImageDX>
<mImageDY>1.333384</mImageDY>
<pegInfo>
<mVariable>true</mVariable>
</pegInfo>
<poly>
<mAllowFlash>true</mAllowFlash>
<mx>498.527649</mx>
<my>295.771729</my>
</poly>
<brick>
<mLeftAnchored>true</mLeftAnchored>
<mRightAnchored>true</mRightAnchored>
<mBrickAngle>30.000000</mBrickAngle>
<mBrickThickness>20.000124</mBrickThickness>
<mBrickRadius>50.000000</mBrickRadius>
<mBrickRotation>-30.000000</mBrickRotation>
<corners>
<point>3</point>
<point>4</point>
<point>0</point>
<point>7</point>
</corners>
</brick>
</ent>
<ent>
<class>6</class>
<mCollidable>true</mCollidable>
<mMoving>true</mMoving>
<mImageDX>1.333382</mImageDX>
<mImageDY>-0.278717</mImageDY>
<pegInfo>
<mVariable>true</mVariable>
</pegInfo>
<poly>
<mAllowFlash>true</mAllowFlash>
<mx>476.649658</mx>
<my>317.649658</my>
</poly>
<brick>
<mLeftAnchored>true</mLeftAnchored>
<mRightAnchored>true</mRightAnchored>
<mBrickAngle>30.000000</mBrickAngle>
<mBrickThickness>20.000107</mBrickThickness>
<mBrickRadius>50.000000</mBrickRadius>
<mBrickRotation>-60.000000</mBrickRotation>
<corners>
<point>3</point>
<point>4</point>
<point>0</point>
<point>7</point>
</corners>
</brick>
</ent>
<ent>
<class>6</class>
<mCollidable>true</mCollidable>
<mMoving>true</mMoving>
<mImageDX>-0.000003</mImageDX>
<mImageDY>-0.756723</mImageDY>
<pegInfo>
<mVariable>true</mVariable>
<mCrumble>true</mCrumble>
</pegInfo>
<poly>
<mAllowFlash>true</mAllowFlash>
<mx>446.763794</mx>
<my>325.657593</my>
</poly>
<brick>
<mLeftAnchored>true</mLeftAnchored>
<mRightAnchored>true</mRightAnchored>
<mBrickAngle>30.000000</mBrickAngle>
<mBrickThickness>20.000120</mBrickThickness>
<mBrickRadius>50.000000</mBrickRadius>
<mBrickRotation>-90.000000</mBrickRotation>
<corners>
<point>3</point>
<point>4</point>
<point>0</point>
<point>7</point>
</corners>
</brick>
</ent>
<ent>
<class>6</class>
<mCollidable>true</mCollidable>
<mMoving>true</mMoving>
<mImageDX>-1.333385</mImageDX>
<mImageDY>-0.278717</mImageDY>
<pegInfo>
<mVariable>true</mVariable>
</pegInfo>
<poly>
<mAllowFlash>true</mAllowFlash>
<mx>416.877930</mx>
<my>317.649658</my>
</poly>
<brick>
<mLeftAnchored>true</mLeftAnchored>
<mRightAnchored>true</mRightAnchored>
<mBrickAngle>30.000000</mBrickAngle>
<mBrickThickness>20.000120</mBrickThickness>
<mBrickRadius>50.000000</mBrickRadius>
<mBrickRotation>-120.000000</mBrickRotation>
<corners>
<point>3</point>
<point>4</point>
<point>0</point>
<point>7</point>
</corners>
</brick>
</ent>
<ent>
<class>6</class>
<mCollidable>true</mCollidable>
<mMoving>true</mMoving>
<mImageDX>0.278713</mImageDX>
<mImageDY>1.333379</mImageDY>
<pegInfo>
<mVariable>true</mVariable>
</pegInfo>
<poly>
<mAllowFlash>true</mAllowFlash>
<mx>395.000000</mx>
<my>295.771729</my>
</poly>
<brick>
<mLeftAnchored>true</mLeftAnchored>
<mRightAnchored>true</mRightAnchored>
<mBrickAngle>30.000000</mBrickAngle>
<mBrickThickness>20.000118</mBrickThickness>
<mBrickRadius>50.000000</mBrickRadius>
<mBrickRotation>-150.000000</mBrickRotation>
<corners>
<point>3</point>
<point>4</point>
<point>0</point>
<point>7</point>
</corners>
</brick>
</ent>
<ent>
<class>6</class>
<mCollidable>true</mCollidable>
<mMoving>true</mMoving>
<mImageDX>0.756725</mImageDX>
<mImageDY>-0.000006</mImageDY>
<pegInfo>
<mVariable>true</mVariable>
</pegInfo>
<poly>
<mAllowFlash>true</mAllowFlash>
<mx>386.992065</mx>
<my>265.885864</my>
</poly>
<brick>
<mLeftAnchored>true</mLeftAnchored>
<mRightAnchored>true</mRightAnchored>
<mBrickAngle>30.000000</mBrickAngle>
<mBrickThickness>20.000124</mBrickThickness>
<mBrickRadius>50.000000</mBrickRadius>
<mBrickRotation>-180.000000</mBrickRotation>
<corners>
<point>3</point>
<point>4</point>
<point>0</point>
<point>7</point>
</corners>
</brick>
</ent>
<ent>
<class>6</class>
<mCollidable>true</mCollidable>
<mMoving>true</mMoving>
<mImageDX>0.278713</mImageDX>
<mImageDY>-1.333379</mImageDY>
<pegInfo>
<mVariable>true</mVariable>
</pegInfo>
<poly>
<mAllowFlash>true</mAllowFlash>
<mx>511.000000</mx>
<my>268.000000</my>
</poly>
<brick>
<mLeftAnchored>true</mLeftAnchored>
<mRightAnchored>true</mRightAnchored>
<mBrickAngle>30.000000</mBrickAngle>
<mBrickThickness>20.000116</mBrickThickness>
<mBrickRadius>50.000000</mBrickRadius>
<mBrickRotation>150.000000</mBrickRotation>
<corners>
<point>3</point>
<point>4</point>
<point>0</point>
<point>7</point>
</corners>
</brick>
</ent>
<ent>
<class>6</class>
<mCollidable>true</mCollidable>
<mMoving>true</mMoving>
<mImageDX>-1.333386</mImageDX>
<mImageDY>0.278713</mImageDY>
<pegInfo>
<mVariable>true</mVariable>
</pegInfo>
<poly>
<mAllowFlash>true</mAllowFlash>
<mx>532.877930</mx>
<my>246.122040</my>
</poly>
<brick>
<mRightAnchored>true</mRightAnchored>
<mBrickAngle>30.000000</mBrickAngle>
<mBrickThickness>20.000141</mBrickThickness>
<mBrickRadius>50.000000</mBrickRadius>
<mBrickRotation>120.000000</mBrickRotation>
<corners>
<point>3</point>
<point>4</point>
<point>0</point>
<point>7</point>
</corners>
</brick>
</ent>
<ent>
<class>5</class>
<mCollidable>true</mCollidable>
<mMoving>true</mMoving>
<pegInfo>
<mVariable>true</mVariable>
</pegInfo>
<ball>
<mIsPeg>true</mIsPeg>
<mCollidesWithOtherBalls>true</mCollidesWithOtherBalls>
<mx>311.000000</mx>
<my>335.000000</my>
<mRadius>10.000000</mRadius>
</ball>
</ent>
<ent>
<class>5</class>
<mCollidable>true</mCollidable>
<mMoving>true</mMoving>
<pegInfo>
<mVariable>true</mVariable>
</pegInfo>
<ball>
<mIsPeg>true</mIsPeg>
<mCollidesWithOtherBalls>true</mCollidesWithOtherBalls>
<mx>343.000000</mx>
<my>314.000000</my>
<mRadius>10.000000</mRadius>
</ball>
</ent>
<ent>
<class>5</class>
<mCollidable>true</mCollidable>
<mMoving>true</mMoving>
<pegInfo>
<mVariable>true</mVariable>
</pegInfo>
<ball>
<mIsPeg>true</mIsPeg>
<mCollidesWithOtherBalls>true</mCollidesWithOtherBalls>
<mx>87.000000</mx>
<my>344.000000</my>
<mRadius>10.000000</mRadius>
</ball>
</ent>
<ent>
<class>5</class>
<mCollidable>true</mCollidable>
<mMoving>true</mMoving>
<pegInfo>
<mVariable>true</mVariable>
</pegInfo>
<ball>
<mIsPeg>true</mIsPeg>
<mCollidesWithOtherBalls>true</mCollidesWithOtherBalls>
<mx>91.000000</mx>
<my>166.000000</my>
<mRadius>10.000000</mRadius>
</ball>
</ent>
<ent>
<class>5</class>
<mCollidable>true</mCollidable>
<mMoving>true</mMoving>
<pegInfo>
<mVariable>true</mVariable>
</pegInfo>
<ball>
<mIsPeg>true</mIsPeg>
<mCollidesWithOtherBalls>true</mCollidesWithOtherBalls>
<mx>561.000000</mx>
<my>281.000000</my>
<mRadius>10.000000</mRadius>
</ball>
</ent>
<ent>
<class>5</class>
<mCollidable>true</mCollidable>
<mMoving>true</mMoving>
<pegInfo>
<mVariable>true</mVariable>
</pegInfo>
<ball>
<mIsPeg>true</mIsPeg>
<mCollidesWithOtherBalls>true</mCollidesWithOtherBalls>
<mx>559.000000</mx>
<my>462.000000</my>
<mRadius>10.000000</mRadius>
</ball>
</ent>
<ent>
<class>5</class>
<mCollidable>true</mCollidable>
<mMoving>true</mMoving>
<pegInfo>
<mVariable>true</mVariable>
</pegInfo>
<ball>
<mIsPeg>true</mIsPeg>
<mCollidesWithOtherBalls>true</mCollidesWithOtherBalls>
<mx>487.000000</mx>
<my>387.000000</my>
<mRadius>10.000000</mRadius>
</ball>
</ent>
<ent>
<class>5</class>
<mCollidable>true</mCollidable>
<mMoving>true</mMoving>
<pegInfo>
<mVariable>true</mVariable>
</pegInfo>
<ball>
<mIsPeg>true</mIsPeg>
<mCollidesWithOtherBalls>true</mCollidesWithOtherBalls>
<mx>518.000000</mx>
<my>366.000000</my>
<mRadius>10.000000</mRadius>
</ball>
</ent>
<ent>
<class>5</class>
<mCollidable>true</mCollidable>
<mMoving>true</mMoving>
<pegInfo>
<mVariable>true</mVariable>
</pegInfo>
<ball>
<mIsPeg>true</mIsPeg>
<mCollidesWithOtherBalls>true</mCollidesWithOtherBalls>
<mx>137.000000</mx>
<my>282.000000</my>
<mRadius>10.000000</mRadius>
</ball>
</ent>
<ent>
<class>5</class>
<mCollidable>true</mCollidable>
<mMoving>true</mMoving>
<pegInfo>
<mVariable>true</mVariable>
</pegInfo>
<ball>
<mIsPeg>true</mIsPeg>
<mCollidesWithOtherBalls>true</mCollidesWithOtherBalls>
<mx>168.000000</mx>
<my>261.000000</my>
<mRadius>10.000000</mRadius>
</ball>
</ent>
<ent>
<class>5</class>
<mCollidable>true</mCollidable>
<mMoving>true</mMoving>
<pegInfo>
<mVariable>true</mVariable>
</pegInfo>
<ball>
<mIsPeg>true</mIsPeg>
<mCollidesWithOtherBalls>true</mCollidesWithOtherBalls>
<mx>214.000000</mx>
<my>187.000000</my>
<mRadius>10.000000</mRadius>
</ball>
</ent>
<ent>
<class>5</class>
<mCollidable>true</mCollidable>
<mMoving>true</mMoving>
<pegInfo>
<mVariable>true</mVariable>
</pegInfo>
<ball>
<mIsPeg>true</mIsPeg>
<mCollidesWithOtherBalls>true</mCollidesWithOtherBalls>
<mx>389.000000</mx>
<my>240.000000</my>
<mRadius>10.000000</mRadius>
</ball>
</ent>
<ent>
<class>5</class>
<mCollidable>true</mCollidable>
<mMoving>true</mMoving>
<pegInfo>
<mVariable>true</mVariable>
</pegInfo>
<ball>
<mIsPeg>true</mIsPeg>
<mCollidesWithOtherBalls>true</mCollidesWithOtherBalls>
<mx>441.000000</mx>
<my>273.000000</my>
<mRadius>10.000000</mRadius>
</ball>
</ent>
<ent>
<class>5</class>
<mCollidable>true</mCollidable>
<mMoving>true</mMoving>
<pegInfo>
<mVariable>true</mVariable>
</pegInfo>
<ball>
<mIsPeg>true</mIsPeg>
<mCollidesWithOtherBalls>true</mCollidesWithOtherBalls>
<mx>615.000000</mx>
<my>324.000000</my>
<mRadius>10.000000</mRadius>
</ball>
</ent>
<ent>
<class>5</class>
<mCollidable>true</mCollidable>
<mMoving>true</mMoving>
<pegInfo>
<mVariable>true</mVariable>
</pegInfo>
<ball>
<mIsPeg>true</mIsPeg>
<mCollidesWithOtherBalls>true</mCollidesWithOtherBalls>
<mx>263.000000</mx>
<my>222.000000</my>
<mRadius>10.000000</mRadius>
</ball>
</ent>
<ent>
<class>5</class>
<mCollidable>true</mCollidable>
<mMoving>true</mMoving>
<pegInfo>
<mVariable>true</mVariable>
</pegInfo>
<ball>
<mIsPeg>true</mIsPeg>
<mCollidesWithOtherBalls>true</mCollidesWithOtherBalls>
<mx>37.000000</mx>
<my>133.000000</my>
<mRadius>10.000000</mRadius>
</ball>
</ent>
<ent>
<class>5</class>
<mCollidable>true</mCollidable>
<mMoving>true</mMoving>
<pegInfo>
<mVariable>true</mVariable>
</pegInfo>
<ball>
<mIsPeg>true</mIsPeg>
<mCollidesWithOtherBalls>true</mCollidesWithOtherBalls>
<mx>33.000000</mx>
<my>309.000000</my>
<mRadius>10.000000</mRadius>
</ball>
</ent>
<ent>
<class>5</class>
<mCollidable>true</mCollidable>
<mMoving>true</mMoving>
<pegInfo>
<mVariable>true</mVariable>
</pegInfo>
<ball>
<mIsPeg>true</mIsPeg>
<mCollidesWithOtherBalls>true</mCollidesWithOtherBalls>
<mx>210.000000</mx>
<my>362.000000</my>
<mRadius>10.000000</mRadius>
</ball>
</ent>
<ent>
<class>5</class>
<mCollidable>true</mCollidable>
<mMoving>true</mMoving>
<pegInfo>
<mVariable>true</mVariable>
</pegInfo>
<ball>
<mIsPeg>true</mIsPeg>
<mCollidesWithOtherBalls>true</mCollidesWithOtherBalls>
<mx>258.000000</mx>
<my>395.000000</my>
<mRadius>10.000000</mRadius>
</ball>
</ent>
<ent>
<class>5</class>
<mCollidable>true</mCollidable>
<mMoving>true</mMoving>
<pegInfo>
<mVariable>true</mVariable>
</pegInfo>
<ball>
<mIsPeg>true</mIsPeg>
<mCollidesWithOtherBalls>true</mCollidesWithOtherBalls>
<mx>385.000000</mx>
<my>414.000000</my>
<mRadius>10.000000</mRadius>
</ball>
</ent>
<ent>
<class>5</class>
<mCollidable>true</mCollidable>
<mMoving>true</mMoving>
<pegInfo>
<mVariable>true</mVariable>
</pegInfo>
<ball>
<mIsPeg>true</mIsPeg>
<mCollidesWithOtherBalls>true</mCollidesWithOtherBalls>
<mx>435.000000</mx>
<my>450.000000</my>
<mRadius>10.000000</mRadius>
</ball>
</ent>
<ent>
<class>5</class>
<mCollidable>true</mCollidable>
<mMoving>true</mMoving>
<pegInfo>
<mVariable>true</mVariable>
</pegInfo>
<ball>
<mIsPeg>true</mIsPeg>
<mCollidesWithOtherBalls>true</mCollidesWithOtherBalls>
<mx>612.000000</mx>
<my>498.000000</my>
<mRadius>10.000000</mRadius>
</ball>
</ent>
</level>
