<level name="levels/export66/level14web.dat.xml">
<version>66</version>
<isLevel>true</isLevel>
<ent>
<class>6</class>
<mCollidable>true</mCollidable>
<mMoving>true</mMoving>
<mImageDX>0.000004</mImageDX>
<mImageDY>-0.320820</mImageDY>
<pegInfo>
<mVariable>true</mVariable>
<mCrumble>true</mCrumble>
</pegInfo>
<poly>
<mAllowFlash>true</mAllowFlash>
<mx>13.000000</mx>
<my>417.000000</my>
</poly>
<brick>
<mRightAnchored>true</mRightAnchored>
<mBrickNumSubdiv>3</mBrickNumSubdiv>
<mBrickAngle>15.000000</mBrickAngle>
<mBrickRadius>75.000000</mBrickRadius>
<mBrickRotation>-90.000000</mBrickRotation>
<corners>
<point>4</point>
<point>5</point>
<point>0</point>
<point>9</point>
</corners>
</brick>
</ent>
<ent>
<class>6</class>
<mCollidable>true</mCollidable>
<mMoving>true</mMoving>
<mImageDX>1.072576</mImageDX>
<mImageDY>-0.364586</mImageDY>
<pegInfo>
<mVariable>true</mVariable>
</pegInfo>
<poly>
<mAllowFlash>true</mAllowFlash>
<mx>34.999603</mx>
<my>414.103699</my>
</poly>
<brick>
<mLeftAnchored>true</mLeftAnchored>
<mRightAnchored>true</mRightAnchored>
<mBrickNumSubdiv>3</mBrickNumSubdiv>
<mBrickAngle>15.000000</mBrickAngle>
<mBrickThickness>19.999992</mBrickThickness>
<mBrickRadius>75.000000</mBrickRadius>
<mBrickRotation>-74.999962</mBrickRotation>
<corners>
<point>4</point>
<point>5</point>
<point>0</point>
<point>9</point>
</corners>
</brick>
</ent>
<ent>
<class>6</class>
<mCollidable>true</mCollidable>
<mMoving>true</mMoving>
<mImageDX>0.766797</mImageDX>
<mImageDY>0.022863</mImageDY>
<pegInfo>
<mVariable>true</mVariable>
</pegInfo>
<poly>
<mAllowFlash>true</mAllowFlash>
<mx>55.499969</mx>
<my>405.612122</my>
</poly>
<brick>
<mLeftAnchored>true</mLeftAnchored>
<mRightAnchored>true</mRightAnchored>
<mBrickNumSubdiv>3</mBrickNumSubdiv>
<mBrickAngle>15.000000</mBrickAngle>
<mBrickThickness>20.000002</mBrickThickness>
<mBrickRadius>75.000000</mBrickRadius>
<mBrickRotation>-59.999939</mBrickRotation>
<corners>
<point>4</point>
<point>5</point>
<point>0</point>
<point>9</point>
</corners>
</brick>
</ent>
<ent>
<class>6</class>
<mCollidable>true</mCollidable>
<mMoving>true</mMoving>
<mImageDX>0.408756</mImageDX>
<mImageDY>0.408760</mImageDY>
<pegInfo>
<mVariable>true</mVariable>
</pegInfo>
<poly>
<mAllowFlash>true</mAllowFlash>
<mx>73.104034</mx>
<my>392.104004</my>
</poly>
<brick>
<mLeftAnchored>true</mLeftAnchored>
<mRightAnchored>true</mRightAnchored>
<mBrickNumSubdiv>3</mBrickNumSubdiv>
<mBrickAngle>15.000000</mBrickAngle>
<mBrickThickness>19.999989</mBrickThickness>
<mBrickRadius>75.000000</mBrickRadius>
<mBrickRotation>-44.999962</mBrickRotation>
<corners>
<point>4</point>
<point>5</point>
<point>0</point>
<point>9</point>
</corners>
</brick>
</ent>
<ent>
<class>6</class>
<mCollidable>true</mCollidable>
<mMoving>true</mMoving>
<mImageDX>-0.408760</mImageDX>
<mImageDY>-0.408752</mImageDY>
<pegInfo>
<mVariable>true</mVariable>
</pegInfo>
<poly>
<mAllowFlash>true</mAllowFlash>
<mx>87.765930</mx>
<my>375.385315</my>
</poly>
<brick>
<mLeftAnchored>true</mLeftAnchored>
<mRightAnchored>true</mRightAnchored>
<mBrickTextureFlip>true</mBrickTextureFlip>
<mBrickNumSubdiv>3</mBrickNumSubdiv>
<mBrickAngle>15.000000</mBrickAngle>
<mBrickThickness>19.999983</mBrickThickness>
<mBrickRadius>75.000000</mBrickRadius>
<mBrickRotation>135.000061</mBrickRotation>
<corners>
<point>4</point>
<point>5</point>
<point>0</point>
<point>9</point>
</corners>
</brick>
</ent>
<ent>
<class>6</class>
<mCollidable>true</mCollidable>
<mMoving>true</mMoving>
<mImageDX>-0.766792</mImageDX>
<mImageDY>-0.022871</mImageDY>
<pegInfo>
<mVariable>true</mVariable>
</pegInfo>
<poly>
<mAllowFlash>true</mAllowFlash>
<mx>105.369995</mx>
<my>361.877197</my>
</poly>
<brick>
<mLeftAnchored>true</mLeftAnchored>
<mRightAnchored>true</mRightAnchored>
<mBrickTextureFlip>true</mBrickTextureFlip>
<mBrickNumSubdiv>3</mBrickNumSubdiv>
<mBrickAngle>15.000000</mBrickAngle>
<mBrickThickness>19.999977</mBrickThickness>
<mBrickRadius>75.000000</mBrickRadius>
<mBrickRotation>120.000053</mBrickRotation>
<corners>
<point>4</point>
<point>5</point>
<point>0</point>
<point>9</point>
</corners>
</brick>
</ent>
<ent>
<class>6</class>
<mCollidable>true</mCollidable>
<mMoving>true</mMoving>
<mImageDX>-1.072571</mImageDX>
<mImageDY>0.364586</mImageDY>
<pegInfo>
<mVariable>true</mVariable>
</pegInfo>
<poly>
<mAllowFlash>true</mAllowFlash>
<mx>125.870361</mx>
<my>353.385681</my>
</poly>
<brick>
<mLeftAnchored>true</mLeftAnchored>
<mRightAnchored>true</mRightAnchored>
<mBrickTextureFlip>true</mBrickTextureFlip>
<mBrickNumSubdiv>3</mBrickNumSubdiv>
<mBrickAngle>15.000000</mBrickAngle>
<mBrickThickness>19.999975</mBrickThickness>
<mBrickRadius>75.000000</mBrickRadius>
<mBrickRotation>104.999985</mBrickRotation>
<corners>
<point>4</point>
<point>5</point>
<point>0</point>
<point>9</point>
</corners>
</brick>
</ent>
<ent>
<class>6</class>
<mCollidable>true</mCollidable>
<mMoving>true</mMoving>
<mImageDX>0.000004</mImageDX>
<mImageDY>0.320824</mImageDY>
<pegInfo>
<mVariable>true</mVariable>
</pegInfo>
<poly>
<mAllowFlash>true</mAllowFlash>
<mx>147.869965</mx>
<my>350.489380</my>
</poly>
<brick>
<mLeftAnchored>true</mLeftAnchored>
<mRightAnchored>true</mRightAnchored>
<mBrickTextureFlip>true</mBrickTextureFlip>
<mBrickNumSubdiv>3</mBrickNumSubdiv>
<mBrickAngle>15.000000</mBrickAngle>
<mBrickThickness>19.999989</mBrickThickness>
<mBrickRadius>75.000000</mBrickRadius>
<mBrickRotation>89.999939</mBrickRotation>
<corners>
<point>4</point>
<point>5</point>
<point>0</point>
<point>9</point>
</corners>
</brick>
</ent>
<ent>
<class>6</class>
<mCollidable>true</mCollidable>
<mMoving>true</mMoving>
<mImageDX>1.072576</mImageDX>
<mImageDY>0.364586</mImageDY>
<pegInfo>
<mVariable>true</mVariable>
</pegInfo>
<poly>
<mAllowFlash>true</mAllowFlash>
<mx>169.869598</mx>
<my>353.385742</my>
</poly>
<brick>
<mLeftAnchored>true</mLeftAnchored>
<mRightAnchored>true</mRightAnchored>
<mBrickTextureFlip>true</mBrickTextureFlip>
<mBrickNumSubdiv>3</mBrickNumSubdiv>
<mBrickAngle>15.000000</mBrickAngle>
<mBrickThickness>19.999992</mBrickThickness>
<mBrickRadius>75.000000</mBrickRadius>
<mBrickRotation>74.999962</mBrickRotation>
<corners>
<point>4</point>
<point>5</point>
<point>0</point>
<point>9</point>
</corners>
</brick>
</ent>
<ent>
<class>6</class>
<mCollidable>true</mCollidable>
<mMoving>true</mMoving>
<mImageDX>0.766795</mImageDX>
<mImageDY>-0.022869</mImageDY>
<pegInfo>
<mVariable>true</mVariable>
</pegInfo>
<poly>
<mAllowFlash>true</mAllowFlash>
<mx>190.369965</mx>
<my>361.877258</my>
</poly>
<brick>
<mLeftAnchored>true</mLeftAnchored>
<mRightAnchored>true</mRightAnchored>
<mBrickTextureFlip>true</mBrickTextureFlip>
<mBrickNumSubdiv>3</mBrickNumSubdiv>
<mBrickAngle>15.000000</mBrickAngle>
<mBrickThickness>19.999987</mBrickThickness>
<mBrickRadius>75.000000</mBrickRadius>
<mBrickRotation>59.999924</mBrickRotation>
<corners>
<point>4</point>
<point>5</point>
<point>0</point>
<point>9</point>
</corners>
</brick>
</ent>
<ent>
<class>6</class>
<mCollidable>true</mCollidable>
<mMoving>true</mMoving>
<mImageDX>0.408756</mImageDX>
<mImageDY>-0.408760</mImageDY>
<pegInfo>
<mVariable>true</mVariable>
</pegInfo>
<poly>
<mAllowFlash>true</mAllowFlash>
<mx>207.974030</mx>
<my>375.385376</my>
</poly>
<brick>
<mLeftAnchored>true</mLeftAnchored>
<mRightAnchored>true</mRightAnchored>
<mBrickTextureFlip>true</mBrickTextureFlip>
<mBrickNumSubdiv>3</mBrickNumSubdiv>
<mBrickAngle>15.000000</mBrickAngle>
<mBrickThickness>19.999977</mBrickThickness>
<mBrickRadius>75.000000</mBrickRadius>
<mBrickRotation>44.999935</mBrickRotation>
<corners>
<point>4</point>
<point>5</point>
<point>0</point>
<point>9</point>
</corners>
</brick>
</ent>
<ent>
<class>6</class>
<mCollidable>true</mCollidable>
<mMoving>true</mMoving>
<mImageDX>-0.408756</mImageDX>
<mImageDY>0.408762</mImageDY>
<pegInfo>
<mVariable>true</mVariable>
</pegInfo>
<poly>
<mAllowFlash>true</mAllowFlash>
<mx>222.635925</mx>
<my>392.104126</my>
</poly>
<brick>
<mLeftAnchored>true</mLeftAnchored>
<mRightAnchored>true</mRightAnchored>
<mBrickNumSubdiv>3</mBrickNumSubdiv>
<mBrickAngle>15.000000</mBrickAngle>
<mBrickThickness>19.999973</mBrickThickness>
<mBrickRadius>75.000000</mBrickRadius>
<mBrickRotation>224.999908</mBrickRotation>
<corners>
<point>4</point>
<point>5</point>
<point>0</point>
<point>9</point>
</corners>
</brick>
</ent>
<ent>
<class>6</class>
<mCollidable>true</mCollidable>
<mMoving>true</mMoving>
<mImageDX>-0.766787</mImageDX>
<mImageDY>0.022867</mImageDY>
<pegInfo>
<mVariable>true</mVariable>
</pegInfo>
<poly>
<mAllowFlash>true</mAllowFlash>
<mx>240.239990</mx>
<my>405.612244</my>
</poly>
<brick>
<mLeftAnchored>true</mLeftAnchored>
<mRightAnchored>true</mRightAnchored>
<mBrickNumSubdiv>3</mBrickNumSubdiv>
<mBrickAngle>15.000000</mBrickAngle>
<mBrickThickness>19.999966</mBrickThickness>
<mBrickRadius>75.000000</mBrickRadius>
<mBrickRotation>-120.000084</mBrickRotation>
<corners>
<point>4</point>
<point>5</point>
<point>0</point>
<point>9</point>
</corners>
</brick>
</ent>
<ent>
<class>6</class>
<mCollidable>true</mCollidable>
<mMoving>true</mMoving>
<mImageDX>-1.072568</mImageDX>
<mImageDY>-0.364586</mImageDY>
<pegInfo>
<mVariable>true</mVariable>
</pegInfo>
<poly>
<mAllowFlash>true</mAllowFlash>
<mx>260.740295</mx>
<my>414.103821</my>
</poly>
<brick>
<mLeftAnchored>true</mLeftAnchored>
<mRightAnchored>true</mRightAnchored>
<mBrickNumSubdiv>3</mBrickNumSubdiv>
<mBrickAngle>15.000000</mBrickAngle>
<mBrickThickness>19.999973</mBrickThickness>
<mBrickRadius>75.000000</mBrickRadius>
<mBrickRotation>-105.000084</mBrickRotation>
<corners>
<point>4</point>
<point>5</point>
<point>0</point>
<point>9</point>
</corners>
</brick>
</ent>
<ent>
<class>6</class>
<mCollidable>true</mCollidable>
<mMoving>true</mMoving>
<mImageDX>-0.000011</mImageDX>
<mImageDY>-0.320824</mImageDY>
<pegInfo>
<mVariable>true</mVariable>
<mCrumble>true</mCrumble>
</pegInfo>
<poly>
<mAllowFlash>true</mAllowFlash>
<mx>282.739868</mx>
<my>417.000122</my>
</poly>
<brick>
<mLeftAnchored>true</mLeftAnchored>
<mBrickNumSubdiv>3</mBrickNumSubdiv>
<mBrickAngle>15.000000</mBrickAngle>
<mBrickThickness>19.999962</mBrickThickness>
<mBrickRadius>75.000000</mBrickRadius>
<mBrickRotation>-90.000038</mBrickRotation>
<corners>
<point>4</point>
<point>5</point>
<point>0</point>
<point>9</point>
</corners>
</brick>
</ent>
<ent>
<class>6</class>
<mCollidable>true</mCollidable>
<mMoving>true</mMoving>
<mImageDX>0.000004</mImageDX>
<mImageDY>-0.320820</mImageDY>
<pegInfo>
<mVariable>true</mVariable>
<mCrumble>true</mCrumble>
</pegInfo>
<poly>
<mAllowFlash>true</mAllowFlash>
<mx>365.130035</mx>
<my>416.510620</my>
</poly>
<brick>
<mRightAnchored>true</mRightAnchored>
<mBrickNumSubdiv>3</mBrickNumSubdiv>
<mBrickAngle>15.000000</mBrickAngle>
<mBrickRadius>75.000000</mBrickRadius>
<mBrickRotation>-90.000000</mBrickRotation>
<corners>
<point>4</point>
<point>5</point>
<point>0</point>
<point>9</point>
</corners>
</brick>
</ent>
<ent>
<class>6</class>
<mCollidable>true</mCollidable>
<mMoving>true</mMoving>
<mImageDX>1.072576</mImageDX>
<mImageDY>-0.364586</mImageDY>
<pegInfo>
<mVariable>true</mVariable>
</pegInfo>
<poly>
<mAllowFlash>true</mAllowFlash>
<mx>387.129639</mx>
<my>413.614319</my>
</poly>
<brick>
<mLeftAnchored>true</mLeftAnchored>
<mRightAnchored>true</mRightAnchored>
<mBrickNumSubdiv>3</mBrickNumSubdiv>
<mBrickAngle>15.000000</mBrickAngle>
<mBrickThickness>19.999992</mBrickThickness>
<mBrickRadius>75.000000</mBrickRadius>
<mBrickRotation>-74.999962</mBrickRotation>
<corners>
<point>4</point>
<point>5</point>
<point>0</point>
<point>9</point>
</corners>
</brick>
</ent>
<ent>
<class>6</class>
<mCollidable>true</mCollidable>
<mMoving>true</mMoving>
<mImageDX>0.766797</mImageDX>
<mImageDY>0.022863</mImageDY>
<pegInfo>
<mVariable>true</mVariable>
</pegInfo>
<poly>
<mAllowFlash>true</mAllowFlash>
<mx>407.630005</mx>
<my>405.122742</my>
</poly>
<brick>
<mLeftAnchored>true</mLeftAnchored>
<mRightAnchored>true</mRightAnchored>
<mBrickNumSubdiv>3</mBrickNumSubdiv>
<mBrickAngle>15.000000</mBrickAngle>
<mBrickThickness>20.000002</mBrickThickness>
<mBrickRadius>75.000000</mBrickRadius>
<mBrickRotation>-59.999939</mBrickRotation>
<corners>
<point>4</point>
<point>5</point>
<point>0</point>
<point>9</point>
</corners>
</brick>
</ent>
<ent>
<class>6</class>
<mCollidable>true</mCollidable>
<mMoving>true</mMoving>
<mImageDX>0.408756</mImageDX>
<mImageDY>0.408760</mImageDY>
<pegInfo>
<mVariable>true</mVariable>
</pegInfo>
<poly>
<mAllowFlash>true</mAllowFlash>
<mx>425.234070</mx>
<my>391.614624</my>
</poly>
<brick>
<mLeftAnchored>true</mLeftAnchored>
<mRightAnchored>true</mRightAnchored>
<mBrickNumSubdiv>3</mBrickNumSubdiv>
<mBrickAngle>15.000000</mBrickAngle>
<mBrickThickness>19.999989</mBrickThickness>
<mBrickRadius>75.000000</mBrickRadius>
<mBrickRotation>-44.999962</mBrickRotation>
<corners>
<point>4</point>
<point>5</point>
<point>0</point>
<point>9</point>
</corners>
</brick>
</ent>
<ent>
<class>6</class>
<mCollidable>true</mCollidable>
<mMoving>true</mMoving>
<mImageDX>-0.408760</mImageDX>
<mImageDY>-0.408752</mImageDY>
<pegInfo>
<mVariable>true</mVariable>
</pegInfo>
<poly>
<mAllowFlash>true</mAllowFlash>
<mx>439.895966</mx>
<my>374.895935</my>
</poly>
<brick>
<mLeftAnchored>true</mLeftAnchored>
<mRightAnchored>true</mRightAnchored>
<mBrickTextureFlip>true</mBrickTextureFlip>
<mBrickNumSubdiv>3</mBrickNumSubdiv>
<mBrickAngle>15.000000</mBrickAngle>
<mBrickThickness>19.999983</mBrickThickness>
<mBrickRadius>75.000000</mBrickRadius>
<mBrickRotation>135.000061</mBrickRotation>
<corners>
<point>4</point>
<point>5</point>
<point>0</point>
<point>9</point>
</corners>
</brick>
</ent>
<ent>
<class>6</class>
<mCollidable>true</mCollidable>
<mMoving>true</mMoving>
<mImageDX>-0.766792</mImageDX>
<mImageDY>-0.022871</mImageDY>
<pegInfo>
<mVariable>true</mVariable>
</pegInfo>
<poly>
<mAllowFlash>true</mAllowFlash>
<mx>457.500031</mx>
<my>361.387817</my>
</poly>
<brick>
<mLeftAnchored>true</mLeftAnchored>
<mRightAnchored>true</mRightAnchored>
<mBrickTextureFlip>true</mBrickTextureFlip>
<mBrickNumSubdiv>3</mBrickNumSubdiv>
<mBrickAngle>15.000000</mBrickAngle>
<mBrickThickness>19.999977</mBrickThickness>
<mBrickRadius>75.000000</mBrickRadius>
<mBrickRotation>120.000053</mBrickRotation>
<corners>
<point>4</point>
<point>5</point>
<point>0</point>
<point>9</point>
</corners>
</brick>
</ent>
<ent>
<class>6</class>
<mCollidable>true</mCollidable>
<mMoving>true</mMoving>
<mImageDX>-1.072571</mImageDX>
<mImageDY>0.364586</mImageDY>
<pegInfo>
<mVariable>true</mVariable>
</pegInfo>
<poly>
<mAllowFlash>true</mAllowFlash>
<mx>478.000397</mx>
<my>352.896301</my>
</poly>
<brick>
<mLeftAnchored>true</mLeftAnchored>
<mRightAnchored>true</mRightAnchored>
<mBrickTextureFlip>true</mBrickTextureFlip>
<mBrickNumSubdiv>3</mBrickNumSubdiv>
<mBrickAngle>15.000000</mBrickAngle>
<mBrickThickness>19.999975</mBrickThickness>
<mBrickRadius>75.000000</mBrickRadius>
<mBrickRotation>104.999985</mBrickRotation>
<corners>
<point>4</point>
<point>5</point>
<point>0</point>
<point>9</point>
</corners>
</brick>
</ent>
<ent>
<class>6</class>
<mCollidable>true</mCollidable>
<mMoving>true</mMoving>
<mImageDX>0.000004</mImageDX>
<mImageDY>0.320824</mImageDY>
<pegInfo>
<mVariable>true</mVariable>
</pegInfo>
<poly>
<mAllowFlash>true</mAllowFlash>
<mx>500.000000</mx>
<my>350.000000</my>
</poly>
<brick>
<mLeftAnchored>true</mLeftAnchored>
<mRightAnchored>true</mRightAnchored>
<mBrickTextureFlip>true</mBrickTextureFlip>
<mBrickNumSubdiv>3</mBrickNumSubdiv>
<mBrickAngle>15.000000</mBrickAngle>
<mBrickThickness>19.999989</mBrickThickness>
<mBrickRadius>75.000000</mBrickRadius>
<mBrickRotation>89.999939</mBrickRotation>
<corners>
<point>4</point>
<point>5</point>
<point>0</point>
<point>9</point>
</corners>
</brick>
</ent>
<ent>
<class>6</class>
<mCollidable>true</mCollidable>
<mMoving>true</mMoving>
<mImageDX>1.072576</mImageDX>
<mImageDY>0.364586</mImageDY>
<pegInfo>
<mVariable>true</mVariable>
</pegInfo>
<poly>
<mAllowFlash>true</mAllowFlash>
<mx>521.999634</mx>
<my>352.896362</my>
</poly>
<brick>
<mLeftAnchored>true</mLeftAnchored>
<mRightAnchored>true</mRightAnchored>
<mBrickTextureFlip>true</mBrickTextureFlip>
<mBrickNumSubdiv>3</mBrickNumSubdiv>
<mBrickAngle>15.000000</mBrickAngle>
<mBrickThickness>19.999992</mBrickThickness>
<mBrickRadius>75.000000</mBrickRadius>
<mBrickRotation>74.999962</mBrickRotation>
<corners>
<point>4</point>
<point>5</point>
<point>0</point>
<point>9</point>
</corners>
</brick>
</ent>
<ent>
<class>6</class>
<mCollidable>true</mCollidable>
<mMoving>true</mMoving>
<mImageDX>0.766795</mImageDX>
<mImageDY>-0.022869</mImageDY>
<pegInfo>
<mVariable>true</mVariable>
</pegInfo>
<poly>
<mAllowFlash>true</mAllowFlash>
<mx>542.500000</mx>
<my>361.387878</my>
</poly>
<brick>
<mLeftAnchored>true</mLeftAnchored>
<mRightAnchored>true</mRightAnchored>
<mBrickTextureFlip>true</mBrickTextureFlip>
<mBrickNumSubdiv>3</mBrickNumSubdiv>
<mBrickAngle>15.000000</mBrickAngle>
<mBrickThickness>19.999987</mBrickThickness>
<mBrickRadius>75.000000</mBrickRadius>
<mBrickRotation>59.999924</mBrickRotation>
<corners>
<point>4</point>
<point>5</point>
<point>0</point>
<point>9</point>
</corners>
</brick>
</ent>
<ent>
<class>6</class>
<mCollidable>true</mCollidable>
<mMoving>true</mMoving>
<mImageDX>0.408756</mImageDX>
<mImageDY>-0.408760</mImageDY>
<pegInfo>
<mVariable>true</mVariable>
</pegInfo>
<poly>
<mAllowFlash>true</mAllowFlash>
<mx>560.104065</mx>
<my>374.895996</my>
</poly>
<brick>
<mLeftAnchored>true</mLeftAnchored>
<mRightAnchored>true</mRightAnchored>
<mBrickTextureFlip>true</mBrickTextureFlip>
<mBrickNumSubdiv>3</mBrickNumSubdiv>
<mBrickAngle>15.000000</mBrickAngle>
<mBrickThickness>19.999977</mBrickThickness>
<mBrickRadius>75.000000</mBrickRadius>
<mBrickRotation>44.999935</mBrickRotation>
<corners>
<point>4</point>
<point>5</point>
<point>0</point>
<point>9</point>
</corners>
</brick>
</ent>
<ent>
<class>6</class>
<mCollidable>true</mCollidable>
<mMoving>true</mMoving>
<mImageDX>-0.408756</mImageDX>
<mImageDY>0.408762</mImageDY>
<pegInfo>
<mVariable>true</mVariable>
</pegInfo>
<poly>
<mAllowFlash>true</mAllowFlash>
<mx>574.765991</mx>
<my>391.614746</my>
</poly>
<brick>
<mLeftAnchored>true</mLeftAnchored>
<mRightAnchored>true</mRightAnchored>
<mBrickNumSubdiv>3</mBrickNumSubdiv>
<mBrickAngle>15.000000</mBrickAngle>
<mBrickThickness>19.999973</mBrickThickness>
<mBrickRadius>75.000000</mBrickRadius>
<mBrickRotation>224.999908</mBrickRotation>
<corners>
<point>4</point>
<point>5</point>
<point>0</point>
<point>9</point>
</corners>
</brick>
</ent>
<ent>
<class>6</class>
<mCollidable>true</mCollidable>
<mMoving>true</mMoving>
<mImageDX>-0.766787</mImageDX>
<mImageDY>0.022867</mImageDY>
<pegInfo>
<mVariable>true</mVariable>
</pegInfo>
<poly>
<mAllowFlash>true</mAllowFlash>
<mx>592.369995</mx>
<my>405.122864</my>
</poly>
<brick>
<mLeftAnchored>true</mLeftAnchored>
<mRightAnchored>true</mRightAnchored>
<mBrickNumSubdiv>3</mBrickNumSubdiv>
<mBrickAngle>15.000000</mBrickAngle>
<mBrickThickness>19.999966</mBrickThickness>
<mBrickRadius>75.000000</mBrickRadius>
<mBrickRotation>-120.000084</mBrickRotation>
<corners>
<point>4</point>
<point>5</point>
<point>0</point>
<point>9</point>
</corners>
</brick>
</ent>
<ent>
<class>6</class>
<mCollidable>true</mCollidable>
<mMoving>true</mMoving>
<mImageDX>-1.072568</mImageDX>
<mImageDY>-0.364586</mImageDY>
<pegInfo>
<mVariable>true</mVariable>
</pegInfo>
<poly>
<mAllowFlash>true</mAllowFlash>
<mx>612.870361</mx>
<my>413.614441</my>
</poly>
<brick>
<mLeftAnchored>true</mLeftAnchored>
<mRightAnchored>true</mRightAnchored>
<mBrickNumSubdiv>3</mBrickNumSubdiv>
<mBrickAngle>15.000000</mBrickAngle>
<mBrickThickness>19.999973</mBrickThickness>
<mBrickRadius>75.000000</mBrickRadius>
<mBrickRotation>-105.000084</mBrickRotation>
<corners>
<point>4</point>
<point>5</point>
<point>0</point>
<point>9</point>
</corners>
</brick>
</ent>
<ent>
<class>6</class>
<mCollidable>true</mCollidable>
<mMoving>true</mMoving>
<mImageDX>-0.000011</mImageDX>
<mImageDY>-0.320824</mImageDY>
<pegInfo>
<mVariable>true</mVariable>
<mCrumble>true</mCrumble>
</pegInfo>
<poly>
<mAllowFlash>true</mAllowFlash>
<mx>634.869873</mx>
<my>416.510742</my>
</poly>
<brick>
<mLeftAnchored>true</mLeftAnchored>
<mBrickNumSubdiv>3</mBrickNumSubdiv>
<mBrickAngle>15.000000</mBrickAngle>
<mBrickThickness>19.999962</mBrickThickness>
<mBrickRadius>75.000000</mBrickRadius>
<mBrickRotation>-90.000038</mBrickRotation>
<corners>
<point>4</point>
<point>5</point>
<point>0</point>
<point>9</point>
</corners>
</brick>
</ent>
<ent>
<class>5</class>
<mCollidable>true</mCollidable>
<mMoving>true</mMoving>
<ball>
<mIsPeg>true</mIsPeg>
<mCollidesWithOtherBalls>true</mCollidesWithOtherBalls>
<mx>325.000000</mx>
<my>375.000000</my>
<mRadius>30.000000</mRadius>
</ball>
</ent>
<ent>
<class>5</class>
<mCollidable>true</mCollidable>
<mMoving>true</mMoving>
<pegInfo>
<mVariable>true</mVariable>
</pegInfo>
<ball>
<mIsPeg>true</mIsPeg>
<mCollidesWithOtherBalls>true</mCollidesWithOtherBalls>
<mx>120.000000</mx>
<my>390.000000</my>
<mRadius>10.000000</mRadius>
</ball>
</ent>
<ent>
<class>5</class>
<mCollidable>true</mCollidable>
<mMoving>true</mMoving>
<pegInfo>
<mVariable>true</mVariable>
</pegInfo>
<ball>
<mIsPeg>true</mIsPeg>
<mCollidesWithOtherBalls>true</mCollidesWithOtherBalls>
<mx>170.000000</mx>
<my>390.000000</my>
<mRadius>10.000000</mRadius>
</ball>
</ent>
<ent>
<class>5</class>
<mCollidable>true</mCollidable>
<mMoving>true</mMoving>
<pegInfo>
<mVariable>true</mVariable>
</pegInfo>
<ball>
<mIsPeg>true</mIsPeg>
<mCollidesWithOtherBalls>true</mCollidesWithOtherBalls>
<mx>145.000000</mx>
<my>415.000000</my>
<mRadius>10.000000</mRadius>
</ball>
</ent>
<ent>
<class>5</class>
<mCollidable>true</mCollidable>
<mMoving>true</mMoving>
<pegInfo>
<mVariable>true</mVariable>
</pegInfo>
<ball>
<mIsPeg>true</mIsPeg>
<mCollidesWithOtherBalls>true</mCollidesWithOtherBalls>
<mx>25.000000</mx>
<my>445.000000</my>
<mRadius>10.000000</mRadius>
</ball>
</ent>
<ent>
<class>5</class>
<mCollidable>true</mCollidable>
<mMoving>true</mMoving>
<pegInfo>
<mVariable>true</mVariable>
</pegInfo>
<ball>
<mIsPeg>true</mIsPeg>
<mCollidesWithOtherBalls>true</mCollidesWithOtherBalls>
<mx>60.000000</mx>
<my>445.000000</my>
<mRadius>10.000000</mRadius>
</ball>
</ent>
<ent>
<class>5</class>
<mCollidable>true</mCollidable>
<mMoving>true</mMoving>
<pegInfo>
<mVariable>true</mVariable>
</pegInfo>
<ball>
<mIsPeg>true</mIsPeg>
<mCollidesWithOtherBalls>true</mCollidesWithOtherBalls>
<mx>95.000000</mx>
<my>445.000000</my>
<mRadius>10.000000</mRadius>
</ball>
</ent>
<ent>
<class>5</class>
<mCollidable>true</mCollidable>
<mMoving>true</mMoving>
<pegInfo>
<mVariable>true</mVariable>
</pegInfo>
<ball>
<mIsPeg>true</mIsPeg>
<mCollidesWithOtherBalls>true</mCollidesWithOtherBalls>
<mx>130.000000</mx>
<my>445.000000</my>
<mRadius>10.000000</mRadius>
</ball>
</ent>
<ent>
<class>5</class>
<mCollidable>true</mCollidable>
<mMoving>true</mMoving>
<pegInfo>
<mVariable>true</mVariable>
</pegInfo>
<ball>
<mIsPeg>true</mIsPeg>
<mCollidesWithOtherBalls>true</mCollidesWithOtherBalls>
<mx>165.000000</mx>
<my>445.000000</my>
<mRadius>10.000000</mRadius>
</ball>
</ent>
<ent>
<class>5</class>
<mCollidable>true</mCollidable>
<mMoving>true</mMoving>
<pegInfo>
<mVariable>true</mVariable>
</pegInfo>
<ball>
<mIsPeg>true</mIsPeg>
<mCollidesWithOtherBalls>true</mCollidesWithOtherBalls>
<mx>200.000000</mx>
<my>445.000000</my>
<mRadius>10.000000</mRadius>
</ball>
</ent>
<ent>
<class>5</class>
<mCollidable>true</mCollidable>
<mMoving>true</mMoving>
<pegInfo>
<mVariable>true</mVariable>
</pegInfo>
<ball>
<mIsPeg>true</mIsPeg>
<mCollidesWithOtherBalls>true</mCollidesWithOtherBalls>
<mx>235.000000</mx>
<my>445.000000</my>
<mRadius>10.000000</mRadius>
</ball>
</ent>
<ent>
<class>5</class>
<mCollidable>true</mCollidable>
<mMoving>true</mMoving>
<pegInfo>
<mVariable>true</mVariable>
</pegInfo>
<ball>
<mIsPeg>true</mIsPeg>
<mCollidesWithOtherBalls>true</mCollidesWithOtherBalls>
<mx>270.000000</mx>
<my>445.000000</my>
<mRadius>10.000000</mRadius>
</ball>
</ent>
<ent>
<class>5</class>
<mCollidable>true</mCollidable>
<mMoving>true</mMoving>
<pegInfo>
<mVariable>true</mVariable>
</pegInfo>
<ball>
<mIsPeg>true</mIsPeg>
<mCollidesWithOtherBalls>true</mCollidesWithOtherBalls>
<mx>380.000000</mx>
<my>445.000000</my>
<mRadius>10.000000</mRadius>
</ball>
</ent>
<ent>
<class>5</class>
<mCollidable>true</mCollidable>
<mMoving>true</mMoving>
<pegInfo>
<mVariable>true</mVariable>
</pegInfo>
<ball>
<mIsPeg>true</mIsPeg>
<mCollidesWithOtherBalls>true</mCollidesWithOtherBalls>
<mx>415.000000</mx>
<my>445.000000</my>
<mRadius>10.000000</mRadius>
</ball>
</ent>
<ent>
<class>5</class>
<mCollidable>true</mCollidable>
<mMoving>true</mMoving>
<pegInfo>
<mVariable>true</mVariable>
</pegInfo>
<ball>
<mIsPeg>true</mIsPeg>
<mCollidesWithOtherBalls>true</mCollidesWithOtherBalls>
<mx>450.000000</mx>
<my>445.000000</my>
<mRadius>10.000000</mRadius>
</ball>
</ent>
<ent>
<class>5</class>
<mCollidable>true</mCollidable>
<mMoving>true</mMoving>
<pegInfo>
<mVariable>true</mVariable>
</pegInfo>
<ball>
<mIsPeg>true</mIsPeg>
<mCollidesWithOtherBalls>true</mCollidesWithOtherBalls>
<mx>485.000000</mx>
<my>445.000000</my>
<mRadius>10.000000</mRadius>
</ball>
</ent>
<ent>
<class>5</class>
<mCollidable>true</mCollidable>
<mMoving>true</mMoving>
<pegInfo>
<mVariable>true</mVariable>
</pegInfo>
<ball>
<mIsPeg>true</mIsPeg>
<mCollidesWithOtherBalls>true</mCollidesWithOtherBalls>
<mx>520.000000</mx>
<my>445.000000</my>
<mRadius>10.000000</mRadius>
</ball>
</ent>
<ent>
<class>5</class>
<mCollidable>true</mCollidable>
<mMoving>true</mMoving>
<pegInfo>
<mVariable>true</mVariable>
</pegInfo>
<ball>
<mIsPeg>true</mIsPeg>
<mCollidesWithOtherBalls>true</mCollidesWithOtherBalls>
<mx>555.000000</mx>
<my>445.000000</my>
<mRadius>10.000000</mRadius>
</ball>
</ent>
<ent>
<class>5</class>
<mCollidable>true</mCollidable>
<mMoving>true</mMoving>
<pegInfo>
<mVariable>true</mVariable>
</pegInfo>
<ball>
<mIsPeg>true</mIsPeg>
<mCollidesWithOtherBalls>true</mCollidesWithOtherBalls>
<mx>590.000000</mx>
<my>445.000000</my>
<mRadius>10.000000</mRadius>
</ball>
</ent>
<ent>
<class>5</class>
<mCollidable>true</mCollidable>
<mMoving>true</mMoving>
<pegInfo>
<mVariable>true</mVariable>
</pegInfo>
<ball>
<mIsPeg>true</mIsPeg>
<mCollidesWithOtherBalls>true</mCollidesWithOtherBalls>
<mx>625.000000</mx>
<my>445.000000</my>
<mRadius>10.000000</mRadius>
</ball>
</ent>
<ent>
<class>5</class>
<mCollidable>true</mCollidable>
<mMoving>true</mMoving>
<pegInfo>
<mVariable>true</mVariable>
</pegInfo>
<ball>
<mIsPeg>true</mIsPeg>
<mCollidesWithOtherBalls>true</mCollidesWithOtherBalls>
<mx>305.000000</mx>
<my>445.000000</my>
<mRadius>10.000000</mRadius>
</ball>
</ent>
<ent>
<class>5</class>
<mCollidable>true</mCollidable>
<mMoving>true</mMoving>
<pegInfo>
<mVariable>true</mVariable>
</pegInfo>
<ball>
<mIsPeg>true</mIsPeg>
<mCollidesWithOtherBalls>true</mCollidesWithOtherBalls>
<mx>340.000000</mx>
<my>445.000000</my>
<mRadius>10.000000</mRadius>
</ball>
</ent>
<ent>
<class>5</class>
<mCollidable>true</mCollidable>
<mMoving>true</mMoving>
<pegInfo>
<mVariable>true</mVariable>
</pegInfo>
<ball>
<mIsPeg>true</mIsPeg>
<mCollidesWithOtherBalls>true</mCollidesWithOtherBalls>
<mx>475.000000</mx>
<my>390.000000</my>
<mRadius>10.000000</mRadius>
</ball>
</ent>
<ent>
<class>5</class>
<mCollidable>true</mCollidable>
<mMoving>true</mMoving>
<pegInfo>
<mVariable>true</mVariable>
</pegInfo>
<ball>
<mIsPeg>true</mIsPeg>
<mCollidesWithOtherBalls>true</mCollidesWithOtherBalls>
<mx>525.000000</mx>
<my>390.000000</my>
<mRadius>10.000000</mRadius>
</ball>
</ent>
<ent>
<class>5</class>
<mCollidable>true</mCollidable>
<mMoving>true</mMoving>
<pegInfo>
<mVariable>true</mVariable>
</pegInfo>
<ball>
<mIsPeg>true</mIsPeg>
<mCollidesWithOtherBalls>true</mCollidesWithOtherBalls>
<mx>500.000000</mx>
<my>415.000000</my>
<mRadius>10.000000</mRadius>
</ball>
</ent>
<ent>
<class>5</class>
<mCollidable>true</mCollidable>
<mMoving>true</mMoving>
<ball>
<mIsPeg>true</mIsPeg>
<mCollidesWithOtherBalls>true</mCollidesWithOtherBalls>
<mx>45.000000</mx>
<my>275.000000</my>
<mRadius>30.000000</mRadius>
</ball>
</ent>
<ent>
<class>5</class>
<mCollidable>true</mCollidable>
<mMoving>true</mMoving>
<ball>
<mIsPeg>true</mIsPeg>
<mCollidesWithOtherBalls>true</mCollidesWithOtherBalls>
<mx>605.000000</mx>
<my>275.000000</my>
<mRadius>30.000000</mRadius>
</ball>
</ent>
<ent>
<class>5</class>
<mCollidable>true</mCollidable>
<mMoving>true</mMoving>
<pegInfo>
<mVariable>true</mVariable>
</pegInfo>
<ball>
<mIsPeg>true</mIsPeg>
<mCollidesWithOtherBalls>true</mCollidesWithOtherBalls>
<mx>25.000000</mx>
<my>370.000000</my>
<mRadius>10.000000</mRadius>
</ball>
</ent>
<ent>
<class>5</class>
<mCollidable>true</mCollidable>
<mMoving>true</mMoving>
<pegInfo>
<mVariable>true</mVariable>
</pegInfo>
<ball>
<mIsPeg>true</mIsPeg>
<mCollidesWithOtherBalls>true</mCollidesWithOtherBalls>
<mx>60.000000</mx>
<my>345.000000</my>
<mRadius>10.000000</mRadius>
</ball>
</ent>
<ent>
<class>5</class>
<mCollidable>true</mCollidable>
<mMoving>true</mMoving>
<pegInfo>
<mVariable>true</mVariable>
</pegInfo>
<ball>
<mIsPeg>true</mIsPeg>
<mCollidesWithOtherBalls>true</mCollidesWithOtherBalls>
<mx>90.000000</mx>
<my>320.000000</my>
<mRadius>10.000000</mRadius>
</ball>
</ent>
<ent>
<class>5</class>
<mCollidable>true</mCollidable>
<mMoving>true</mMoving>
<pegInfo>
<mVariable>true</mVariable>
</pegInfo>
<ball>
<mIsPeg>true</mIsPeg>
<mCollidesWithOtherBalls>true</mCollidesWithOtherBalls>
<mx>130.000000</mx>
<my>305.000000</my>
<mRadius>10.000000</mRadius>
</ball>
</ent>
<ent>
<class>5</class>
<mCollidable>true</mCollidable>
<mMoving>true</mMoving>
<pegInfo>
<mVariable>true</mVariable>
</pegInfo>
<ball>
<mIsPeg>true</mIsPeg>
<mCollidesWithOtherBalls>true</mCollidesWithOtherBalls>
<mx>175.000000</mx>
<my>305.000000</my>
<mRadius>10.000000</mRadius>
</ball>
</ent>
<ent>
<class>5</class>
<mCollidable>true</mCollidable>
<mMoving>true</mMoving>
<pegInfo>
<mVariable>true</mVariable>
</pegInfo>
<ball>
<mIsPeg>true</mIsPeg>
<mCollidesWithOtherBalls>true</mCollidesWithOtherBalls>
<mx>210.000000</mx>
<my>325.000000</my>
<mRadius>10.000000</mRadius>
</ball>
</ent>
<ent>
<class>5</class>
<mCollidable>true</mCollidable>
<mMoving>true</mMoving>
<pegInfo>
<mVariable>true</mVariable>
</pegInfo>
<ball>
<mIsPeg>true</mIsPeg>
<mCollidesWithOtherBalls>true</mCollidesWithOtherBalls>
<mx>240.000000</mx>
<my>350.000000</my>
<mRadius>10.000000</mRadius>
</ball>
</ent>
<ent>
<class>5</class>
<mCollidable>true</mCollidable>
<mMoving>true</mMoving>
<pegInfo>
<mVariable>true</mVariable>
</pegInfo>
<ball>
<mIsPeg>true</mIsPeg>
<mCollidesWithOtherBalls>true</mCollidesWithOtherBalls>
<mx>270.000000</mx>
<my>370.000000</my>
<mRadius>10.000000</mRadius>
</ball>
</ent>
<ent>
<class>5</class>
<mCollidable>true</mCollidable>
<mMoving>true</mMoving>
<pegInfo>
<mVariable>true</mVariable>
</pegInfo>
<ball>
<mIsPeg>true</mIsPeg>
<mCollidesWithOtherBalls>true</mCollidesWithOtherBalls>
<mx>380.000000</mx>
<my>370.000000</my>
<mRadius>10.000000</mRadius>
</ball>
</ent>
<ent>
<class>5</class>
<mCollidable>true</mCollidable>
<mMoving>true</mMoving>
<pegInfo>
<mVariable>true</mVariable>
</pegInfo>
<ball>
<mIsPeg>true</mIsPeg>
<mCollidesWithOtherBalls>true</mCollidesWithOtherBalls>
<mx>410.000000</mx>
<my>345.000000</my>
<mRadius>10.000000</mRadius>
</ball>
</ent>
<ent>
<class>5</class>
<mCollidable>true</mCollidable>
<mMoving>true</mMoving>
<pegInfo>
<mVariable>true</mVariable>
</pegInfo>
<ball>
<mIsPeg>true</mIsPeg>
<mCollidesWithOtherBalls>true</mCollidesWithOtherBalls>
<mx>440.000000</mx>
<my>320.000000</my>
<mRadius>10.000000</mRadius>
</ball>
</ent>
<ent>
<class>5</class>
<mCollidable>true</mCollidable>
<mMoving>true</mMoving>
<pegInfo>
<mVariable>true</mVariable>
</pegInfo>
<ball>
<mIsPeg>true</mIsPeg>
<mCollidesWithOtherBalls>true</mCollidesWithOtherBalls>
<mx>480.000000</mx>
<my>305.000000</my>
<mRadius>10.000000</mRadius>
</ball>
</ent>
<ent>
<class>5</class>
<mCollidable>true</mCollidable>
<mMoving>true</mMoving>
<pegInfo>
<mVariable>true</mVariable>
</pegInfo>
<ball>
<mIsPeg>true</mIsPeg>
<mCollidesWithOtherBalls>true</mCollidesWithOtherBalls>
<mx>525.000000</mx>
<my>305.000000</my>
<mRadius>10.000000</mRadius>
</ball>
</ent>
<ent>
<class>5</class>
<mCollidable>true</mCollidable>
<mMoving>true</mMoving>
<pegInfo>
<mVariable>true</mVariable>
</pegInfo>
<ball>
<mIsPeg>true</mIsPeg>
<mCollidesWithOtherBalls>true</mCollidesWithOtherBalls>
<mx>560.000000</mx>
<my>325.000000</my>
<mRadius>10.000000</mRadius>
</ball>
</ent>
<ent>
<class>5</class>
<mCollidable>true</mCollidable>
<mMoving>true</mMoving>
<pegInfo>
<mVariable>true</mVariable>
</pegInfo>
<ball>
<mIsPeg>true</mIsPeg>
<mCollidesWithOtherBalls>true</mCollidesWithOtherBalls>
<mx>590.000000</mx>
<my>350.000000</my>
<mRadius>10.000000</mRadius>
</ball>
</ent>
<ent>
<class>5</class>
<mCollidable>true</mCollidable>
<mMoving>true</mMoving>
<pegInfo>
<mVariable>true</mVariable>
</pegInfo>
<ball>
<mIsPeg>true</mIsPeg>
<mCollidesWithOtherBalls>true</mCollidesWithOtherBalls>
<mx>625.000000</mx>
<my>370.000000</my>
<mRadius>10.000000</mRadius>
</ball>
</ent>
<ent>
<class>5</class>
<mCollidable>true</mCollidable>
<mMoving>true</mMoving>
<pegInfo>
<mVariable>true</mVariable>
</pegInfo>
<ball>
<mIsPeg>true</mIsPeg>
<mCollidesWithOtherBalls>true</mCollidesWithOtherBalls>
<mx>25.000000</mx>
<my>205.000000</my>
<mRadius>10.000000</mRadius>
</ball>
</ent>
<ent>
<class>5</class>
<mCollidable>true</mCollidable>
<mMoving>true</mMoving>
<pegInfo>
<mVariable>true</mVariable>
</pegInfo>
<ball>
<mIsPeg>true</mIsPeg>
<mCollidesWithOtherBalls>true</mCollidesWithOtherBalls>
<mx>60.000000</mx>
<my>205.000000</my>
<mRadius>10.000000</mRadius>
</ball>
</ent>
<ent>
<class>5</class>
<mCollidable>true</mCollidable>
<mMoving>true</mMoving>
<pegInfo>
<mVariable>true</mVariable>
</pegInfo>
<ball>
<mIsPeg>true</mIsPeg>
<mCollidesWithOtherBalls>true</mCollidesWithOtherBalls>
<mx>95.000000</mx>
<my>205.000000</my>
<mRadius>10.000000</mRadius>
</ball>
</ent>
<ent>
<class>5</class>
<mCollidable>true</mCollidable>
<mMoving>true</mMoving>
<pegInfo>
<mVariable>true</mVariable>
</pegInfo>
<ball>
<mIsPeg>true</mIsPeg>
<mCollidesWithOtherBalls>true</mCollidesWithOtherBalls>
<mx>130.000000</mx>
<my>205.000000</my>
<mRadius>10.000000</mRadius>
</ball>
</ent>
<ent>
<class>5</class>
<mCollidable>true</mCollidable>
<mMoving>true</mMoving>
<pegInfo>
<mVariable>true</mVariable>
</pegInfo>
<ball>
<mIsPeg>true</mIsPeg>
<mCollidesWithOtherBalls>true</mCollidesWithOtherBalls>
<mx>65.000000</mx>
<my>165.000000</my>
<mRadius>10.000000</mRadius>
</ball>
</ent>
<ent>
<class>5</class>
<mCollidable>true</mCollidable>
<mMoving>true</mMoving>
<pegInfo>
<mVariable>true</mVariable>
</pegInfo>
<ball>
<mIsPeg>true</mIsPeg>
<mCollidesWithOtherBalls>true</mCollidesWithOtherBalls>
<mx>100.000000</mx>
<my>165.000000</my>
<mRadius>10.000000</mRadius>
</ball>
</ent>
<ent>
<class>5</class>
<mCollidable>true</mCollidable>
<mMoving>true</mMoving>
<pegInfo>
<mVariable>true</mVariable>
</pegInfo>
<ball>
<mIsPeg>true</mIsPeg>
<mCollidesWithOtherBalls>true</mCollidesWithOtherBalls>
<mx>135.000000</mx>
<my>165.000000</my>
<mRadius>10.000000</mRadius>
</ball>
</ent>
<ent>
<class>5</class>
<mCollidable>true</mCollidable>
<mMoving>true</mMoving>
<pegInfo>
<mVariable>true</mVariable>
</pegInfo>
<ball>
<mIsPeg>true</mIsPeg>
<mCollidesWithOtherBalls>true</mCollidesWithOtherBalls>
<mx>170.000000</mx>
<my>165.000000</my>
<mRadius>10.000000</mRadius>
</ball>
</ent>
<ent>
<class>5</class>
<mCollidable>true</mCollidable>
<mMoving>true</mMoving>
<pegInfo>
<mVariable>true</mVariable>
</pegInfo>
<ball>
<mIsPeg>true</mIsPeg>
<mCollidesWithOtherBalls>true</mCollidesWithOtherBalls>
<mx>105.000000</mx>
<my>125.000000</my>
<mRadius>10.000000</mRadius>
</ball>
</ent>
<ent>
<class>5</class>
<mCollidable>true</mCollidable>
<mMoving>true</mMoving>
<pegInfo>
<mVariable>true</mVariable>
</pegInfo>
<ball>
<mIsPeg>true</mIsPeg>
<mCollidesWithOtherBalls>true</mCollidesWithOtherBalls>
<mx>140.000000</mx>
<my>125.000000</my>
<mRadius>10.000000</mRadius>
</ball>
</ent>
<ent>
<class>5</class>
<mCollidable>true</mCollidable>
<mMoving>true</mMoving>
<pegInfo>
<mVariable>true</mVariable>
</pegInfo>
<ball>
<mIsPeg>true</mIsPeg>
<mCollidesWithOtherBalls>true</mCollidesWithOtherBalls>
<mx>175.000000</mx>
<my>125.000000</my>
<mRadius>10.000000</mRadius>
</ball>
</ent>
<ent>
<class>5</class>
<mCollidable>true</mCollidable>
<mMoving>true</mMoving>
<pegInfo>
<mVariable>true</mVariable>
</pegInfo>
<ball>
<mIsPeg>true</mIsPeg>
<mCollidesWithOtherBalls>true</mCollidesWithOtherBalls>
<mx>210.000000</mx>
<my>125.000000</my>
<mRadius>10.000000</mRadius>
</ball>
</ent>
<ent>
<class>5</class>
<mCollidable>true</mCollidable>
<mMoving>true</mMoving>
<pegInfo>
<mVariable>true</mVariable>
</pegInfo>
<ball>
<mIsPeg>true</mIsPeg>
<mCollidesWithOtherBalls>true</mCollidesWithOtherBalls>
<mx>625.000000</mx>
<my>205.000000</my>
<mRadius>10.000000</mRadius>
</ball>
</ent>
<ent>
<class>5</class>
<mCollidable>true</mCollidable>
<mMoving>true</mMoving>
<pegInfo>
<mVariable>true</mVariable>
</pegInfo>
<ball>
<mIsPeg>true</mIsPeg>
<mCollidesWithOtherBalls>true</mCollidesWithOtherBalls>
<mx>590.000000</mx>
<my>205.000000</my>
<mRadius>10.000000</mRadius>
</ball>
</ent>
<ent>
<class>5</class>
<mCollidable>true</mCollidable>
<mMoving>true</mMoving>
<pegInfo>
<mVariable>true</mVariable>
</pegInfo>
<ball>
<mIsPeg>true</mIsPeg>
<mCollidesWithOtherBalls>true</mCollidesWithOtherBalls>
<mx>555.000000</mx>
<my>205.000000</my>
<mRadius>10.000000</mRadius>
</ball>
</ent>
<ent>
<class>5</class>
<mCollidable>true</mCollidable>
<mMoving>true</mMoving>
<pegInfo>
<mVariable>true</mVariable>
</pegInfo>
<ball>
<mIsPeg>true</mIsPeg>
<mCollidesWithOtherBalls>true</mCollidesWithOtherBalls>
<mx>520.000000</mx>
<my>205.000000</my>
<mRadius>10.000000</mRadius>
</ball>
</ent>
<ent>
<class>5</class>
<mCollidable>true</mCollidable>
<mMoving>true</mMoving>
<pegInfo>
<mVariable>true</mVariable>
</pegInfo>
<ball>
<mIsPeg>true</mIsPeg>
<mCollidesWithOtherBalls>true</mCollidesWithOtherBalls>
<mx>585.000000</mx>
<my>165.000000</my>
<mRadius>10.000000</mRadius>
</ball>
</ent>
<ent>
<class>5</class>
<mCollidable>true</mCollidable>
<mMoving>true</mMoving>
<pegInfo>
<mVariable>true</mVariable>
</pegInfo>
<ball>
<mIsPeg>true</mIsPeg>
<mCollidesWithOtherBalls>true</mCollidesWithOtherBalls>
<mx>550.000000</mx>
<my>165.000000</my>
<mRadius>10.000000</mRadius>
</ball>
</ent>
<ent>
<class>5</class>
<mCollidable>true</mCollidable>
<mMoving>true</mMoving>
<pegInfo>
<mVariable>true</mVariable>
</pegInfo>
<ball>
<mIsPeg>true</mIsPeg>
<mCollidesWithOtherBalls>true</mCollidesWithOtherBalls>
<mx>515.000000</mx>
<my>165.000000</my>
<mRadius>10.000000</mRadius>
</ball>
</ent>
<ent>
<class>5</class>
<mCollidable>true</mCollidable>
<mMoving>true</mMoving>
<pegInfo>
<mVariable>true</mVariable>
</pegInfo>
<ball>
<mIsPeg>true</mIsPeg>
<mCollidesWithOtherBalls>true</mCollidesWithOtherBalls>
<mx>480.000000</mx>
<my>165.000000</my>
<mRadius>10.000000</mRadius>
</ball>
</ent>
<ent>
<class>5</class>
<mCollidable>true</mCollidable>
<mMoving>true</mMoving>
<pegInfo>
<mVariable>true</mVariable>
</pegInfo>
<ball>
<mIsPeg>true</mIsPeg>
<mCollidesWithOtherBalls>true</mCollidesWithOtherBalls>
<mx>545.000000</mx>
<my>125.000000</my>
<mRadius>10.000000</mRadius>
</ball>
</ent>
<ent>
<class>5</class>
<mCollidable>true</mCollidable>
<mMoving>true</mMoving>
<pegInfo>
<mVariable>true</mVariable>
</pegInfo>
<ball>
<mIsPeg>true</mIsPeg>
<mCollidesWithOtherBalls>true</mCollidesWithOtherBalls>
<mx>510.000000</mx>
<my>125.000000</my>
<mRadius>10.000000</mRadius>
</ball>
</ent>
<ent>
<class>5</class>
<mCollidable>true</mCollidable>
<mMoving>true</mMoving>
<pegInfo>
<mVariable>true</mVariable>
</pegInfo>
<ball>
<mIsPeg>true</mIsPeg>
<mCollidesWithOtherBalls>true</mCollidesWithOtherBalls>
<mx>475.000000</mx>
<my>125.000000</my>
<mRadius>10.000000</mRadius>
</ball>
</ent>
<ent>
<class>5</class>
<mCollidable>true</mCollidable>
<mMoving>true</mMoving>
<pegInfo>
<mVariable>true</mVariable>
</pegInfo>
<ball>
<mIsPeg>true</mIsPeg>
<mCollidesWithOtherBalls>true</mCollidesWithOtherBalls>
<mx>440.000000</mx>
<my>125.000000</my>
<mRadius>10.000000</mRadius>
</ball>
</ent>
<ent>
<class>6</class>
<mCollidable>true</mCollidable>
<mMoving>true</mMoving>
<mImageDX>-0.408758</mImageDX>
<mImageDY>0.408762</mImageDY>
<pegInfo>
<mVariable>true</mVariable>
</pegInfo>
<poly>
<mAllowFlash>true</mAllowFlash>
<mx>264.895966</mx>
<my>260.104065</my>
</poly>
<brick>
<mLeftAnchored>true</mLeftAnchored>
<mRightAnchored>true</mRightAnchored>
<mBrickTextureFlip>true</mBrickTextureFlip>
<mBrickNumSubdiv>3</mBrickNumSubdiv>
<mBrickAngle>15.000000</mBrickAngle>
<mBrickThickness>19.999983</mBrickThickness>
<mBrickRadius>75.000000</mBrickRadius>
<mBrickRotation>224.999939</mBrickRotation>
<corners>
<point>4</point>
<point>5</point>
<point>0</point>
<point>9</point>
</corners>
</brick>
</ent>
<ent>
<class>6</class>
<mCollidable>true</mCollidable>
<mMoving>true</mMoving>
<mImageDX>-0.766813</mImageDX>
<mImageDY>0.022860</mImageDY>
<pegInfo>
<mVariable>true</mVariable>
</pegInfo>
<poly>
<mAllowFlash>true</mAllowFlash>
<mx>282.500031</mx>
<my>273.612183</my>
</poly>
<brick>
<mLeftAnchored>true</mLeftAnchored>
<mRightAnchored>true</mRightAnchored>
<mBrickTextureFlip>true</mBrickTextureFlip>
<mBrickNumSubdiv>3</mBrickNumSubdiv>
<mBrickAngle>15.000000</mBrickAngle>
<mBrickThickness>19.999977</mBrickThickness>
<mBrickRadius>75.000000</mBrickRadius>
<mBrickRotation>239.999939</mBrickRotation>
<corners>
<point>4</point>
<point>5</point>
<point>0</point>
<point>9</point>
</corners>
</brick>
</ent>
<ent>
<class>6</class>
<mCollidable>true</mCollidable>
<mMoving>true</mMoving>
<mImageDX>-1.072594</mImageDX>
<mImageDY>-0.364590</mImageDY>
<pegInfo>
<mVariable>true</mVariable>
<mCrumble>true</mCrumble>
</pegInfo>
<poly>
<mAllowFlash>true</mAllowFlash>
<mx>303.000397</mx>
<my>282.103699</my>
</poly>
<brick>
<mLeftAnchored>true</mLeftAnchored>
<mRightAnchored>true</mRightAnchored>
<mBrickTextureFlip>true</mBrickTextureFlip>
<mBrickNumSubdiv>3</mBrickNumSubdiv>
<mBrickAngle>15.000000</mBrickAngle>
<mBrickThickness>19.999975</mBrickThickness>
<mBrickRadius>75.000000</mBrickRadius>
<mBrickRotation>255.000015</mBrickRotation>
<corners>
<point>4</point>
<point>5</point>
<point>0</point>
<point>9</point>
</corners>
</brick>
</ent>
<ent>
<class>6</class>
<mCollidable>true</mCollidable>
<mMoving>true</mMoving>
<mImageDX>0.000031</mImageDX>
<mImageDY>-0.320824</mImageDY>
<pegInfo>
<mVariable>true</mVariable>
<mCrumble>true</mCrumble>
</pegInfo>
<poly>
<mAllowFlash>true</mAllowFlash>
<mx>325.000000</mx>
<my>285.000000</my>
</poly>
<brick>
<mLeftAnchored>true</mLeftAnchored>
<mRightAnchored>true</mRightAnchored>
<mBrickTextureFlip>true</mBrickTextureFlip>
<mBrickNumSubdiv>3</mBrickNumSubdiv>
<mBrickAngle>15.000000</mBrickAngle>
<mBrickThickness>19.999989</mBrickThickness>
<mBrickRadius>75.000000</mBrickRadius>
<mBrickRotation>270.000061</mBrickRotation>
<corners>
<point>4</point>
<point>5</point>
<point>0</point>
<point>9</point>
</corners>
</brick>
</ent>
<ent>
<class>6</class>
<mCollidable>true</mCollidable>
<mMoving>true</mMoving>
<mImageDX>1.072596</mImageDX>
<mImageDY>-0.364586</mImageDY>
<pegInfo>
<mVariable>true</mVariable>
<mCrumble>true</mCrumble>
</pegInfo>
<poly>
<mAllowFlash>true</mAllowFlash>
<mx>346.999634</mx>
<my>282.103638</my>
</poly>
<brick>
<mLeftAnchored>true</mLeftAnchored>
<mRightAnchored>true</mRightAnchored>
<mBrickTextureFlip>true</mBrickTextureFlip>
<mBrickNumSubdiv>3</mBrickNumSubdiv>
<mBrickAngle>15.000000</mBrickAngle>
<mBrickThickness>19.999992</mBrickThickness>
<mBrickRadius>75.000000</mBrickRadius>
<mBrickRotation>285.000031</mBrickRotation>
<corners>
<point>4</point>
<point>5</point>
<point>0</point>
<point>9</point>
</corners>
</brick>
</ent>
<ent>
<class>6</class>
<mCollidable>true</mCollidable>
<mMoving>true</mMoving>
<mImageDX>0.766800</mImageDX>
<mImageDY>0.022867</mImageDY>
<pegInfo>
<mVariable>true</mVariable>
</pegInfo>
<poly>
<mAllowFlash>true</mAllowFlash>
<mx>367.500000</mx>
<my>273.612122</my>
</poly>
<brick>
<mLeftAnchored>true</mLeftAnchored>
<mRightAnchored>true</mRightAnchored>
<mBrickTextureFlip>true</mBrickTextureFlip>
<mBrickNumSubdiv>3</mBrickNumSubdiv>
<mBrickAngle>15.000000</mBrickAngle>
<mBrickThickness>19.999987</mBrickThickness>
<mBrickRadius>75.000000</mBrickRadius>
<mBrickRotation>300.000061</mBrickRotation>
<corners>
<point>4</point>
<point>5</point>
<point>0</point>
<point>9</point>
</corners>
</brick>
</ent>
<ent>
<class>6</class>
<mCollidable>true</mCollidable>
<mMoving>true</mMoving>
<mImageDX>0.408777</mImageDX>
<mImageDY>0.408751</mImageDY>
<pegInfo>
<mVariable>true</mVariable>
</pegInfo>
<poly>
<mAllowFlash>true</mAllowFlash>
<mx>385.104065</mx>
<my>260.104004</my>
</poly>
<brick>
<mLeftAnchored>true</mLeftAnchored>
<mRightAnchored>true</mRightAnchored>
<mBrickTextureFlip>true</mBrickTextureFlip>
<mBrickNumSubdiv>3</mBrickNumSubdiv>
<mBrickAngle>15.000000</mBrickAngle>
<mBrickThickness>19.999977</mBrickThickness>
<mBrickRadius>75.000000</mBrickRadius>
<mBrickRotation>315.000061</mBrickRotation>
<corners>
<point>4</point>
<point>5</point>
<point>0</point>
<point>9</point>
</corners>
</brick>
</ent>
<ent>
<class>6</class>
<mCollidable>true</mCollidable>
<mMoving>true</mMoving>
<mImageDX>-0.035034</mImageDX>
<mImageDY>0.459040</mImageDY>
<pegInfo>
<mVariable>true</mVariable>
</pegInfo>
<poly>
<mAllowFlash>true</mAllowFlash>
<mx>250.809875</mx>
<my>242.097351</my>
</poly>
<brick>
<mLeftAnchored>true</mLeftAnchored>
<mRightAnchored>true</mRightAnchored>
<mBrickTextureFlip>true</mBrickTextureFlip>
<mBrickNumSubdiv>3</mBrickNumSubdiv>
<mBrickAngle>10.000000</mBrickAngle>
<mBrickThickness>19.999958</mBrickThickness>
<mBrickRadius>125.000000</mBrickRadius>
<mBrickRotation>-147.500000</mBrickRotation>
<corners>
<point>4</point>
<point>5</point>
<point>0</point>
<point>9</point>
</corners>
</brick>
</ent>
<ent>
<class>6</class>
<mCollidable>true</mCollidable>
<mMoving>true</mMoving>
<mImageDX>0.141087</mImageDX>
<mImageDY>0.608622</mImageDY>
<pegInfo>
<mVariable>true</mVariable>
</pegInfo>
<poly>
<mAllowFlash>true</mAllowFlash>
<mx>239.943985</mx>
<my>221.224182</my>
</poly>
<brick>
<mLeftAnchored>true</mLeftAnchored>
<mRightAnchored>true</mRightAnchored>
<mBrickTextureFlip>true</mBrickTextureFlip>
<mBrickNumSubdiv>3</mBrickNumSubdiv>
<mBrickAngle>10.000000</mBrickAngle>
<mBrickThickness>19.999968</mBrickThickness>
<mBrickRadius>125.000000</mBrickRadius>
<mBrickRotation>-157.500000</mBrickRotation>
<corners>
<point>4</point>
<point>5</point>
<point>0</point>
<point>9</point>
</corners>
</brick>
</ent>
<ent>
<class>6</class>
<mCollidable>true</mCollidable>
<mMoving>true</mMoving>
<mImageDX>0.312908</mImageDX>
<mImageDY>0.739725</mImageDY>
<pegInfo>
<mVariable>true</mVariable>
</pegInfo>
<poly>
<mAllowFlash>true</mAllowFlash>
<mx>232.867767</mx>
<my>198.781281</my>
</poly>
<brick>
<mLeftAnchored>true</mLeftAnchored>
<mRightAnchored>true</mRightAnchored>
<mBrickTextureFlip>true</mBrickTextureFlip>
<mBrickNumSubdiv>3</mBrickNumSubdiv>
<mBrickAngle>10.000000</mBrickAngle>
<mBrickThickness>19.999973</mBrickThickness>
<mBrickRadius>125.000000</mBrickRadius>
<mBrickRotation>-167.499969</mBrickRotation>
<corners>
<point>4</point>
<point>5</point>
<point>0</point>
<point>9</point>
</corners>
</brick>
</ent>
<ent>
<class>6</class>
<mCollidable>true</mCollidable>
<mMoving>true</mMoving>
<mImageDX>0.035027</mImageDX>
<mImageDY>0.459047</mImageDY>
<pegInfo>
<mVariable>true</mVariable>
</pegInfo>
<poly>
<mAllowFlash>true</mAllowFlash>
<mx>399.190125</mx>
<my>242.097321</my>
</poly>
<brick>
<mLeftAnchored>true</mLeftAnchored>
<mRightAnchored>true</mRightAnchored>
<mBrickTextureFlip>true</mBrickTextureFlip>
<mBrickNumSubdiv>3</mBrickNumSubdiv>
<mBrickAngle>10.000000</mBrickAngle>
<mBrickThickness>19.999992</mBrickThickness>
<mBrickRadius>125.000000</mBrickRadius>
<mBrickRotation>-32.499973</mBrickRotation>
<corners>
<point>4</point>
<point>5</point>
<point>0</point>
<point>9</point>
</corners>
</brick>
</ent>
<ent>
<class>6</class>
<mCollidable>true</mCollidable>
<mMoving>true</mMoving>
<mImageDX>-0.141090</mImageDX>
<mImageDY>0.608624</mImageDY>
<pegInfo>
<mVariable>true</mVariable>
</pegInfo>
<poly>
<mAllowFlash>true</mAllowFlash>
<mx>410.056000</mx>
<my>221.224121</my>
</poly>
<brick>
<mLeftAnchored>true</mLeftAnchored>
<mRightAnchored>true</mRightAnchored>
<mBrickTextureFlip>true</mBrickTextureFlip>
<mBrickNumSubdiv>3</mBrickNumSubdiv>
<mBrickAngle>10.000000</mBrickAngle>
<mBrickThickness>20.000008</mBrickThickness>
<mBrickRadius>125.000000</mBrickRadius>
<mBrickRotation>-22.499931</mBrickRotation>
<corners>
<point>4</point>
<point>5</point>
<point>0</point>
<point>9</point>
</corners>
</brick>
</ent>
<ent>
<class>6</class>
<mCollidable>true</mCollidable>
<mMoving>true</mMoving>
<mImageDX>-0.312901</mImageDX>
<mImageDY>0.739710</mImageDY>
<pegInfo>
<mVariable>true</mVariable>
</pegInfo>
<poly>
<mAllowFlash>true</mAllowFlash>
<mx>417.132202</mx>
<my>198.781189</my>
</poly>
<brick>
<mLeftAnchored>true</mLeftAnchored>
<mRightAnchored>true</mRightAnchored>
<mBrickTextureFlip>true</mBrickTextureFlip>
<mBrickNumSubdiv>3</mBrickNumSubdiv>
<mBrickAngle>10.000000</mBrickAngle>
<mBrickThickness>19.999996</mBrickThickness>
<mBrickRadius>125.000000</mBrickRadius>
<mBrickRotation>-12.499952</mBrickRotation>
<corners>
<point>4</point>
<point>5</point>
<point>0</point>
<point>9</point>
</corners>
</brick>
</ent>
<ent>
<class>5</class>
<mCollidable>true</mCollidable>
<mMoving>true</mMoving>
<pegInfo>
<mVariable>true</mVariable>
</pegInfo>
<ball>
<mIsPeg>true</mIsPeg>
<mCollidesWithOtherBalls>true</mCollidesWithOtherBalls>
<mx>265.000000</mx>
<my>140.000000</my>
<mRadius>10.000000</mRadius>
</ball>
</ent>
<ent>
<class>5</class>
<mCollidable>true</mCollidable>
<mMoving>true</mMoving>
<pegInfo>
<mVariable>true</mVariable>
</pegInfo>
<ball>
<mIsPeg>true</mIsPeg>
<mCollidesWithOtherBalls>true</mCollidesWithOtherBalls>
<mx>385.000000</mx>
<my>140.000000</my>
<mRadius>10.000000</mRadius>
</ball>
</ent>
<ent>
<class>5</class>
<mCollidable>true</mCollidable>
<mMoving>true</mMoving>
<pegInfo>
<mVariable>true</mVariable>
</pegInfo>
<ball>
<mIsPeg>true</mIsPeg>
<mCollidesWithOtherBalls>true</mCollidesWithOtherBalls>
<mx>325.000000</mx>
<my>205.000000</my>
<mRadius>10.000000</mRadius>
</ball>
</ent>
<ent>
<class>5</class>
<mCollidable>true</mCollidable>
<mMoving>true</mMoving>
<pegInfo>
<mVariable>true</mVariable>
</pegInfo>
<ball>
<mIsPeg>true</mIsPeg>
<mCollidesWithOtherBalls>true</mCollidesWithOtherBalls>
<mx>395.000000</mx>
<my>165.000000</my>
<mRadius>10.000000</mRadius>
</ball>
</ent>
<ent>
<class>5</class>
<mCollidable>true</mCollidable>
<mMoving>true</mMoving>
<pegInfo>
<mVariable>true</mVariable>
</pegInfo>
<ball>
<mIsPeg>true</mIsPeg>
<mCollidesWithOtherBalls>true</mCollidesWithOtherBalls>
<mx>255.000000</mx>
<my>165.000000</my>
<mRadius>10.000000</mRadius>
</ball>
</ent>
<ent>
<class>5</class>
<mCollidable>true</mCollidable>
<mMoving>true</mMoving>
<pegInfo>
<mVariable>true</mVariable>
</pegInfo>
<ball>
<mIsPeg>true</mIsPeg>
<mCollidesWithOtherBalls>true</mCollidesWithOtherBalls>
<mx>325.000000</mx>
<my>175.000000</my>
<mRadius>10.000000</mRadius>
</ball>
</ent>
<ent>
<class>5</class>
<mCollidable>true</mCollidable>
<mMoving>true</mMoving>
<pegInfo>
<mVariable>true</mVariable>
</pegInfo>
<ball>
<mIsPeg>true</mIsPeg>
<mCollidesWithOtherBalls>true</mCollidesWithOtherBalls>
<mx>355.000000</mx>
<my>205.000000</my>
<mRadius>10.000000</mRadius>
</ball>
</ent>
<ent>
<class>5</class>
<mCollidable>true</mCollidable>
<mMoving>true</mMoving>
<pegInfo>
<mVariable>true</mVariable>
</pegInfo>
<ball>
<mIsPeg>true</mIsPeg>
<mCollidesWithOtherBalls>true</mCollidesWithOtherBalls>
<mx>295.000000</mx>
<my>205.000000</my>
<mRadius>10.000000</mRadius>
</ball>
</ent>
<ent>
<class>6</class>
<mCollidable>true</mCollidable>
<mMoving>true</mMoving>
<mImageDX>-0.312893</mImageDX>
<mImageDY>-0.739707</mImageDY>
<pegInfo>
<mVariable>true</mVariable>
</pegInfo>
<poly>
<mAllowFlash>true</mAllowFlash>
<mx>228.777557</mx>
<my>175.584671</my>
</poly>
<brick>
<mLeftAnchored>true</mLeftAnchored>
<mRightAnchored>true</mRightAnchored>
<mBrickNumSubdiv>3</mBrickNumSubdiv>
<mBrickAngle>10.000000</mBrickAngle>
<mBrickThickness>19.999960</mBrickThickness>
<mBrickRadius>125.000000</mBrickRadius>
<mBrickRotation>12.500015</mBrickRotation>
<corners>
<point>4</point>
<point>5</point>
<point>0</point>
<point>9</point>
</corners>
</brick>
</ent>
<ent>
<class>6</class>
<mCollidable>true</mCollidable>
<mMoving>true</mMoving>
<mImageDX>-0.141083</mImageDX>
<mImageDY>-0.608624</mImageDY>
<pegInfo>
<mVariable>true</mVariable>
</pegInfo>
<poly>
<mAllowFlash>true</mAllowFlash>
<mx>221.701340</mx>
<my>153.141754</my>
</poly>
<brick>
<mLeftAnchored>true</mLeftAnchored>
<mBrickNumSubdiv>3</mBrickNumSubdiv>
<mBrickAngle>10.000000</mBrickAngle>
<mBrickThickness>19.999968</mBrickThickness>
<mBrickRadius>125.000000</mBrickRadius>
<mBrickRotation>22.499977</mBrickRotation>
<corners>
<point>4</point>
<point>5</point>
<point>0</point>
<point>9</point>
</corners>
</brick>
</ent>
<ent>
<class>6</class>
<mCollidable>true</mCollidable>
<mMoving>true</mMoving>
<mImageDX>0.312893</mImageDX>
<mImageDY>-0.739710</mImageDY>
<pegInfo>
<mVariable>true</mVariable>
</pegInfo>
<poly>
<mAllowFlash>true</mAllowFlash>
<mx>421.222443</mx>
<my>175.584671</my>
</poly>
<brick>
<mLeftAnchored>true</mLeftAnchored>
<mRightAnchored>true</mRightAnchored>
<mBrickNumSubdiv>3</mBrickNumSubdiv>
<mBrickAngle>10.000000</mBrickAngle>
<mBrickThickness>19.999960</mBrickThickness>
<mBrickRadius>125.000000</mBrickRadius>
<mBrickRotation>167.499985</mBrickRotation>
<corners>
<point>4</point>
<point>5</point>
<point>0</point>
<point>9</point>
</corners>
</brick>
</ent>
<ent>
<class>6</class>
<mCollidable>true</mCollidable>
<mMoving>true</mMoving>
<mImageDX>0.141083</mImageDX>
<mImageDY>-0.608624</mImageDY>
<pegInfo>
<mVariable>true</mVariable>
</pegInfo>
<poly>
<mAllowFlash>true</mAllowFlash>
<mx>428.298645</mx>
<my>153.141754</my>
</poly>
<brick>
<mLeftAnchored>true</mLeftAnchored>
<mBrickNumSubdiv>3</mBrickNumSubdiv>
<mBrickAngle>10.000000</mBrickAngle>
<mBrickThickness>19.999968</mBrickThickness>
<mBrickRadius>125.000000</mBrickRadius>
<mBrickRotation>157.500031</mBrickRotation>
<corners>
<point>4</point>
<point>5</point>
<point>0</point>
<point>9</point>
</corners>
</brick>
</ent>
<ent>
<class>5</class>
<mCollidable>true</mCollidable>
<mMoving>true</mMoving>
<pegInfo>
<mVariable>true</mVariable>
</pegInfo>
<ball>
<mIsPeg>true</mIsPeg>
<mCollidesWithOtherBalls>true</mCollidesWithOtherBalls>
<mx>225.000000</mx>
<my>85.000000</my>
<mRadius>10.000000</mRadius>
</ball>
</ent>
<ent>
<class>5</class>
<mCollidable>true</mCollidable>
<mMoving>true</mMoving>
<pegInfo>
<mVariable>true</mVariable>
</pegInfo>
<ball>
<mIsPeg>true</mIsPeg>
<mCollidesWithOtherBalls>true</mCollidesWithOtherBalls>
<mx>420.000000</mx>
<my>85.000000</my>
<mRadius>10.000000</mRadius>
</ball>
</ent>
</level>
