<level name="levels/export66/sonofowl.dat.xml">
<version>66</version>
<isLevel>true</isLevel>
<ent>
<class>6</class>
<mCollidable>true</mCollidable>
<mMoving>true</mMoving>
<mImageDX>0.813093</mImageDX>
<mImageDY>-0.448818</mImageDY>
<pegInfo>
<mVariable>true</mVariable>
</pegInfo>
<poly>
<mAllowFlash>true</mAllowFlash>
<mx>532.678589</mx>
<my>476.080566</my>
</poly>
<brick>
<mLeftAnchored>true</mLeftAnchored>
<mRightAnchored>true</mRightAnchored>
<mBrickAngle>15.000000</mBrickAngle>
<mBrickThickness>20.000042</mBrickThickness>
<mBrickRadius>125.000000</mBrickRadius>
<mBrickRotation>-67.500000</mBrickRotation>
<corners>
<point>3</point>
<point>4</point>
<point>0</point>
<point>7</point>
</corners>
</brick>
</ent>
<ent>
<class>6</class>
<mCollidable>true</mCollidable>
<mMoving>true</mMoving>
<mImageDX>0.410666</mImageDX>
<mImageDY>-0.019749</mImageDY>
<pegInfo>
<mVariable>true</mVariable>
</pegInfo>
<poly>
<mAllowFlash>true</mAllowFlash>
<mx>563.170044</mx>
<my>458.476318</my>
</poly>
<brick>
<mLeftAnchored>true</mLeftAnchored>
<mRightAnchored>true</mRightAnchored>
<mBrickAngle>15.000000</mBrickAngle>
<mBrickThickness>20.000036</mBrickThickness>
<mBrickRadius>125.000000</mBrickRadius>
<mBrickRotation>-52.500000</mBrickRotation>
<corners>
<point>3</point>
<point>4</point>
<point>0</point>
<point>7</point>
</corners>
</brick>
</ent>
<ent>
<class>6</class>
<mCollidable>true</mCollidable>
<mMoving>true</mMoving>
<mImageDX>-0.019753</mImageDX>
<mImageDY>0.410671</mImageDY>
<pegInfo>
<mVariable>true</mVariable>
</pegInfo>
<poly>
<mAllowFlash>true</mAllowFlash>
<mx>588.066284</mx>
<my>433.580078</my>
</poly>
<brick>
<mLeftAnchored>true</mLeftAnchored>
<mRightAnchored>true</mRightAnchored>
<mBrickAngle>15.000000</mBrickAngle>
<mBrickThickness>20.000021</mBrickThickness>
<mBrickRadius>125.000000</mBrickRadius>
<mBrickRotation>-37.500000</mBrickRotation>
<corners>
<point>3</point>
<point>4</point>
<point>0</point>
<point>7</point>
</corners>
</brick>
</ent>
<ent>
<class>6</class>
<mCollidable>true</mCollidable>
<mMoving>true</mMoving>
<mImageDX>-0.448822</mImageDX>
<mImageDY>0.813099</mImageDY>
<pegInfo>
<mVariable>true</mVariable>
</pegInfo>
<poly>
<mAllowFlash>true</mAllowFlash>
<mx>605.670532</mx>
<my>403.088623</my>
</poly>
<brick>
<mLeftAnchored>true</mLeftAnchored>
<mRightAnchored>true</mRightAnchored>
<mBrickAngle>15.000000</mBrickAngle>
<mBrickThickness>20.000057</mBrickThickness>
<mBrickRadius>125.000000</mBrickRadius>
<mBrickRotation>-22.500000</mBrickRotation>
<corners>
<point>3</point>
<point>4</point>
<point>0</point>
<point>7</point>
</corners>
</brick>
</ent>
<ent>
<class>6</class>
<mCollidable>true</mCollidable>
<mMoving>true</mMoving>
<mImageDX>-0.847301</mImageDX>
<mImageDY>1.160122</mImageDY>
<pegInfo>
<mVariable>true</mVariable>
</pegInfo>
<poly>
<mAllowFlash>true</mAllowFlash>
<mx>614.783203</mx>
<my>369.079773</my>
</poly>
<brick>
<mLeftAnchored>true</mLeftAnchored>
<mRightAnchored>true</mRightAnchored>
<mBrickAngle>15.000000</mBrickAngle>
<mBrickThickness>20.000092</mBrickThickness>
<mBrickRadius>125.000000</mBrickRadius>
<mBrickRotation>-7.500000</mBrickRotation>
<corners>
<point>3</point>
<point>4</point>
<point>0</point>
<point>7</point>
</corners>
</brick>
</ent>
<ent>
<class>6</class>
<mCollidable>true</mCollidable>
<mMoving>true</mMoving>
<mImageDX>-0.847301</mImageDX>
<mImageDY>-1.160124</mImageDY>
<pegInfo>
<mVariable>true</mVariable>
</pegInfo>
<poly>
<mAllowFlash>true</mAllowFlash>
<mx>614.783203</mx>
<my>333.871216</my>
</poly>
<brick>
<mLeftAnchored>true</mLeftAnchored>
<mRightAnchored>true</mRightAnchored>
<mBrickAngle>15.000000</mBrickAngle>
<mBrickThickness>20.000122</mBrickThickness>
<mBrickRadius>125.000000</mBrickRadius>
<mBrickRotation>7.500000</mBrickRotation>
<corners>
<point>3</point>
<point>4</point>
<point>0</point>
<point>7</point>
</corners>
</brick>
</ent>
<ent>
<class>6</class>
<mCollidable>true</mCollidable>
<mMoving>true</mMoving>
<mImageDX>-0.448822</mImageDX>
<mImageDY>-0.813103</mImageDY>
<pegInfo>
<mVariable>true</mVariable>
</pegInfo>
<poly>
<mAllowFlash>true</mAllowFlash>
<mx>605.670532</mx>
<my>299.862396</my>
</poly>
<brick>
<mLeftAnchored>true</mLeftAnchored>
<mRightAnchored>true</mRightAnchored>
<mBrickAngle>15.000000</mBrickAngle>
<mBrickThickness>20.000092</mBrickThickness>
<mBrickRadius>125.000000</mBrickRadius>
<mBrickRotation>22.500000</mBrickRotation>
<corners>
<point>3</point>
<point>4</point>
<point>0</point>
<point>7</point>
</corners>
</brick>
</ent>
<ent>
<class>6</class>
<mCollidable>true</mCollidable>
<mMoving>true</mMoving>
<mImageDX>-0.019756</mImageDX>
<mImageDY>-0.410671</mImageDY>
<pegInfo>
<mVariable>true</mVariable>
</pegInfo>
<poly>
<mAllowFlash>true</mAllowFlash>
<mx>588.066284</mx>
<my>269.370911</my>
</poly>
<brick>
<mLeftAnchored>true</mLeftAnchored>
<mRightAnchored>true</mRightAnchored>
<mBrickAngle>15.000000</mBrickAngle>
<mBrickThickness>20.000065</mBrickThickness>
<mBrickRadius>125.000000</mBrickRadius>
<mBrickRotation>37.500000</mBrickRotation>
<corners>
<point>3</point>
<point>4</point>
<point>0</point>
<point>7</point>
</corners>
</brick>
</ent>
<ent>
<class>6</class>
<mCollidable>true</mCollidable>
<mMoving>true</mMoving>
<mImageDX>0.410673</mImageDX>
<mImageDY>0.019741</mImageDY>
<pegInfo>
<mVariable>true</mVariable>
</pegInfo>
<poly>
<mAllowFlash>true</mAllowFlash>
<mx>563.170044</mx>
<my>244.474731</my>
</poly>
<brick>
<mLeftAnchored>true</mLeftAnchored>
<mRightAnchored>true</mRightAnchored>
<mBrickAngle>15.000000</mBrickAngle>
<mBrickThickness>20.000042</mBrickThickness>
<mBrickRadius>125.000000</mBrickRadius>
<mBrickRotation>52.500000</mBrickRotation>
<corners>
<point>3</point>
<point>4</point>
<point>0</point>
<point>7</point>
</corners>
</brick>
</ent>
<ent>
<class>6</class>
<mCollidable>true</mCollidable>
<mMoving>true</mMoving>
<mImageDX>0.813093</mImageDX>
<mImageDY>0.448818</mImageDY>
<pegInfo>
<mVariable>true</mVariable>
</pegInfo>
<poly>
<mAllowFlash>true</mAllowFlash>
<mx>532.678589</mx>
<my>226.870453</my>
</poly>
<brick>
<mLeftAnchored>true</mLeftAnchored>
<mRightAnchored>true</mRightAnchored>
<mBrickAngle>15.000000</mBrickAngle>
<mBrickThickness>20.000050</mBrickThickness>
<mBrickRadius>125.000000</mBrickRadius>
<mBrickRotation>67.500000</mBrickRotation>
<corners>
<point>3</point>
<point>4</point>
<point>0</point>
<point>7</point>
</corners>
</brick>
</ent>
<ent>
<class>6</class>
<mCollidable>true</mCollidable>
<mMoving>true</mMoving>
<mImageDX>1.160106</mImageDX>
<mImageDY>0.847294</mImageDY>
<pegInfo>
<mVariable>true</mVariable>
</pegInfo>
<poly>
<mAllowFlash>true</mAllowFlash>
<mx>498.669769</mx>
<my>217.757843</my>
</poly>
<brick>
<mLeftAnchored>true</mLeftAnchored>
<mRightAnchored>true</mRightAnchored>
<mBrickAngle>15.000000</mBrickAngle>
<mBrickThickness>20.000050</mBrickThickness>
<mBrickRadius>125.000000</mBrickRadius>
<mBrickRotation>82.500000</mBrickRotation>
<corners>
<point>3</point>
<point>4</point>
<point>0</point>
<point>7</point>
</corners>
</brick>
</ent>
<ent>
<class>6</class>
<mCollidable>true</mCollidable>
<mMoving>true</mMoving>
<mImageDX>-1.160129</mImageDX>
<mImageDY>0.847294</mImageDY>
<pegInfo>
<mVariable>true</mVariable>
</pegInfo>
<poly>
<mAllowFlash>true</mAllowFlash>
<mx>463.461212</mx>
<my>217.757843</my>
</poly>
<brick>
<mLeftAnchored>true</mLeftAnchored>
<mRightAnchored>true</mRightAnchored>
<mBrickAngle>15.000000</mBrickAngle>
<mBrickThickness>20.000046</mBrickThickness>
<mBrickRadius>125.000000</mBrickRadius>
<mBrickRotation>97.500000</mBrickRotation>
<corners>
<point>3</point>
<point>4</point>
<point>0</point>
<point>7</point>
</corners>
</brick>
</ent>
<ent>
<class>6</class>
<mCollidable>true</mCollidable>
<mMoving>true</mMoving>
<mImageDX>-0.813099</mImageDX>
<mImageDY>0.448830</mImageDY>
<pegInfo>
<mVariable>true</mVariable>
</pegInfo>
<poly>
<mAllowFlash>true</mAllowFlash>
<mx>429.452362</mx>
<my>226.870453</my>
</poly>
<brick>
<mLeftAnchored>true</mLeftAnchored>
<mRightAnchored>true</mRightAnchored>
<mBrickAngle>15.000000</mBrickAngle>
<mBrickThickness>20.000050</mBrickThickness>
<mBrickRadius>125.000000</mBrickRadius>
<mBrickRotation>112.500000</mBrickRotation>
<corners>
<point>3</point>
<point>4</point>
<point>0</point>
<point>7</point>
</corners>
</brick>
</ent>
<ent>
<class>6</class>
<mCollidable>true</mCollidable>
<mMoving>true</mMoving>
<mImageDX>1.160106</mImageDX>
<mImageDY>-0.847301</mImageDY>
<pegInfo>
<mVariable>true</mVariable>
<mCrumble>true</mCrumble>
</pegInfo>
<poly>
<mAllowFlash>true</mAllowFlash>
<mx>498.669769</mx>
<my>485.193237</my>
</poly>
<brick>
<mLeftAnchored>true</mLeftAnchored>
<mRightAnchored>true</mRightAnchored>
<mBrickAngle>15.000000</mBrickAngle>
<mBrickThickness>20.000029</mBrickThickness>
<mBrickRadius>125.000000</mBrickRadius>
<mBrickRotation>-82.500000</mBrickRotation>
<corners>
<point>3</point>
<point>4</point>
<point>0</point>
<point>7</point>
</corners>
</brick>
</ent>
<ent>
<class>6</class>
<mCollidable>true</mCollidable>
<mMoving>true</mMoving>
<mImageDX>-1.160127</mImageDX>
<mImageDY>-0.847301</mImageDY>
<pegInfo>
<mVariable>true</mVariable>
<mCrumble>true</mCrumble>
</pegInfo>
<poly>
<mAllowFlash>true</mAllowFlash>
<mx>463.461243</mx>
<my>485.193237</my>
</poly>
<brick>
<mLeftAnchored>true</mLeftAnchored>
<mRightAnchored>true</mRightAnchored>
<mBrickAngle>15.000000</mBrickAngle>
<mBrickThickness>20.000031</mBrickThickness>
<mBrickRadius>125.000000</mBrickRadius>
<mBrickRotation>-97.500000</mBrickRotation>
<corners>
<point>3</point>
<point>4</point>
<point>0</point>
<point>7</point>
</corners>
</brick>
</ent>
<ent>
<class>6</class>
<mCollidable>true</mCollidable>
<mMoving>true</mMoving>
<mImageDX>-0.813099</mImageDX>
<mImageDY>-0.448822</mImageDY>
<pegInfo>
<mVariable>true</mVariable>
</pegInfo>
<poly>
<mAllowFlash>true</mAllowFlash>
<mx>429.452393</mx>
<my>476.080566</my>
</poly>
<brick>
<mLeftAnchored>true</mLeftAnchored>
<mRightAnchored>true</mRightAnchored>
<mBrickAngle>15.000000</mBrickAngle>
<mBrickThickness>20.000019</mBrickThickness>
<mBrickRadius>125.000000</mBrickRadius>
<mBrickRotation>-112.500000</mBrickRotation>
<corners>
<point>3</point>
<point>4</point>
<point>0</point>
<point>7</point>
</corners>
</brick>
</ent>
<ent>
<class>6</class>
<mCollidable>true</mCollidable>
<mMoving>true</mMoving>
<mImageDX>-0.410671</mImageDX>
<mImageDY>-0.019745</mImageDY>
<pegInfo>
<mVariable>true</mVariable>
</pegInfo>
<poly>
<mAllowFlash>true</mAllowFlash>
<mx>398.960907</mx>
<my>458.476318</my>
</poly>
<brick>
<mLeftAnchored>true</mLeftAnchored>
<mRightAnchored>true</mRightAnchored>
<mBrickAngle>15.000000</mBrickAngle>
<mBrickThickness>20.000031</mBrickThickness>
<mBrickRadius>125.000000</mBrickRadius>
<mBrickRotation>-127.500000</mBrickRotation>
<corners>
<point>3</point>
<point>4</point>
<point>0</point>
<point>7</point>
</corners>
</brick>
</ent>
<ent>
<class>6</class>
<mCollidable>true</mCollidable>
<mMoving>true</mMoving>
<mImageDX>-0.813099</mImageDX>
<mImageDY>-0.448818</mImageDY>
<pegInfo>
<mVariable>true</mVariable>
</pegInfo>
<poly>
<mAllowFlash>true</mAllowFlash>
<mx>117.321442</mx>
<my>476.080597</my>
</poly>
<brick>
<mLeftAnchored>true</mLeftAnchored>
<mRightAnchored>true</mRightAnchored>
<mBrickAngle>15.000000</mBrickAngle>
<mBrickThickness>20.000042</mBrickThickness>
<mBrickRadius>125.000000</mBrickRadius>
<mBrickRotation>247.500000</mBrickRotation>
<corners>
<point>3</point>
<point>4</point>
<point>0</point>
<point>7</point>
</corners>
</brick>
</ent>
<ent>
<class>6</class>
<mCollidable>true</mCollidable>
<mMoving>true</mMoving>
<mImageDX>-0.410650</mImageDX>
<mImageDY>-0.019737</mImageDY>
<pegInfo>
<mVariable>true</mVariable>
</pegInfo>
<poly>
<mAllowFlash>true</mAllowFlash>
<mx>86.829987</mx>
<my>458.476349</my>
</poly>
<brick>
<mLeftAnchored>true</mLeftAnchored>
<mRightAnchored>true</mRightAnchored>
<mBrickAngle>15.000000</mBrickAngle>
<mBrickThickness>20.000036</mBrickThickness>
<mBrickRadius>125.000000</mBrickRadius>
<mBrickRotation>232.500000</mBrickRotation>
<corners>
<point>3</point>
<point>4</point>
<point>0</point>
<point>7</point>
</corners>
</brick>
</ent>
<ent>
<class>6</class>
<mCollidable>true</mCollidable>
<mMoving>true</mMoving>
<mImageDX>0.019756</mImageDX>
<mImageDY>0.410679</mImageDY>
<pegInfo>
<mVariable>true</mVariable>
</pegInfo>
<poly>
<mAllowFlash>true</mAllowFlash>
<mx>61.933807</mx>
<my>433.580109</my>
</poly>
<brick>
<mLeftAnchored>true</mLeftAnchored>
<mRightAnchored>true</mRightAnchored>
<mBrickAngle>15.000000</mBrickAngle>
<mBrickThickness>20.000021</mBrickThickness>
<mBrickRadius>125.000000</mBrickRadius>
<mBrickRotation>217.500000</mBrickRotation>
<corners>
<point>3</point>
<point>4</point>
<point>0</point>
<point>7</point>
</corners>
</brick>
</ent>
<ent>
<class>6</class>
<mCollidable>true</mCollidable>
<mMoving>true</mMoving>
<mImageDX>0.448822</mImageDX>
<mImageDY>0.813097</mImageDY>
<pegInfo>
<mVariable>true</mVariable>
</pegInfo>
<poly>
<mAllowFlash>true</mAllowFlash>
<mx>44.329559</mx>
<my>403.088654</my>
</poly>
<brick>
<mLeftAnchored>true</mLeftAnchored>
<mRightAnchored>true</mRightAnchored>
<mBrickAngle>15.000000</mBrickAngle>
<mBrickThickness>20.000057</mBrickThickness>
<mBrickRadius>125.000000</mBrickRadius>
<mBrickRotation>202.500000</mBrickRotation>
<corners>
<point>3</point>
<point>4</point>
<point>0</point>
<point>7</point>
</corners>
</brick>
</ent>
<ent>
<class>6</class>
<mCollidable>true</mCollidable>
<mMoving>true</mMoving>
<mImageDX>0.847301</mImageDX>
<mImageDY>-1.160100</mImageDY>
<pegInfo>
<mVariable>true</mVariable>
</pegInfo>
<poly>
<mAllowFlash>true</mAllowFlash>
<mx>35.216888</mx>
<my>333.871246</my>
</poly>
<brick>
<mLeftAnchored>true</mLeftAnchored>
<mRightAnchored>true</mRightAnchored>
<mBrickAngle>15.000000</mBrickAngle>
<mBrickThickness>20.000122</mBrickThickness>
<mBrickRadius>125.000000</mBrickRadius>
<mBrickRotation>172.500000</mBrickRotation>
<corners>
<point>3</point>
<point>4</point>
<point>0</point>
<point>7</point>
</corners>
</brick>
</ent>
<ent>
<class>6</class>
<mCollidable>true</mCollidable>
<mMoving>true</mMoving>
<mImageDX>0.448807</mImageDX>
<mImageDY>-0.813089</mImageDY>
<pegInfo>
<mVariable>true</mVariable>
</pegInfo>
<poly>
<mAllowFlash>true</mAllowFlash>
<mx>44.329559</mx>
<my>299.862427</my>
</poly>
<brick>
<mLeftAnchored>true</mLeftAnchored>
<mRightAnchored>true</mRightAnchored>
<mBrickAngle>15.000000</mBrickAngle>
<mBrickThickness>20.000092</mBrickThickness>
<mBrickRadius>125.000000</mBrickRadius>
<mBrickRotation>157.500000</mBrickRotation>
<corners>
<point>3</point>
<point>4</point>
<point>0</point>
<point>7</point>
</corners>
</brick>
</ent>
<ent>
<class>6</class>
<mCollidable>true</mCollidable>
<mMoving>true</mMoving>
<mImageDX>0.019745</mImageDX>
<mImageDY>-0.410652</mImageDY>
<pegInfo>
<mVariable>true</mVariable>
</pegInfo>
<poly>
<mAllowFlash>true</mAllowFlash>
<mx>61.933807</mx>
<my>269.370941</my>
</poly>
<brick>
<mLeftAnchored>true</mLeftAnchored>
<mRightAnchored>true</mRightAnchored>
<mBrickAngle>15.000000</mBrickAngle>
<mBrickThickness>20.000065</mBrickThickness>
<mBrickRadius>125.000000</mBrickRadius>
<mBrickRotation>142.500000</mBrickRotation>
<corners>
<point>3</point>
<point>4</point>
<point>0</point>
<point>7</point>
</corners>
</brick>
</ent>
<ent>
<class>6</class>
<mCollidable>true</mCollidable>
<mMoving>true</mMoving>
<mImageDX>-0.410671</mImageDX>
<mImageDY>0.019745</mImageDY>
<pegInfo>
<mVariable>true</mVariable>
</pegInfo>
<poly>
<mAllowFlash>true</mAllowFlash>
<mx>86.829987</mx>
<my>244.474762</my>
</poly>
<brick>
<mLeftAnchored>true</mLeftAnchored>
<mRightAnchored>true</mRightAnchored>
<mBrickAngle>15.000000</mBrickAngle>
<mBrickThickness>20.000042</mBrickThickness>
<mBrickRadius>125.000000</mBrickRadius>
<mBrickRotation>127.500000</mBrickRotation>
<corners>
<point>3</point>
<point>4</point>
<point>0</point>
<point>7</point>
</corners>
</brick>
</ent>
<ent>
<class>6</class>
<mCollidable>true</mCollidable>
<mMoving>true</mMoving>
<mImageDX>-0.813099</mImageDX>
<mImageDY>0.448830</mImageDY>
<pegInfo>
<mVariable>true</mVariable>
</pegInfo>
<poly>
<mAllowFlash>true</mAllowFlash>
<mx>117.321503</mx>
<my>226.870483</my>
</poly>
<brick>
<mLeftAnchored>true</mLeftAnchored>
<mRightAnchored>true</mRightAnchored>
<mBrickAngle>15.000000</mBrickAngle>
<mBrickThickness>20.000050</mBrickThickness>
<mBrickRadius>125.000000</mBrickRadius>
<mBrickRotation>112.500000</mBrickRotation>
<corners>
<point>3</point>
<point>4</point>
<point>0</point>
<point>7</point>
</corners>
</brick>
</ent>
<ent>
<class>6</class>
<mCollidable>true</mCollidable>
<mMoving>true</mMoving>
<mImageDX>-1.160129</mImageDX>
<mImageDY>0.847294</mImageDY>
<pegInfo>
<mVariable>true</mVariable>
</pegInfo>
<poly>
<mAllowFlash>true</mAllowFlash>
<mx>151.330292</mx>
<my>217.757874</my>
</poly>
<brick>
<mLeftAnchored>true</mLeftAnchored>
<mRightAnchored>true</mRightAnchored>
<mBrickAngle>15.000000</mBrickAngle>
<mBrickThickness>20.000050</mBrickThickness>
<mBrickRadius>125.000000</mBrickRadius>
<mBrickRotation>97.500000</mBrickRotation>
<corners>
<point>3</point>
<point>4</point>
<point>0</point>
<point>7</point>
</corners>
</brick>
</ent>
<ent>
<class>6</class>
<mCollidable>true</mCollidable>
<mMoving>true</mMoving>
<mImageDX>1.160106</mImageDX>
<mImageDY>0.847294</mImageDY>
<pegInfo>
<mVariable>true</mVariable>
</pegInfo>
<poly>
<mAllowFlash>true</mAllowFlash>
<mx>186.538788</mx>
<my>217.757874</my>
</poly>
<brick>
<mLeftAnchored>true</mLeftAnchored>
<mRightAnchored>true</mRightAnchored>
<mBrickAngle>15.000000</mBrickAngle>
<mBrickThickness>20.000046</mBrickThickness>
<mBrickRadius>125.000000</mBrickRadius>
<mBrickRotation>82.500000</mBrickRotation>
<corners>
<point>3</point>
<point>4</point>
<point>0</point>
<point>7</point>
</corners>
</brick>
</ent>
<ent>
<class>6</class>
<mCollidable>true</mCollidable>
<mMoving>true</mMoving>
<mImageDX>0.813093</mImageDX>
<mImageDY>0.448818</mImageDY>
<pegInfo>
<mVariable>true</mVariable>
</pegInfo>
<poly>
<mAllowFlash>true</mAllowFlash>
<mx>220.547699</mx>
<my>226.870483</my>
</poly>
<brick>
<mLeftAnchored>true</mLeftAnchored>
<mRightAnchored>true</mRightAnchored>
<mBrickAngle>15.000000</mBrickAngle>
<mBrickThickness>20.000050</mBrickThickness>
<mBrickRadius>125.000000</mBrickRadius>
<mBrickRotation>67.500000</mBrickRotation>
<corners>
<point>3</point>
<point>4</point>
<point>0</point>
<point>7</point>
</corners>
</brick>
</ent>
<ent>
<class>6</class>
<mCollidable>true</mCollidable>
<mMoving>true</mMoving>
<mImageDX>-1.160117</mImageDX>
<mImageDY>-0.847301</mImageDY>
<pegInfo>
<mVariable>true</mVariable>
<mCrumble>true</mCrumble>
</pegInfo>
<poly>
<mAllowFlash>true</mAllowFlash>
<mx>151.330292</mx>
<my>485.193268</my>
</poly>
<brick>
<mLeftAnchored>true</mLeftAnchored>
<mRightAnchored>true</mRightAnchored>
<mBrickAngle>15.000000</mBrickAngle>
<mBrickThickness>20.000029</mBrickThickness>
<mBrickRadius>125.000000</mBrickRadius>
<mBrickRotation>262.500000</mBrickRotation>
<corners>
<point>3</point>
<point>4</point>
<point>0</point>
<point>7</point>
</corners>
</brick>
</ent>
<ent>
<class>6</class>
<mCollidable>true</mCollidable>
<mMoving>true</mMoving>
<mImageDX>1.160151</mImageDX>
<mImageDY>-0.847309</mImageDY>
<pegInfo>
<mVariable>true</mVariable>
<mCrumble>true</mCrumble>
</pegInfo>
<poly>
<mAllowFlash>true</mAllowFlash>
<mx>186.538788</mx>
<my>485.193268</my>
</poly>
<brick>
<mLeftAnchored>true</mLeftAnchored>
<mRightAnchored>true</mRightAnchored>
<mBrickAngle>15.000000</mBrickAngle>
<mBrickThickness>20.000031</mBrickThickness>
<mBrickRadius>125.000000</mBrickRadius>
<mBrickRotation>277.500000</mBrickRotation>
<corners>
<point>3</point>
<point>4</point>
<point>0</point>
<point>7</point>
</corners>
</brick>
</ent>
<ent>
<class>6</class>
<mCollidable>true</mCollidable>
<mMoving>true</mMoving>
<mImageDX>0.813118</mImageDX>
<mImageDY>-0.448833</mImageDY>
<pegInfo>
<mVariable>true</mVariable>
</pegInfo>
<poly>
<mAllowFlash>true</mAllowFlash>
<mx>220.547638</mx>
<my>476.080597</my>
</poly>
<brick>
<mLeftAnchored>true</mLeftAnchored>
<mRightAnchored>true</mRightAnchored>
<mBrickAngle>15.000000</mBrickAngle>
<mBrickThickness>20.000019</mBrickThickness>
<mBrickRadius>125.000000</mBrickRadius>
<mBrickRotation>292.500000</mBrickRotation>
<corners>
<point>3</point>
<point>4</point>
<point>0</point>
<point>7</point>
</corners>
</brick>
</ent>
<ent>
<class>6</class>
<mCollidable>true</mCollidable>
<mMoving>true</mMoving>
<mImageDX>0.410683</mImageDX>
<mImageDY>-0.019756</mImageDY>
<pegInfo>
<mVariable>true</mVariable>
</pegInfo>
<poly>
<mAllowFlash>true</mAllowFlash>
<mx>251.039154</mx>
<my>458.476349</my>
</poly>
<brick>
<mRightAnchored>true</mRightAnchored>
<mBrickAngle>15.000000</mBrickAngle>
<mBrickThickness>20.000031</mBrickThickness>
<mBrickRadius>125.000000</mBrickRadius>
<mBrickRotation>307.500000</mBrickRotation>
<corners>
<point>3</point>
<point>4</point>
<point>0</point>
<point>7</point>
</corners>
</brick>
</ent>
<ent>
<class>6</class>
<mCollidable>true</mCollidable>
<mMoving>true</mMoving>
<mImageDX>0.847301</mImageDX>
<mImageDY>1.160092</mImageDY>
<pegInfo>
<mVariable>true</mVariable>
</pegInfo>
<poly>
<mAllowFlash>true</mAllowFlash>
<mx>35.216919</mx>
<my>369.079865</my>
</poly>
<brick>
<mRightAnchored>true</mRightAnchored>
<mBrickAngle>15.000000</mBrickAngle>
<mBrickThickness>20.000029</mBrickThickness>
<mBrickRadius>125.000000</mBrickRadius>
<mBrickRotation>-172.500000</mBrickRotation>
<corners>
<point>3</point>
<point>4</point>
<point>0</point>
<point>7</point>
</corners>
</brick>
</ent>
<ent>
<class>6</class>
<mCollidable>true</mCollidable>
<mMoving>true</mMoving>
<mImageDX>-0.019753</mImageDX>
<mImageDY>0.410671</mImageDY>
<pegInfo>
<mVariable>true</mVariable>
</pegInfo>
<poly>
<mAllowFlash>true</mAllowFlash>
<mx>275.935394</mx>
<my>433.580109</my>
</poly>
<brick>
<mLeftAnchored>true</mLeftAnchored>
<mRightAnchored>true</mRightAnchored>
<mBrickAngle>15.000000</mBrickAngle>
<mBrickThickness>20.000021</mBrickThickness>
<mBrickRadius>125.000000</mBrickRadius>
<mBrickRotation>-37.500000</mBrickRotation>
<corners>
<point>3</point>
<point>4</point>
<point>0</point>
<point>7</point>
</corners>
</brick>
</ent>
<ent>
<class>6</class>
<mCollidable>true</mCollidable>
<mMoving>true</mMoving>
<mImageDX>0.019741</mImageDX>
<mImageDY>0.410652</mImageDY>
<pegInfo>
<mVariable>true</mVariable>
</pegInfo>
<poly>
<mAllowFlash>true</mAllowFlash>
<mx>374.064697</mx>
<my>433.580139</my>
</poly>
<brick>
<mLeftAnchored>true</mLeftAnchored>
<mRightAnchored>true</mRightAnchored>
<mBrickAngle>15.000000</mBrickAngle>
<mBrickThickness>20.000021</mBrickThickness>
<mBrickRadius>125.000000</mBrickRadius>
<mBrickRotation>-142.500000</mBrickRotation>
<corners>
<point>3</point>
<point>4</point>
<point>0</point>
<point>7</point>
</corners>
</brick>
</ent>
<ent>
<class>6</class>
<mCollidable>true</mCollidable>
<mMoving>true</mMoving>
<mImageDX>0.448814</mImageDX>
<mImageDY>0.813089</mImageDY>
<pegInfo>
<mVariable>true</mVariable>
</pegInfo>
<poly>
<mAllowFlash>true</mAllowFlash>
<mx>356.460419</mx>
<my>403.088654</my>
</poly>
<brick>
<mRightAnchored>true</mRightAnchored>
<mBrickAngle>15.000000</mBrickAngle>
<mBrickThickness>20.000031</mBrickThickness>
<mBrickRadius>125.000000</mBrickRadius>
<mBrickRotation>-157.500000</mBrickRotation>
<corners>
<point>3</point>
<point>4</point>
<point>0</point>
<point>7</point>
</corners>
</brick>
</ent>
<ent>
<class>6</class>
<mCollidable>true</mCollidable>
<mMoving>true</mMoving>
<mImageDX>-0.448822</mImageDX>
<mImageDY>0.813099</mImageDY>
<pegInfo>
<mVariable>true</mVariable>
</pegInfo>
<poly>
<mAllowFlash>true</mAllowFlash>
<mx>293.539673</mx>
<my>403.088623</my>
</poly>
<brick>
<mLeftAnchored>true</mLeftAnchored>
<mBrickAngle>15.000000</mBrickAngle>
<mBrickThickness>20.000015</mBrickThickness>
<mBrickRadius>125.000000</mBrickRadius>
<mBrickRotation>-22.500000</mBrickRotation>
<corners>
<point>3</point>
<point>4</point>
<point>0</point>
<point>7</point>
</corners>
</brick>
</ent>
<ent>
<class>6</class>
<mCollidable>true</mCollidable>
<mMoving>true</mMoving>
<mImageDX>-1.040650</mImageDX>
<mImageDY>-1.391960</mImageDY>
<pegInfo>
<mVariable>true</mVariable>
<mCrumble>true</mCrumble>
</pegInfo>
<poly>
<mAllowFlash>true</mAllowFlash>
<mx>159.152023</mx>
<my>434.696594</my>
</poly>
<brick>
<mLeftAnchored>true</mLeftAnchored>
<mRightAnchored>true</mRightAnchored>
<mBrickAngle>25.000000</mBrickAngle>
<mBrickThickness>20.000038</mBrickThickness>
<mBrickRadius>75.000000</mBrickRadius>
<mBrickRotation>262.500000</mBrickRotation>
<corners>
<point>3</point>
<point>4</point>
<point>0</point>
<point>7</point>
</corners>
</brick>
</ent>
<ent>
<class>6</class>
<mCollidable>true</mCollidable>
<mMoving>true</mMoving>
<mImageDX>1.525906</mImageDX>
<mImageDY>-1.056465</mImageDY>
<pegInfo>
<mVariable>true</mVariable>
<mCrumble>true</mCrumble>
</pegInfo>
<poly>
<mAllowFlash>true</mAllowFlash>
<mx>195.709885</mx>
<my>431.498169</my>
</poly>
<brick>
<mLeftAnchored>true</mLeftAnchored>
<mRightAnchored>true</mRightAnchored>
<mBrickAngle>25.000000</mBrickAngle>
<mBrickThickness>20.000057</mBrickThickness>
<mBrickRadius>75.000000</mBrickRadius>
<mBrickRotation>-72.500000</mBrickRotation>
<corners>
<point>3</point>
<point>4</point>
<point>0</point>
<point>7</point>
</corners>
</brick>
</ent>
<ent>
<class>6</class>
<mCollidable>true</mCollidable>
<mMoving>true</mMoving>
<mImageDX>0.386339</mImageDX>
<mImageDY>0.142393</mImageDY>
<pegInfo>
<mVariable>true</mVariable>
</pegInfo>
<poly>
<mAllowFlash>true</mAllowFlash>
<mx>227.490845</mx>
<my>413.149445</my>
</poly>
<brick>
<mLeftAnchored>true</mLeftAnchored>
<mRightAnchored>true</mRightAnchored>
<mBrickAngle>25.000000</mBrickAngle>
<mBrickThickness>20.000050</mBrickThickness>
<mBrickRadius>75.000000</mBrickRadius>
<mBrickRotation>-47.500000</mBrickRotation>
<corners>
<point>3</point>
<point>4</point>
<point>0</point>
<point>7</point>
</corners>
</brick>
</ent>
<ent>
<class>6</class>
<mCollidable>true</mCollidable>
<mMoving>true</mMoving>
<mImageDX>-0.825630</mImageDX>
<mImageDY>1.314574</mImageDY>
<pegInfo>
<mVariable>true</mVariable>
</pegInfo>
<poly>
<mAllowFlash>true</mAllowFlash>
<mx>248.539673</mx>
<my>383.088623</my>
</poly>
<brick>
<mLeftAnchored>true</mLeftAnchored>
<mBrickAngle>25.000000</mBrickAngle>
<mBrickThickness>20.000042</mBrickThickness>
<mBrickRadius>75.000000</mBrickRadius>
<mBrickRotation>-22.500000</mBrickRotation>
<corners>
<point>3</point>
<point>4</point>
<point>0</point>
<point>7</point>
</corners>
</brick>
</ent>
<ent>
<class>6</class>
<mCollidable>true</mCollidable>
<mMoving>true</mMoving>
<mImageDX>-0.863582</mImageDX>
<mImageDY>-0.346888</mImageDY>
<pegInfo>
<mVariable>true</mVariable>
</pegInfo>
<poly>
<mAllowFlash>true</mAllowFlash>
<mx>124.667694</mx>
<my>422.145325</my>
</poly>
<brick>
<mLeftAnchored>true</mLeftAnchored>
<mRightAnchored>true</mRightAnchored>
<mBrickAngle>25.000000</mBrickAngle>
<mBrickThickness>20.000036</mBrickThickness>
<mBrickRadius>75.000000</mBrickRadius>
<mBrickRotation>-122.500000</mBrickRotation>
<corners>
<point>3</point>
<point>4</point>
<point>0</point>
<point>7</point>
</corners>
</brick>
</ent>
<ent>
<class>6</class>
<mCollidable>true</mCollidable>
<mMoving>true</mMoving>
<mImageDX>0.346888</mImageDX>
<mImageDY>0.863573</mImageDY>
<pegInfo>
<mVariable>true</mVariable>
</pegInfo>
<poly>
<mAllowFlash>true</mAllowFlash>
<mx>98.718658</mx>
<my>396.196289</my>
</poly>
<brick>
<mLeftAnchored>true</mLeftAnchored>
<mRightAnchored>true</mRightAnchored>
<mBrickAngle>25.000000</mBrickAngle>
<mBrickThickness>20.000032</mBrickThickness>
<mBrickRadius>75.000000</mBrickRadius>
<mBrickRotation>-147.500000</mBrickRotation>
<corners>
<point>3</point>
<point>4</point>
<point>0</point>
<point>7</point>
</corners>
</brick>
</ent>
<ent>
<class>6</class>
<mCollidable>true</mCollidable>
<mMoving>true</mMoving>
<mImageDX>1.391960</mImageDX>
<mImageDY>1.040659</mImageDY>
<pegInfo>
<mVariable>true</mVariable>
</pegInfo>
<poly>
<mAllowFlash>true</mAllowFlash>
<mx>86.167366</mx>
<my>361.711914</my>
</poly>
<brick>
<mLeftAnchored>true</mLeftAnchored>
<mRightAnchored>true</mRightAnchored>
<mBrickAngle>25.000000</mBrickAngle>
<mBrickThickness>20.000036</mBrickThickness>
<mBrickRadius>75.000000</mBrickRadius>
<mBrickRotation>-172.500000</mBrickRotation>
<corners>
<point>3</point>
<point>4</point>
<point>0</point>
<point>7</point>
</corners>
</brick>
</ent>
<ent>
<class>6</class>
<mCollidable>true</mCollidable>
<mMoving>true</mMoving>
<mImageDX>1.056477</mImageDX>
<mImageDY>-1.525914</mImageDY>
<pegInfo>
<mVariable>true</mVariable>
</pegInfo>
<poly>
<mAllowFlash>true</mAllowFlash>
<mx>89.365776</mx>
<my>325.154053</my>
</poly>
<brick>
<mLeftAnchored>true</mLeftAnchored>
<mRightAnchored>true</mRightAnchored>
<mBrickAngle>25.000000</mBrickAngle>
<mBrickThickness>20.000040</mBrickThickness>
<mBrickRadius>75.000000</mBrickRadius>
<mBrickRotation>162.500000</mBrickRotation>
<corners>
<point>3</point>
<point>4</point>
<point>0</point>
<point>7</point>
</corners>
</brick>
</ent>
<ent>
<class>6</class>
<mCollidable>true</mCollidable>
<mMoving>true</mMoving>
<mImageDX>-0.142391</mImageDX>
<mImageDY>-0.386330</mImageDY>
<pegInfo>
<mVariable>true</mVariable>
</pegInfo>
<poly>
<mAllowFlash>true</mAllowFlash>
<mx>107.714516</mx>
<my>293.373108</my>
</poly>
<brick>
<mLeftAnchored>true</mLeftAnchored>
<mRightAnchored>true</mRightAnchored>
<mBrickAngle>25.000000</mBrickAngle>
<mBrickThickness>20.000036</mBrickThickness>
<mBrickRadius>75.000000</mBrickRadius>
<mBrickRotation>137.500000</mBrickRotation>
<corners>
<point>3</point>
<point>4</point>
<point>0</point>
<point>7</point>
</corners>
</brick>
</ent>
<ent>
<class>6</class>
<mCollidable>true</mCollidable>
<mMoving>true</mMoving>
<mImageDX>-1.314578</mImageDX>
<mImageDY>0.825630</mImageDY>
<pegInfo>
<mVariable>true</mVariable>
</pegInfo>
<poly>
<mAllowFlash>true</mAllowFlash>
<mx>137.775345</mx>
<my>272.324280</my>
</poly>
<brick>
<mLeftAnchored>true</mLeftAnchored>
<mRightAnchored>true</mRightAnchored>
<mBrickAngle>25.000000</mBrickAngle>
<mBrickThickness>20.000042</mBrickThickness>
<mBrickRadius>75.000000</mBrickRadius>
<mBrickRotation>112.500000</mBrickRotation>
<corners>
<point>3</point>
<point>4</point>
<point>0</point>
<point>7</point>
</corners>
</brick>
</ent>
<ent>
<class>6</class>
<mCollidable>true</mCollidable>
<mMoving>true</mMoving>
<mImageDX>0.347766</mImageDX>
<mImageDY>0.992523</mImageDY>
<pegInfo>
<mVariable>true</mVariable>
</pegInfo>
<poly>
<mAllowFlash>true</mAllowFlash>
<mx>173.915329</mx>
<my>265.951843</my>
</poly>
<brick>
<mLeftAnchored>true</mLeftAnchored>
<mRightAnchored>true</mRightAnchored>
<mBrickAngle>25.000000</mBrickAngle>
<mBrickThickness>20.000044</mBrickThickness>
<mBrickRadius>75.000000</mBrickRadius>
<mBrickRotation>87.500000</mBrickRotation>
<corners>
<point>3</point>
<point>4</point>
<point>0</point>
<point>7</point>
</corners>
</brick>
</ent>
<ent>
<class>6</class>
<mCollidable>true</mCollidable>
<mMoving>true</mMoving>
<mImageDX>1.093232</mImageDX>
<mImageDY>0.588497</mImageDY>
<pegInfo>
<mVariable>true</mVariable>
</pegInfo>
<poly>
<mAllowFlash>true</mAllowFlash>
<mx>209.362381</mx>
<my>275.449829</my>
</poly>
<brick>
<mRightAnchored>true</mRightAnchored>
<mBrickAngle>25.000000</mBrickAngle>
<mBrickThickness>20.000042</mBrickThickness>
<mBrickRadius>75.000000</mBrickRadius>
<mBrickRotation>62.500000</mBrickRotation>
<corners>
<point>3</point>
<point>4</point>
<point>0</point>
<point>7</point>
</corners>
</brick>
</ent>
<ent>
<class>6</class>
<mCollidable>true</mCollidable>
<mMoving>true</mMoving>
<mImageDX>-1.525892</mImageDX>
<mImageDY>-1.056465</mImageDY>
<pegInfo>
<mVariable>true</mVariable>
<mCrumble>true</mCrumble>
</pegInfo>
<poly>
<mAllowFlash>true</mAllowFlash>
<mx>459.290192</mx>
<my>431.498199</my>
</poly>
<brick>
<mLeftAnchored>true</mLeftAnchored>
<mRightAnchored>true</mRightAnchored>
<mBrickAngle>25.000000</mBrickAngle>
<mBrickThickness>20.000057</mBrickThickness>
<mBrickRadius>75.000000</mBrickRadius>
<mBrickRotation>252.500000</mBrickRotation>
<corners>
<point>3</point>
<point>4</point>
<point>0</point>
<point>7</point>
</corners>
</brick>
</ent>
<ent>
<class>6</class>
<mCollidable>true</mCollidable>
<mMoving>true</mMoving>
<mImageDX>-0.386341</mImageDX>
<mImageDY>0.142393</mImageDY>
<pegInfo>
<mVariable>true</mVariable>
</pegInfo>
<poly>
<mAllowFlash>true</mAllowFlash>
<mx>427.509247</mx>
<my>413.149475</my>
</poly>
<brick>
<mLeftAnchored>true</mLeftAnchored>
<mRightAnchored>true</mRightAnchored>
<mBrickAngle>25.000000</mBrickAngle>
<mBrickThickness>20.000050</mBrickThickness>
<mBrickRadius>75.000000</mBrickRadius>
<mBrickRotation>227.500000</mBrickRotation>
<corners>
<point>3</point>
<point>4</point>
<point>0</point>
<point>7</point>
</corners>
</brick>
</ent>
<ent>
<class>6</class>
<mCollidable>true</mCollidable>
<mMoving>true</mMoving>
<mImageDX>0.825626</mImageDX>
<mImageDY>1.314583</mImageDY>
<pegInfo>
<mVariable>true</mVariable>
</pegInfo>
<poly>
<mAllowFlash>true</mAllowFlash>
<mx>406.460419</mx>
<my>383.088654</my>
</poly>
<brick>
<mLeftAnchored>true</mLeftAnchored>
<mBrickAngle>25.000000</mBrickAngle>
<mBrickThickness>20.000042</mBrickThickness>
<mBrickRadius>75.000000</mBrickRadius>
<mBrickRotation>202.500000</mBrickRotation>
<corners>
<point>3</point>
<point>4</point>
<point>0</point>
<point>7</point>
</corners>
</brick>
</ent>
<ent>
<class>6</class>
<mCollidable>true</mCollidable>
<mMoving>true</mMoving>
<mImageDX>0.863587</mImageDX>
<mImageDY>-0.346899</mImageDY>
<pegInfo>
<mVariable>true</mVariable>
</pegInfo>
<poly>
<mAllowFlash>true</mAllowFlash>
<mx>530.332397</mx>
<my>422.145355</my>
</poly>
<brick>
<mLeftAnchored>true</mLeftAnchored>
<mRightAnchored>true</mRightAnchored>
<mBrickAngle>25.000000</mBrickAngle>
<mBrickThickness>20.000036</mBrickThickness>
<mBrickRadius>75.000000</mBrickRadius>
<mBrickRotation>302.500000</mBrickRotation>
<corners>
<point>3</point>
<point>4</point>
<point>0</point>
<point>7</point>
</corners>
</brick>
</ent>
<ent>
<class>6</class>
<mCollidable>true</mCollidable>
<mMoving>true</mMoving>
<mImageDX>-0.346886</mImageDX>
<mImageDY>0.863571</mImageDY>
<pegInfo>
<mVariable>true</mVariable>
</pegInfo>
<poly>
<mAllowFlash>true</mAllowFlash>
<mx>556.281372</mx>
<my>396.196320</my>
</poly>
<brick>
<mLeftAnchored>true</mLeftAnchored>
<mRightAnchored>true</mRightAnchored>
<mBrickAngle>25.000000</mBrickAngle>
<mBrickThickness>20.000032</mBrickThickness>
<mBrickRadius>75.000000</mBrickRadius>
<mBrickRotation>327.500000</mBrickRotation>
<corners>
<point>3</point>
<point>4</point>
<point>0</point>
<point>7</point>
</corners>
</brick>
</ent>
<ent>
<class>6</class>
<mCollidable>true</mCollidable>
<mMoving>true</mMoving>
<mImageDX>-1.391956</mImageDX>
<mImageDY>1.040627</mImageDY>
<pegInfo>
<mVariable>true</mVariable>
</pegInfo>
<poly>
<mAllowFlash>true</mAllowFlash>
<mx>568.832642</mx>
<my>361.711945</my>
</poly>
<brick>
<mLeftAnchored>true</mLeftAnchored>
<mRightAnchored>true</mRightAnchored>
<mBrickAngle>25.000000</mBrickAngle>
<mBrickThickness>20.000036</mBrickThickness>
<mBrickRadius>75.000000</mBrickRadius>
<mBrickRotation>352.500000</mBrickRotation>
<corners>
<point>3</point>
<point>4</point>
<point>0</point>
<point>7</point>
</corners>
</brick>
</ent>
<ent>
<class>6</class>
<mCollidable>true</mCollidable>
<mMoving>true</mMoving>
<mImageDX>-1.056480</mImageDX>
<mImageDY>-1.525908</mImageDY>
<pegInfo>
<mVariable>true</mVariable>
</pegInfo>
<poly>
<mAllowFlash>true</mAllowFlash>
<mx>565.634277</mx>
<my>325.154083</my>
</poly>
<brick>
<mLeftAnchored>true</mLeftAnchored>
<mRightAnchored>true</mRightAnchored>
<mBrickAngle>25.000000</mBrickAngle>
<mBrickThickness>20.000040</mBrickThickness>
<mBrickRadius>75.000000</mBrickRadius>
<mBrickRotation>17.500000</mBrickRotation>
<corners>
<point>3</point>
<point>4</point>
<point>0</point>
<point>7</point>
</corners>
</brick>
</ent>
<ent>
<class>6</class>
<mCollidable>true</mCollidable>
<mMoving>true</mMoving>
<mImageDX>0.142395</mImageDX>
<mImageDY>-0.386337</mImageDY>
<pegInfo>
<mVariable>true</mVariable>
</pegInfo>
<poly>
<mAllowFlash>true</mAllowFlash>
<mx>547.285522</mx>
<my>293.373108</my>
</poly>
<brick>
<mLeftAnchored>true</mLeftAnchored>
<mRightAnchored>true</mRightAnchored>
<mBrickAngle>25.000000</mBrickAngle>
<mBrickThickness>20.000036</mBrickThickness>
<mBrickRadius>75.000000</mBrickRadius>
<mBrickRotation>42.500000</mBrickRotation>
<corners>
<point>3</point>
<point>4</point>
<point>0</point>
<point>7</point>
</corners>
</brick>
</ent>
<ent>
<class>6</class>
<mCollidable>true</mCollidable>
<mMoving>true</mMoving>
<mImageDX>1.314575</mImageDX>
<mImageDY>0.825624</mImageDY>
<pegInfo>
<mVariable>true</mVariable>
</pegInfo>
<poly>
<mAllowFlash>true</mAllowFlash>
<mx>517.224731</mx>
<my>272.324310</my>
</poly>
<brick>
<mLeftAnchored>true</mLeftAnchored>
<mRightAnchored>true</mRightAnchored>
<mBrickAngle>25.000000</mBrickAngle>
<mBrickThickness>20.000042</mBrickThickness>
<mBrickRadius>75.000000</mBrickRadius>
<mBrickRotation>67.500000</mBrickRotation>
<corners>
<point>3</point>
<point>4</point>
<point>0</point>
<point>7</point>
</corners>
</brick>
</ent>
<ent>
<class>6</class>
<mCollidable>true</mCollidable>
<mMoving>true</mMoving>
<mImageDX>-0.347775</mImageDX>
<mImageDY>0.992527</mImageDY>
<pegInfo>
<mVariable>true</mVariable>
</pegInfo>
<poly>
<mAllowFlash>true</mAllowFlash>
<mx>481.084747</mx>
<my>265.951843</my>
</poly>
<brick>
<mLeftAnchored>true</mLeftAnchored>
<mRightAnchored>true</mRightAnchored>
<mBrickAngle>25.000000</mBrickAngle>
<mBrickThickness>20.000044</mBrickThickness>
<mBrickRadius>75.000000</mBrickRadius>
<mBrickRotation>92.500000</mBrickRotation>
<corners>
<point>3</point>
<point>4</point>
<point>0</point>
<point>7</point>
</corners>
</brick>
</ent>
<ent>
<class>6</class>
<mCollidable>true</mCollidable>
<mMoving>true</mMoving>
<mImageDX>-1.093233</mImageDX>
<mImageDY>0.588493</mImageDY>
<pegInfo>
<mVariable>true</mVariable>
</pegInfo>
<poly>
<mAllowFlash>true</mAllowFlash>
<mx>445.637695</mx>
<my>275.449860</my>
</poly>
<brick>
<mRightAnchored>true</mRightAnchored>
<mBrickAngle>25.000000</mBrickAngle>
<mBrickThickness>20.000042</mBrickThickness>
<mBrickRadius>75.000000</mBrickRadius>
<mBrickRotation>117.500000</mBrickRotation>
<corners>
<point>3</point>
<point>4</point>
<point>0</point>
<point>7</point>
</corners>
</brick>
</ent>
<ent>
<class>6</class>
<mCollidable>true</mCollidable>
<mMoving>true</mMoving>
<mImageDX>1.040651</mImageDX>
<mImageDY>-1.391964</mImageDY>
<pegInfo>
<mVariable>true</mVariable>
<mCrumble>true</mCrumble>
</pegInfo>
<poly>
<mAllowFlash>true</mAllowFlash>
<mx>495.847992</mx>
<my>434.696655</my>
</poly>
<brick>
<mRightAnchored>true</mRightAnchored>
<mBrickAngle>25.000000</mBrickAngle>
<mBrickThickness>20.000027</mBrickThickness>
<mBrickRadius>75.000000</mBrickRadius>
<mBrickRotation>-82.500000</mBrickRotation>
<corners>
<point>3</point>
<point>4</point>
<point>0</point>
<point>7</point>
</corners>
</brick>
</ent>
<ent>
<class>6</class>
<mCollidable>true</mCollidable>
<mMoving>true</mMoving>
<mImageDX>-1.525888</mImageDX>
<mImageDY>-1.056465</mImageDY>
<pegInfo>
<mVariable>true</mVariable>
<mCrumble>true</mCrumble>
</pegInfo>
<poly>
<mAllowFlash>true</mAllowFlash>
<mx>253.442139</mx>
<my>241.801605</my>
</poly>
<brick>
<mLeftAnchored>true</mLeftAnchored>
<mRightAnchored>true</mRightAnchored>
<mBrickTextureFlip>true</mBrickTextureFlip>
<mBrickAngle>25.000000</mBrickAngle>
<mBrickThickness>20.000029</mBrickThickness>
<mBrickRadius>75.000000</mBrickRadius>
<mBrickRotation>252.500000</mBrickRotation>
<corners>
<point>3</point>
<point>4</point>
<point>0</point>
<point>7</point>
</corners>
</brick>
</ent>
<ent>
<class>6</class>
<mCollidable>true</mCollidable>
<mMoving>true</mMoving>
<mImageDX>1.040654</mImageDX>
<mImageDY>-1.391960</mImageDY>
<pegInfo>
<mVariable>true</mVariable>
<mCrumble>true</mCrumble>
</pegInfo>
<poly>
<mAllowFlash>true</mAllowFlash>
<mx>290.000000</mx>
<my>245.000000</my>
</poly>
<brick>
<mLeftAnchored>true</mLeftAnchored>
<mRightAnchored>true</mRightAnchored>
<mBrickTextureFlip>true</mBrickTextureFlip>
<mBrickAngle>25.000000</mBrickAngle>
<mBrickThickness>20.000025</mBrickThickness>
<mBrickRadius>75.000000</mBrickRadius>
<mBrickRotation>-82.500000</mBrickRotation>
<corners>
<point>3</point>
<point>4</point>
<point>0</point>
<point>7</point>
</corners>
</brick>
</ent>
<ent>
<class>6</class>
<mCollidable>true</mCollidable>
<mMoving>true</mMoving>
<mImageDX>1.525910</mImageDX>
<mImageDY>-1.056484</mImageDY>
<pegInfo>
<mVariable>true</mVariable>
<mCrumble>true</mCrumble>
</pegInfo>
<poly>
<mAllowFlash>true</mAllowFlash>
<mx>396.557861</mx>
<my>241.801605</my>
</poly>
<brick>
<mLeftAnchored>true</mLeftAnchored>
<mRightAnchored>true</mRightAnchored>
<mBrickTextureFlip>true</mBrickTextureFlip>
<mBrickAngle>25.000000</mBrickAngle>
<mBrickThickness>20.000044</mBrickThickness>
<mBrickRadius>75.000000</mBrickRadius>
<mBrickRotation>287.500000</mBrickRotation>
<corners>
<point>3</point>
<point>4</point>
<point>0</point>
<point>7</point>
</corners>
</brick>
</ent>
<ent>
<class>6</class>
<mCollidable>true</mCollidable>
<mMoving>true</mMoving>
<mImageDX>-1.040658</mImageDX>
<mImageDY>-1.391960</mImageDY>
<pegInfo>
<mVariable>true</mVariable>
<mCrumble>true</mCrumble>
</pegInfo>
<poly>
<mAllowFlash>true</mAllowFlash>
<mx>360.000000</mx>
<my>245.000000</my>
</poly>
<brick>
<mRightAnchored>true</mRightAnchored>
<mBrickTextureFlip>true</mBrickTextureFlip>
<mBrickAngle>25.000000</mBrickAngle>
<mBrickThickness>20.000042</mBrickThickness>
<mBrickRadius>75.000000</mBrickRadius>
<mBrickRotation>-97.500000</mBrickRotation>
<corners>
<point>3</point>
<point>4</point>
<point>0</point>
<point>7</point>
</corners>
</brick>
</ent>
<ent>
<class>5</class>
<mCollidable>true</mCollidable>
<mMoving>true</mMoving>
<pegInfo>
<mVariable>true</mVariable>
</pegInfo>
<ball>
<mIsPeg>true</mIsPeg>
<mCollidesWithOtherBalls>true</mCollidesWithOtherBalls>
<mx>255.000000</mx>
<my>355.000000</my>
<mRadius>10.000000</mRadius>
</ball>
</ent>
<ent>
<class>5</class>
<mCollidable>true</mCollidable>
<mMoving>true</mMoving>
<pegInfo>
<mVariable>true</mVariable>
</pegInfo>
<ball>
<mIsPeg>true</mIsPeg>
<mCollidesWithOtherBalls>true</mCollidesWithOtherBalls>
<mx>230.000000</mx>
<my>295.000000</my>
<mRadius>10.000000</mRadius>
</ball>
</ent>
<ent>
<class>5</class>
<mCollidable>true</mCollidable>
<mMoving>true</mMoving>
<pegInfo>
<mVariable>true</mVariable>
</pegInfo>
<ball>
<mIsPeg>true</mIsPeg>
<mCollidesWithOtherBalls>true</mCollidesWithOtherBalls>
<mx>345.000000</mx>
<my>375.000000</my>
<mRadius>10.000000</mRadius>
</ball>
</ent>
<ent>
<class>5</class>
<mCollidable>true</mCollidable>
<mMoving>true</mMoving>
<pegInfo>
<mVariable>true</mVariable>
</pegInfo>
<ball>
<mIsPeg>true</mIsPeg>
<mCollidesWithOtherBalls>true</mCollidesWithOtherBalls>
<mx>305.000000</mx>
<my>375.000000</my>
<mRadius>10.000000</mRadius>
</ball>
</ent>
<ent>
<class>5</class>
<mCollidable>true</mCollidable>
<mMoving>true</mMoving>
<pegInfo>
<mVariable>true</mVariable>
</pegInfo>
<ball>
<mIsPeg>true</mIsPeg>
<mCollidesWithOtherBalls>true</mCollidesWithOtherBalls>
<mx>400.000000</mx>
<my>355.000000</my>
<mRadius>10.000000</mRadius>
</ball>
</ent>
<ent>
<class>5</class>
<mCollidable>true</mCollidable>
<mMoving>true</mMoving>
<pegInfo>
<mVariable>true</mVariable>
</pegInfo>
<ball>
<mIsPeg>true</mIsPeg>
<mCollidesWithOtherBalls>true</mCollidesWithOtherBalls>
<mx>425.000000</mx>
<my>295.000000</my>
<mRadius>10.000000</mRadius>
</ball>
</ent>
<ent>
<class>5</class>
<mCollidable>true</mCollidable>
<mMoving>true</mMoving>
<pegInfo>
<mVariable>true</mVariable>
</pegInfo>
<ball>
<mIsPeg>true</mIsPeg>
<mCollidesWithOtherBalls>true</mCollidesWithOtherBalls>
<mx>325.000000</mx>
<my>240.000000</my>
<mRadius>10.000000</mRadius>
</ball>
</ent>
<ent>
<class>5</class>
<mCollidable>true</mCollidable>
<mMoving>true</mMoving>
<pegInfo>
<mVariable>true</mVariable>
</pegInfo>
<ball>
<mIsPeg>true</mIsPeg>
<mCollidesWithOtherBalls>true</mCollidesWithOtherBalls>
<mx>325.000000</mx>
<my>405.000000</my>
<mRadius>10.000000</mRadius>
</ball>
</ent>
<ent>
<class>5</class>
<mCollidable>true</mCollidable>
<mMoving>true</mMoving>
<pegInfo>
<mVariable>true</mVariable>
</pegInfo>
<ball>
<mIsPeg>true</mIsPeg>
<mCollidesWithOtherBalls>true</mCollidesWithOtherBalls>
<mx>305.000000</mx>
<my>445.000000</my>
<mRadius>10.000000</mRadius>
</ball>
</ent>
<ent>
<class>5</class>
<mCollidable>true</mCollidable>
<mMoving>true</mMoving>
<pegInfo>
<mVariable>true</mVariable>
</pegInfo>
<ball>
<mIsPeg>true</mIsPeg>
<mCollidesWithOtherBalls>true</mCollidesWithOtherBalls>
<mx>345.000000</mx>
<my>445.000000</my>
<mRadius>10.000000</mRadius>
</ball>
</ent>
<ent>
<class>6</class>
<mCollidable>true</mCollidable>
<mMoving>true</mMoving>
<mImageDX>0.346888</mImageDX>
<mImageDY>0.863573</mImageDY>
<pegInfo>
<mVariable>true</mVariable>
</pegInfo>
<poly>
<mAllowFlash>true</mAllowFlash>
<mx>39.566620</mx>
<my>151.499664</my>
</poly>
<brick>
<mLeftAnchored>true</mLeftAnchored>
<mRightAnchored>true</mRightAnchored>
<mBrickAngle>25.000000</mBrickAngle>
<mBrickThickness>20.000032</mBrickThickness>
<mBrickRadius>75.000000</mBrickRadius>
<mBrickRotation>-147.500000</mBrickRotation>
<corners>
<point>3</point>
<point>4</point>
<point>0</point>
<point>7</point>
</corners>
</brick>
</ent>
<ent>
<class>6</class>
<mCollidable>true</mCollidable>
<mMoving>true</mMoving>
<mImageDX>-0.863578</mImageDX>
<mImageDY>-0.346895</mImageDY>
<pegInfo>
<mVariable>true</mVariable>
</pegInfo>
<poly>
<mAllowFlash>true</mAllowFlash>
<mx>65.515656</mx>
<my>177.448715</my>
</poly>
<brick>
<mLeftAnchored>true</mLeftAnchored>
<mRightAnchored>true</mRightAnchored>
<mBrickAngle>25.000000</mBrickAngle>
<mBrickThickness>20.000021</mBrickThickness>
<mBrickRadius>75.000000</mBrickRadius>
<mBrickRotation>-122.500000</mBrickRotation>
<corners>
<point>3</point>
<point>4</point>
<point>0</point>
<point>7</point>
</corners>
</brick>
</ent>
<ent>
<class>6</class>
<mCollidable>true</mCollidable>
<mMoving>true</mMoving>
<mImageDX>-1.040655</mImageDX>
<mImageDY>-1.391968</mImageDY>
<pegInfo>
<mVariable>true</mVariable>
</pegInfo>
<poly>
<mAllowFlash>true</mAllowFlash>
<mx>100.000000</mx>
<my>190.000000</my>
</poly>
<brick>
<mLeftAnchored>true</mLeftAnchored>
<mBrickAngle>25.000000</mBrickAngle>
<mBrickThickness>20.000032</mBrickThickness>
<mBrickRadius>75.000000</mBrickRadius>
<mBrickRotation>-97.500000</mBrickRotation>
<corners>
<point>3</point>
<point>4</point>
<point>0</point>
<point>7</point>
</corners>
</brick>
</ent>
<ent>
<class>6</class>
<mCollidable>true</mCollidable>
<mMoving>true</mMoving>
<mImageDX>1.391964</mImageDX>
<mImageDY>1.040657</mImageDY>
<pegInfo>
<mVariable>true</mVariable>
</pegInfo>
<poly>
<mAllowFlash>true</mAllowFlash>
<mx>27.015320</mx>
<my>117.015305</my>
</poly>
<brick>
<mLeftAnchored>true</mLeftAnchored>
<mRightAnchored>true</mRightAnchored>
<mBrickAngle>25.000000</mBrickAngle>
<mBrickThickness>20.000031</mBrickThickness>
<mBrickRadius>75.000000</mBrickRadius>
<mBrickRotation>-172.500000</mBrickRotation>
<corners>
<point>3</point>
<point>4</point>
<point>0</point>
<point>7</point>
</corners>
</brick>
</ent>
<ent>
<class>6</class>
<mCollidable>true</mCollidable>
<mMoving>true</mMoving>
<mImageDX>1.056480</mImageDX>
<mImageDY>-1.525912</mImageDY>
<pegInfo>
<mVariable>true</mVariable>
</pegInfo>
<poly>
<mAllowFlash>true</mAllowFlash>
<mx>30.213730</mx>
<my>80.457443</my>
</poly>
<brick>
<mRightAnchored>true</mRightAnchored>
<mBrickAngle>25.000000</mBrickAngle>
<mBrickThickness>20.000034</mBrickThickness>
<mBrickRadius>75.000000</mBrickRadius>
<mBrickRotation>162.500000</mBrickRotation>
<corners>
<point>3</point>
<point>4</point>
<point>0</point>
<point>7</point>
</corners>
</brick>
</ent>
<ent>
<class>6</class>
<mCollidable>true</mCollidable>
<mMoving>true</mMoving>
<mImageDX>0.863587</mImageDX>
<mImageDY>-0.346899</mImageDY>
<pegInfo>
<mVariable>true</mVariable>
</pegInfo>
<poly>
<mAllowFlash>true</mAllowFlash>
<mx>584.484375</mx>
<my>172.448715</my>
</poly>
<brick>
<mLeftAnchored>true</mLeftAnchored>
<mRightAnchored>true</mRightAnchored>
<mBrickAngle>25.000000</mBrickAngle>
<mBrickThickness>20.000021</mBrickThickness>
<mBrickRadius>75.000000</mBrickRadius>
<mBrickRotation>302.500000</mBrickRotation>
<corners>
<point>3</point>
<point>4</point>
<point>0</point>
<point>7</point>
</corners>
</brick>
</ent>
<ent>
<class>6</class>
<mCollidable>true</mCollidable>
<mMoving>true</mMoving>
<mImageDX>1.040669</mImageDX>
<mImageDY>-1.391968</mImageDY>
<pegInfo>
<mVariable>true</mVariable>
</pegInfo>
<poly>
<mAllowFlash>true</mAllowFlash>
<mx>550.000000</mx>
<my>185.000000</my>
</poly>
<brick>
<mLeftAnchored>true</mLeftAnchored>
<mBrickAngle>25.000000</mBrickAngle>
<mBrickThickness>20.000032</mBrickThickness>
<mBrickRadius>75.000000</mBrickRadius>
<mBrickRotation>277.500000</mBrickRotation>
<corners>
<point>3</point>
<point>4</point>
<point>0</point>
<point>7</point>
</corners>
</brick>
</ent>
<ent>
<class>6</class>
<mCollidable>true</mCollidable>
<mMoving>true</mMoving>
<mImageDX>-1.391953</mImageDX>
<mImageDY>1.040626</mImageDY>
<pegInfo>
<mVariable>true</mVariable>
</pegInfo>
<poly>
<mAllowFlash>true</mAllowFlash>
<mx>622.984741</mx>
<my>112.015305</my>
</poly>
<brick>
<mLeftAnchored>true</mLeftAnchored>
<mRightAnchored>true</mRightAnchored>
<mBrickAngle>25.000000</mBrickAngle>
<mBrickThickness>20.000031</mBrickThickness>
<mBrickRadius>75.000000</mBrickRadius>
<mBrickRotation>352.500000</mBrickRotation>
<corners>
<point>3</point>
<point>4</point>
<point>0</point>
<point>7</point>
</corners>
</brick>
</ent>
<ent>
<class>6</class>
<mCollidable>true</mCollidable>
<mMoving>true</mMoving>
<mImageDX>-1.056469</mImageDX>
<mImageDY>-1.525908</mImageDY>
<pegInfo>
<mVariable>true</mVariable>
</pegInfo>
<poly>
<mAllowFlash>true</mAllowFlash>
<mx>619.786316</mx>
<my>75.457443</my>
</poly>
<brick>
<mRightAnchored>true</mRightAnchored>
<mBrickAngle>25.000000</mBrickAngle>
<mBrickThickness>20.000034</mBrickThickness>
<mBrickRadius>75.000000</mBrickRadius>
<mBrickRotation>17.500000</mBrickRotation>
<corners>
<point>3</point>
<point>4</point>
<point>0</point>
<point>7</point>
</corners>
</brick>
</ent>
<ent>
<class>6</class>
<mCollidable>true</mCollidable>
<mMoving>true</mMoving>
<mImageDX>-0.346895</mImageDX>
<mImageDY>0.863571</mImageDY>
<pegInfo>
<mVariable>true</mVariable>
</pegInfo>
<poly>
<mAllowFlash>true</mAllowFlash>
<mx>610.433472</mx>
<my>146.499649</my>
</poly>
<brick>
<mLeftAnchored>true</mLeftAnchored>
<mBrickAngle>25.000000</mBrickAngle>
<mBrickThickness>20.000021</mBrickThickness>
<mBrickRadius>75.000000</mBrickRadius>
<mBrickRotation>-32.500000</mBrickRotation>
<corners>
<point>3</point>
<point>4</point>
<point>0</point>
<point>7</point>
</corners>
</brick>
</ent>
<ent>
<class>5</class>
<mCollidable>true</mCollidable>
<mMoving>true</mMoving>
<pegInfo>
<mVariable>true</mVariable>
</pegInfo>
<ball>
<mIsPeg>true</mIsPeg>
<mCollidesWithOtherBalls>true</mCollidesWithOtherBalls>
<mx>145.000000</mx>
<my>185.000000</my>
<mRadius>10.000000</mRadius>
</ball>
</ent>
<ent>
<class>5</class>
<mCollidable>true</mCollidable>
<mMoving>true</mMoving>
<pegInfo>
<mVariable>true</mVariable>
</pegInfo>
<ball>
<mIsPeg>true</mIsPeg>
<mCollidesWithOtherBalls>true</mCollidesWithOtherBalls>
<mx>505.000000</mx>
<my>185.000000</my>
<mRadius>10.000000</mRadius>
</ball>
</ent>
<ent>
<class>5</class>
<mCollidable>true</mCollidable>
<mMoving>true</mMoving>
<pegInfo>
<mVariable>true</mVariable>
</pegInfo>
<ball>
<mIsPeg>true</mIsPeg>
<mCollidesWithOtherBalls>true</mCollidesWithOtherBalls>
<mx>185.000000</mx>
<my>185.000000</my>
<mRadius>10.000000</mRadius>
</ball>
</ent>
<ent>
<class>5</class>
<mCollidable>true</mCollidable>
<mMoving>true</mMoving>
<pegInfo>
<mVariable>true</mVariable>
</pegInfo>
<ball>
<mIsPeg>true</mIsPeg>
<mCollidesWithOtherBalls>true</mCollidesWithOtherBalls>
<mx>465.000000</mx>
<my>185.000000</my>
<mRadius>10.000000</mRadius>
</ball>
</ent>
<ent>
<class>5</class>
<mCollidable>true</mCollidable>
<mMoving>true</mMoving>
<pegInfo>
<mVariable>true</mVariable>
</pegInfo>
<ball>
<mIsPeg>true</mIsPeg>
<mCollidesWithOtherBalls>true</mCollidesWithOtherBalls>
<mx>165.000000</mx>
<my>155.000000</my>
<mRadius>10.000000</mRadius>
</ball>
</ent>
<ent>
<class>5</class>
<mCollidable>true</mCollidable>
<mMoving>true</mMoving>
<pegInfo>
<mVariable>true</mVariable>
</pegInfo>
<ball>
<mIsPeg>true</mIsPeg>
<mCollidesWithOtherBalls>true</mCollidesWithOtherBalls>
<mx>485.000000</mx>
<my>155.000000</my>
<mRadius>10.000000</mRadius>
</ball>
</ent>
<ent>
<class>5</class>
<mCollidable>true</mCollidable>
<mMoving>true</mMoving>
<pegInfo>
<mVariable>true</mVariable>
</pegInfo>
<ball>
<mIsPeg>true</mIsPeg>
<mCollidesWithOtherBalls>true</mCollidesWithOtherBalls>
<mx>325.000000</mx>
<my>340.000000</my>
<mRadius>10.000000</mRadius>
</ball>
</ent>
<ent>
<class>5</class>
<mCollidable>true</mCollidable>
<mMoving>true</mMoving>
<pegInfo>
<mVariable>true</mVariable>
</pegInfo>
<ball>
<mIsPeg>true</mIsPeg>
<mCollidesWithOtherBalls>true</mCollidesWithOtherBalls>
<mx>265.000000</mx>
<my>205.000000</my>
<mRadius>10.000000</mRadius>
</ball>
</ent>
<ent>
<class>5</class>
<mCollidable>true</mCollidable>
<mMoving>true</mMoving>
<pegInfo>
<mVariable>true</mVariable>
</pegInfo>
<ball>
<mIsPeg>true</mIsPeg>
<mCollidesWithOtherBalls>true</mCollidesWithOtherBalls>
<mx>385.000000</mx>
<my>205.000000</my>
<mRadius>10.000000</mRadius>
</ball>
</ent>
<ent>
<class>5</class>
<mCollidable>true</mCollidable>
<mMoving>true</mMoving>
<pegInfo>
<mVariable>true</mVariable>
</pegInfo>
<ball>
<mIsPeg>true</mIsPeg>
<mCollidesWithOtherBalls>true</mCollidesWithOtherBalls>
<mx>250.000000</mx>
<my>320.000000</my>
<mRadius>10.000000</mRadius>
</ball>
</ent>
<ent>
<class>5</class>
<mCollidable>true</mCollidable>
<mMoving>true</mMoving>
<pegInfo>
<mVariable>true</mVariable>
</pegInfo>
<ball>
<mIsPeg>true</mIsPeg>
<mCollidesWithOtherBalls>true</mCollidesWithOtherBalls>
<mx>405.000000</mx>
<my>320.000000</my>
<mRadius>10.000000</mRadius>
</ball>
</ent>
<ent>
<class>5</class>
<mCollidable>true</mCollidable>
<mMoving>true</mMoving>
<pegInfo>
<mVariable>true</mVariable>
</pegInfo>
<ball>
<mIsPeg>true</mIsPeg>
<mCollidesWithOtherBalls>true</mCollidesWithOtherBalls>
<mx>325.000000</mx>
<my>290.000000</my>
<mRadius>10.000000</mRadius>
</ball>
</ent>
<ent>
<class>5</class>
<mCollidable>true</mCollidable>
<mMoving>true</mMoving>
<pegInfo>
<mVariable>true</mVariable>
</pegInfo>
<ball>
<mIsPeg>true</mIsPeg>
<mCollidesWithOtherBalls>true</mCollidesWithOtherBalls>
<mx>225.000000</mx>
<my>190.000000</my>
<mRadius>10.000000</mRadius>
</ball>
</ent>
<ent>
<class>5</class>
<mCollidable>true</mCollidable>
<mMoving>true</mMoving>
<pegInfo>
<mVariable>true</mVariable>
</pegInfo>
<ball>
<mIsPeg>true</mIsPeg>
<mCollidesWithOtherBalls>true</mCollidesWithOtherBalls>
<mx>425.000000</mx>
<my>190.000000</my>
<mRadius>10.000000</mRadius>
</ball>
</ent>
</level>
