<level name="levels/export66/spinners.dat.xml">
<version>66</version>
<isLevel>true</isLevel>
<ent>
<class>6</class>
<mCollidable>true</mCollidable>
<mMoving>true</mMoving>
<mImageDX>-0.000004</mImageDX>
<mImageDY>0.253662</mImageDY>
<pegInfo>
<mVariable>true</mVariable>
<mCrumbleCounter>2</mCrumbleCounter>
</pegInfo>
<mover>
<mMoveType>13</mMoveType>
<mOrigX>448.000000</mOrigX>
<mOrigY>320.000000</mOrigY>
<mMoveTime>3000</mMoveTime>
<mMoveRadius>175</mMoveRadius>
<mMovePhase>0.791667</mMovePhase>
<mMoveMaxAngle>0.523599</mMoveMaxAngle>
<mRotation>3.401298</mRotation>
<mRotationAdd>-1.570796</mRotationAdd>
<mx>492.939209</mx>
<my>489.131531</my>
</mover>
<poly>
<mAllowFlash>true</mAllowFlash>
<mRad>3.401298</mRad>
</poly>
<brick>
<mBrickAngle>10.000000</mBrickAngle>
<mBrickThickness>20.000031</mBrickThickness>
<mBrickRadius>150.000000</mBrickRadius>
<mBrickRotation>90.000000</mBrickRotation>
<corners>
<point>3</point>
<point>4</point>
<point>0</point>
<point>7</point>
</corners>
</brick>
</ent>
<ent>
<class>6</class>
<mCollidable>true</mCollidable>
<mMoving>true</mMoving>
<mImageDX>-0.484217</mImageDX>
<mImageDY>0.032890</mImageDY>
<pegInfo>
<mVariable>true</mVariable>
<mCrumbleCounter>2</mCrumbleCounter>
</pegInfo>
<mover>
<mMoveType>13</mMoveType>
<mOrigX>448.000000</mOrigX>
<mOrigY>320.000000</mOrigY>
<mMoveTime>3000</mMoveTime>
<mMoveRadius>175</mMoveRadius>
<mMovePhase>0.708333</mMovePhase>
<mMoveMaxAngle>0.523599</mMoveMaxAngle>
<mRotation>2.354100</mRotation>
<mRotationAdd>-2.094395</mRotationAdd>
<mx>402.352783</mx>
<my>488.941772</my>
</mover>
<poly>
<mAllowFlash>true</mAllowFlash>
<mRad>2.354100</mRad>
</poly>
<brick>
<mBrickAngle>10.000000</mBrickAngle>
<mBrickThickness>20.000031</mBrickThickness>
<mBrickRadius>150.000000</mBrickRadius>
<mBrickRotation>120.000000</mBrickRotation>
<corners>
<point>3</point>
<point>4</point>
<point>0</point>
<point>7</point>
</corners>
</brick>
</ent>
<ent>
<class>6</class>
<mCollidable>true</mCollidable>
<mMoving>true</mMoving>
<mImageDX>0.032871</mImageDX>
<mImageDY>-0.484201</mImageDY>
<pegInfo>
<mVariable>true</mVariable>
<mCrumbleCounter>2</mCrumbleCounter>
</pegInfo>
<mover>
<mMoveType>13</mMoveType>
<mOrigX>448.000000</mOrigX>
<mOrigY>320.000000</mOrigY>
<mMoveTime>3000</mMoveTime>
<mMoveRadius>175</mMoveRadius>
<mMovePhase>0.625000</mMovePhase>
<mMoveMaxAngle>0.523599</mMoveMaxAngle>
<mRotation>1.306903</mRotation>
<mRotationAdd>-2.617994</mRotationAdd>
<mx>323.997437</mx>
<my>443.484283</my>
</mover>
<poly>
<mAllowFlash>true</mAllowFlash>
<mRad>1.306903</mRad>
</poly>
<brick>
<mBrickAngle>10.000000</mBrickAngle>
<mBrickThickness>20.000031</mBrickThickness>
<mBrickRadius>150.000000</mBrickRadius>
<mBrickRotation>150.000000</mBrickRotation>
<corners>
<point>3</point>
<point>4</point>
<point>0</point>
<point>7</point>
</corners>
</brick>
</ent>
<ent>
<class>6</class>
<mCollidable>true</mCollidable>
<mMoving>true</mMoving>
<mImageDX>0.253654</mImageDX>
<pegInfo>
<mVariable>true</mVariable>
<mCrumbleCounter>3</mCrumbleCounter>
</pegInfo>
<mover>
<mMoveType>13</mMoveType>
<mOrigX>448.000000</mOrigX>
<mOrigY>320.000000</mOrigY>
<mMoveTime>3000</mMoveTime>
<mMoveRadius>175</mMoveRadius>
<mMovePhase>0.541667</mMovePhase>
<mMoveMaxAngle>0.523599</mMoveMaxAngle>
<mRotation>0.259705</mRotation>
<mRotationAdd>-3.141593</mRotationAdd>
<mx>278.868469</mx>
<my>364.939178</my>
</mover>
<poly>
<mAllowFlash>true</mAllowFlash>
<mRad>0.259705</mRad>
</poly>
<brick>
<mBrickAngle>10.000000</mBrickAngle>
<mBrickThickness>20.000031</mBrickThickness>
<mBrickRadius>150.000000</mBrickRadius>
<mBrickRotation>180.000000</mBrickRotation>
<corners>
<point>3</point>
<point>4</point>
<point>0</point>
<point>7</point>
</corners>
</brick>
</ent>
<ent>
<class>6</class>
<mCollidable>true</mCollidable>
<mMoving>true</mMoving>
<mImageDX>0.032875</mImageDX>
<mImageDY>0.484205</mImageDY>
<pegInfo>
<mVariable>true</mVariable>
<mCrumbleCounter>1</mCrumbleCounter>
</pegInfo>
<mover>
<mMoveType>13</mMoveType>
<mOrigX>448.000000</mOrigX>
<mOrigY>320.000000</mOrigY>
<mMoveTime>3000</mMoveTime>
<mMoveRadius>175</mMoveRadius>
<mMovePhase>0.458333</mMovePhase>
<mMoveMaxAngle>0.523599</mMoveMaxAngle>
<mRotation>-0.787493</mRotation>
<mRotationAdd>-3.665191</mRotationAdd>
<mx>279.058228</mx>
<my>274.352753</my>
</mover>
<poly>
<mAllowFlash>true</mAllowFlash>
<mRad>-0.787493</mRad>
</poly>
<brick>
<mBrickAngle>10.000000</mBrickAngle>
<mBrickThickness>20.000031</mBrickThickness>
<mBrickRadius>150.000000</mBrickRadius>
<mBrickRotation>210.000000</mBrickRotation>
<corners>
<point>3</point>
<point>4</point>
<point>0</point>
<point>7</point>
</corners>
</brick>
</ent>
<ent>
<class>6</class>
<mCollidable>true</mCollidable>
<mMoving>true</mMoving>
<mImageDX>-0.484221</mImageDX>
<mImageDY>-0.032875</mImageDY>
<pegInfo>
<mVariable>true</mVariable>
<mCrumbleCounter>1</mCrumbleCounter>
</pegInfo>
<mover>
<mMoveType>13</mMoveType>
<mOrigX>447.000000</mOrigX>
<mOrigY>320.000000</mOrigY>
<mMoveTime>3000</mMoveTime>
<mMoveRadius>175</mMoveRadius>
<mMovePhase>0.375000</mMovePhase>
<mMoveMaxAngle>0.523599</mMoveMaxAngle>
<mRotation>-1.834690</mRotation>
<mRotationAdd>-4.188790</mRotationAdd>
<mx>323.515747</mx>
<my>195.997437</my>
</mover>
<poly>
<mAllowFlash>true</mAllowFlash>
<mRad>-1.834690</mRad>
</poly>
<brick>
<mBrickAngle>10.000000</mBrickAngle>
<mBrickThickness>20.000031</mBrickThickness>
<mBrickRadius>150.000000</mBrickRadius>
<mBrickRotation>240.000000</mBrickRotation>
<corners>
<point>3</point>
<point>4</point>
<point>0</point>
<point>7</point>
</corners>
</brick>
</ent>
<ent>
<class>6</class>
<mCollidable>true</mCollidable>
<mMoving>true</mMoving>
<mImageDY>-0.253654</mImageDY>
<pegInfo>
<mVariable>true</mVariable>
</pegInfo>
<mover>
<mMoveType>13</mMoveType>
<mOrigX>448.000000</mOrigX>
<mOrigY>320.000000</mOrigY>
<mMoveTime>3000</mMoveTime>
<mMoveRadius>175</mMoveRadius>
<mMovePhase>0.291667</mMovePhase>
<mMoveMaxAngle>0.523599</mMoveMaxAngle>
<mRotation>-2.881887</mRotation>
<mRotationAdd>-4.712389</mRotationAdd>
<mx>403.060791</mx>
<my>150.868484</my>
</mover>
<poly>
<mAllowFlash>true</mAllowFlash>
<mRad>-2.881887</mRad>
</poly>
<brick>
<mBrickAngle>10.000000</mBrickAngle>
<mBrickThickness>20.000031</mBrickThickness>
<mBrickRadius>150.000000</mBrickRadius>
<mBrickRotation>270.000000</mBrickRotation>
<corners>
<point>3</point>
<point>4</point>
<point>0</point>
<point>7</point>
</corners>
</brick>
</ent>
<ent>
<class>6</class>
<mCollidable>true</mCollidable>
<mMoving>true</mMoving>
<mImageDX>0.484240</mImageDX>
<mImageDY>-0.032898</mImageDY>
<pegInfo>
<mVariable>true</mVariable>
</pegInfo>
<mover>
<mMoveType>13</mMoveType>
<mOrigX>448.000000</mOrigX>
<mOrigY>320.000000</mOrigY>
<mMoveTime>3000</mMoveTime>
<mMoveRadius>175</mMoveRadius>
<mMovePhase>0.208333</mMovePhase>
<mMoveMaxAngle>0.523599</mMoveMaxAngle>
<mRotation>-3.929085</mRotation>
<mRotationAdd>-5.235988</mRotationAdd>
<mx>493.647247</mx>
<my>151.058212</my>
</mover>
<poly>
<mAllowFlash>true</mAllowFlash>
<mRad>-3.929085</mRad>
</poly>
<brick>
<mBrickAngle>10.000000</mBrickAngle>
<mBrickThickness>20.000031</mBrickThickness>
<mBrickRadius>150.000000</mBrickRadius>
<mBrickRotation>300.000000</mBrickRotation>
<corners>
<point>3</point>
<point>4</point>
<point>0</point>
<point>7</point>
</corners>
</brick>
</ent>
<ent>
<class>6</class>
<mCollidable>true</mCollidable>
<mMoving>true</mMoving>
<mImageDX>-0.032860</mImageDX>
<mImageDY>0.484198</mImageDY>
<pegInfo>
<mVariable>true</mVariable>
</pegInfo>
<mover>
<mMoveType>13</mMoveType>
<mOrigX>448.000000</mOrigX>
<mOrigY>320.000000</mOrigY>
<mMoveTime>3000</mMoveTime>
<mMoveRadius>175</mMoveRadius>
<mMovePhase>0.041666</mMovePhase>
<mMoveMaxAngle>0.523599</mMoveMaxAngle>
<mRotation>-5.499881</mRotation>
<mRotationAdd>-5.759586</mRotationAdd>
<mx>617.131531</mx>
<my>275.060791</my>
</mover>
<poly>
<mAllowFlash>true</mAllowFlash>
<mRad>-5.499881</mRad>
</poly>
<brick>
<mBrickAngle>10.000000</mBrickAngle>
<mBrickThickness>20.000031</mBrickThickness>
<mBrickRadius>150.000000</mBrickRadius>
<mBrickRotation>330.000000</mBrickRotation>
<corners>
<point>3</point>
<point>4</point>
<point>0</point>
<point>7</point>
</corners>
</brick>
</ent>
<ent>
<class>6</class>
<mCollidable>true</mCollidable>
<mMoving>true</mMoving>
<mImageDX>-0.253662</mImageDX>
<mImageDY>-0.000078</mImageDY>
<pegInfo>
<mVariable>true</mVariable>
</pegInfo>
<mover>
<mMoveType>13</mMoveType>
<mOrigX>448.000000</mOrigX>
<mOrigY>320.000000</mOrigY>
<mMoveTime>3000</mMoveTime>
<mMoveRadius>175</mMoveRadius>
<mMovePhase>0.125000</mMovePhase>
<mMoveMaxAngle>0.523599</mMoveMaxAngle>
<mRotation>-5.499882</mRotation>
<mRotationAdd>-6.283185</mRotationAdd>
<mx>572.002563</mx>
<my>196.515747</my>
</mover>
<poly>
<mAllowFlash>true</mAllowFlash>
<mRad>-5.499882</mRad>
</poly>
<brick>
<mBrickAngle>10.000000</mBrickAngle>
<mBrickThickness>20.000031</mBrickThickness>
<mBrickRadius>150.000000</mBrickRadius>
<mBrickRotation>360.000000</mBrickRotation>
<corners>
<point>3</point>
<point>4</point>
<point>0</point>
<point>7</point>
</corners>
</brick>
</ent>
<ent>
<class>6</class>
<mCollidable>true</mCollidable>
<mMoving>true</mMoving>
<mImageDX>-0.032875</mImageDX>
<mImageDY>-0.484209</mImageDY>
<pegInfo>
<mVariable>true</mVariable>
<mCrumbleCounter>1</mCrumbleCounter>
</pegInfo>
<mover>
<mMoveType>13</mMoveType>
<mOrigX>448.000000</mOrigX>
<mOrigY>320.000000</mOrigY>
<mMoveTime>3000</mMoveTime>
<mMoveRadius>175</mMoveRadius>
<mMovePhase>0.958333</mMovePhase>
<mMoveMaxAngle>0.523599</mMoveMaxAngle>
<mRotation>-0.787492</mRotation>
<mRotationAdd>-6.806784</mRotationAdd>
<mx>616.941772</mx>
<my>365.647217</my>
</mover>
<poly>
<mAllowFlash>true</mAllowFlash>
<mRad>-0.787492</mRad>
</poly>
<brick>
<mBrickAngle>10.000000</mBrickAngle>
<mBrickThickness>20.000031</mBrickThickness>
<mBrickRadius>150.000000</mBrickRadius>
<mBrickRotation>390.000000</mBrickRotation>
<corners>
<point>3</point>
<point>4</point>
<point>0</point>
<point>7</point>
</corners>
</brick>
</ent>
<ent>
<class>6</class>
<mCollidable>true</mCollidable>
<mMoving>true</mMoving>
<mImageDX>0.484207</mImageDX>
<mImageDY>0.032887</mImageDY>
<pegInfo>
<mVariable>true</mVariable>
<mCrumbleCounter>1</mCrumbleCounter>
</pegInfo>
<mover>
<mMoveType>13</mMoveType>
<mOrigX>448.000000</mOrigX>
<mOrigY>320.000000</mOrigY>
<mMoveTime>3000</mMoveTime>
<mMoveRadius>175</mMoveRadius>
<mMovePhase>0.875000</mMovePhase>
<mMoveMaxAngle>0.523599</mMoveMaxAngle>
<mRotation>-1.834690</mRotation>
<mRotationAdd>-7.330383</mRotationAdd>
<mx>571.484314</mx>
<my>444.002533</my>
</mover>
<poly>
<mAllowFlash>true</mAllowFlash>
<mRad>-1.834690</mRad>
</poly>
<brick>
<mBrickAngle>10.000000</mBrickAngle>
<mBrickThickness>20.000031</mBrickThickness>
<mBrickRadius>150.000000</mBrickRadius>
<mBrickRotation>420.000000</mBrickRotation>
<corners>
<point>3</point>
<point>4</point>
<point>0</point>
<point>7</point>
</corners>
</brick>
</ent>
<ent>
<class>6</class>
<mCollidable>true</mCollidable>
<mMoving>true</mMoving>
<mImageDX>-0.000004</mImageDX>
<mImageDY>0.253662</mImageDY>
<pegInfo>
<mVariable>true</mVariable>
</pegInfo>
<mover>
<mMoveType>13</mMoveType>
<mOrigX>201.304749</mOrigX>
<mOrigY>320.000000</mOrigY>
<mMoveTime>3000</mMoveTime>
<mMoveRadius>175</mMoveRadius>
<mRotation>-1.570796</mRotation>
<mRotationAdd>-1.570796</mRotationAdd>
<mx>376.304749</mx>
<my>320.000000</my>
</mover>
<poly>
<mAllowFlash>true</mAllowFlash>
<mRad>-1.570796</mRad>
</poly>
<brick>
<mBrickAngle>10.000000</mBrickAngle>
<mBrickThickness>20.000031</mBrickThickness>
<mBrickRadius>150.000000</mBrickRadius>
<mBrickRotation>90.000000</mBrickRotation>
<corners>
<point>3</point>
<point>4</point>
<point>0</point>
<point>7</point>
</corners>
</brick>
</ent>
<ent>
<class>6</class>
<mCollidable>true</mCollidable>
<mMoving>true</mMoving>
<mImageDX>-0.484217</mImageDX>
<mImageDY>0.032890</mImageDY>
<pegInfo>
<mVariable>true</mVariable>
<mCrumbleCounter>3</mCrumbleCounter>
</pegInfo>
<mover>
<mMoveType>13</mMoveType>
<mOrigX>201.304749</mOrigX>
<mOrigY>320.000000</mOrigY>
<mMoveTime>3000</mMoveTime>
<mMoveRadius>175</mMoveRadius>
<mMovePhase>0.083333</mMovePhase>
<mRotation>-1.570796</mRotation>
<mRotationAdd>-2.094395</mRotationAdd>
<mx>352.859192</mx>
<my>232.500000</my>
</mover>
<poly>
<mAllowFlash>true</mAllowFlash>
<mRad>-1.570796</mRad>
</poly>
<brick>
<mBrickAngle>10.000000</mBrickAngle>
<mBrickThickness>20.000031</mBrickThickness>
<mBrickRadius>150.000000</mBrickRadius>
<mBrickRotation>120.000000</mBrickRotation>
<corners>
<point>3</point>
<point>4</point>
<point>0</point>
<point>7</point>
</corners>
</brick>
</ent>
<ent>
<class>6</class>
<mCollidable>true</mCollidable>
<mMoving>true</mMoving>
<mImageDX>0.032871</mImageDX>
<mImageDY>-0.484201</mImageDY>
<pegInfo>
<mVariable>true</mVariable>
<mCrumbleCounter>3</mCrumbleCounter>
</pegInfo>
<mover>
<mMoveType>13</mMoveType>
<mOrigX>201.304749</mOrigX>
<mOrigY>320.000000</mOrigY>
<mMoveTime>3000</mMoveTime>
<mMoveRadius>175</mMoveRadius>
<mMovePhase>0.166667</mMovePhase>
<mRotation>-1.570796</mRotation>
<mRotationAdd>-2.617994</mRotationAdd>
<mx>288.804749</mx>
<my>168.445541</my>
</mover>
<poly>
<mAllowFlash>true</mAllowFlash>
<mRad>-1.570796</mRad>
</poly>
<brick>
<mBrickAngle>10.000000</mBrickAngle>
<mBrickThickness>20.000031</mBrickThickness>
<mBrickRadius>150.000000</mBrickRadius>
<mBrickRotation>150.000000</mBrickRotation>
<corners>
<point>3</point>
<point>4</point>
<point>0</point>
<point>7</point>
</corners>
</brick>
</ent>
<ent>
<class>6</class>
<mCollidable>true</mCollidable>
<mMoving>true</mMoving>
<mImageDX>0.253654</mImageDX>
<pegInfo>
<mVariable>true</mVariable>
<mCrumbleCounter>1</mCrumbleCounter>
</pegInfo>
<mover>
<mMoveType>13</mMoveType>
<mOrigX>201.304749</mOrigX>
<mOrigY>320.000000</mOrigY>
<mMoveTime>3000</mMoveTime>
<mMoveRadius>175</mMoveRadius>
<mMovePhase>0.250000</mMovePhase>
<mRotation>-1.570796</mRotation>
<mRotationAdd>-3.141593</mRotationAdd>
<mx>201.304733</mx>
<my>145.000000</my>
</mover>
<poly>
<mAllowFlash>true</mAllowFlash>
<mRad>-1.570796</mRad>
</poly>
<brick>
<mBrickAngle>10.000000</mBrickAngle>
<mBrickThickness>20.000031</mBrickThickness>
<mBrickRadius>150.000000</mBrickRadius>
<mBrickRotation>180.000000</mBrickRotation>
<corners>
<point>3</point>
<point>4</point>
<point>0</point>
<point>7</point>
</corners>
</brick>
</ent>
<ent>
<class>6</class>
<mCollidable>true</mCollidable>
<mMoving>true</mMoving>
<mImageDX>0.032875</mImageDX>
<mImageDY>0.484205</mImageDY>
<pegInfo>
<mVariable>true</mVariable>
<mCrumbleCounter>2</mCrumbleCounter>
</pegInfo>
<mover>
<mMoveType>13</mMoveType>
<mOrigX>201.304749</mOrigX>
<mOrigY>320.000000</mOrigY>
<mMoveTime>3000</mMoveTime>
<mMoveRadius>175</mMoveRadius>
<mMovePhase>0.333333</mMovePhase>
<mRotation>-1.570796</mRotation>
<mRotationAdd>-3.665191</mRotationAdd>
<mx>113.804741</mx>
<my>168.445557</my>
</mover>
<poly>
<mAllowFlash>true</mAllowFlash>
<mRad>-1.570796</mRad>
</poly>
<brick>
<mBrickAngle>10.000000</mBrickAngle>
<mBrickThickness>20.000031</mBrickThickness>
<mBrickRadius>150.000000</mBrickRadius>
<mBrickRotation>210.000000</mBrickRotation>
<corners>
<point>3</point>
<point>4</point>
<point>0</point>
<point>7</point>
</corners>
</brick>
</ent>
<ent>
<class>6</class>
<mCollidable>true</mCollidable>
<mMoving>true</mMoving>
<mImageDX>-0.484221</mImageDX>
<mImageDY>-0.032875</mImageDY>
<pegInfo>
<mVariable>true</mVariable>
<mCrumbleCounter>1</mCrumbleCounter>
</pegInfo>
<mover>
<mMoveType>13</mMoveType>
<mOrigX>201.304749</mOrigX>
<mOrigY>320.000000</mOrigY>
<mMoveTime>3000</mMoveTime>
<mMoveRadius>175</mMoveRadius>
<mMovePhase>0.416667</mMovePhase>
<mRotation>-1.570796</mRotation>
<mRotationAdd>-4.188790</mRotationAdd>
<mx>49.750305</mx>
<my>232.500000</my>
</mover>
<poly>
<mAllowFlash>true</mAllowFlash>
<mRad>-1.570796</mRad>
</poly>
<brick>
<mBrickAngle>10.000000</mBrickAngle>
<mBrickThickness>20.000031</mBrickThickness>
<mBrickRadius>150.000000</mBrickRadius>
<mBrickRotation>240.000000</mBrickRotation>
<corners>
<point>3</point>
<point>4</point>
<point>0</point>
<point>7</point>
</corners>
</brick>
</ent>
<ent>
<class>6</class>
<mCollidable>true</mCollidable>
<mMoving>true</mMoving>
<mImageDY>-0.253654</mImageDY>
<pegInfo>
<mVariable>true</mVariable>
<mCrumbleCounter>3</mCrumbleCounter>
</pegInfo>
<mover>
<mMoveType>13</mMoveType>
<mOrigX>201.304749</mOrigX>
<mOrigY>320.000000</mOrigY>
<mMoveTime>3000</mMoveTime>
<mMoveRadius>175</mMoveRadius>
<mMovePhase>0.500000</mMovePhase>
<mRotation>-1.570796</mRotation>
<mRotationAdd>-4.712389</mRotationAdd>
<mx>26.304749</mx>
<my>320.000031</my>
</mover>
<poly>
<mAllowFlash>true</mAllowFlash>
<mRad>-1.570796</mRad>
</poly>
<brick>
<mBrickAngle>10.000000</mBrickAngle>
<mBrickThickness>20.000031</mBrickThickness>
<mBrickRadius>150.000000</mBrickRadius>
<mBrickRotation>270.000000</mBrickRotation>
<corners>
<point>3</point>
<point>4</point>
<point>0</point>
<point>7</point>
</corners>
</brick>
</ent>
<ent>
<class>6</class>
<mCollidable>true</mCollidable>
<mMoving>true</mMoving>
<mImageDX>0.484240</mImageDX>
<mImageDY>-0.032898</mImageDY>
<pegInfo>
<mVariable>true</mVariable>
</pegInfo>
<mover>
<mMoveType>13</mMoveType>
<mOrigX>201.304749</mOrigX>
<mOrigY>320.000000</mOrigY>
<mMoveTime>3000</mMoveTime>
<mMoveRadius>175</mMoveRadius>
<mMovePhase>0.583333</mMovePhase>
<mRotation>-1.570796</mRotation>
<mRotationAdd>-5.235988</mRotationAdd>
<mx>49.750305</mx>
<my>407.500000</my>
</mover>
<poly>
<mAllowFlash>true</mAllowFlash>
<mRad>-1.570796</mRad>
</poly>
<brick>
<mBrickAngle>10.000000</mBrickAngle>
<mBrickThickness>20.000031</mBrickThickness>
<mBrickRadius>150.000000</mBrickRadius>
<mBrickRotation>300.000000</mBrickRotation>
<corners>
<point>3</point>
<point>4</point>
<point>0</point>
<point>7</point>
</corners>
</brick>
</ent>
<ent>
<class>6</class>
<mCollidable>true</mCollidable>
<mMoving>true</mMoving>
<mImageDX>-0.032860</mImageDX>
<mImageDY>0.484198</mImageDY>
<pegInfo>
<mVariable>true</mVariable>
<mCrumbleCounter>1</mCrumbleCounter>
</pegInfo>
<mover>
<mMoveType>13</mMoveType>
<mOrigX>201.304749</mOrigX>
<mOrigY>320.000000</mOrigY>
<mMoveTime>3000</mMoveTime>
<mMoveRadius>175</mMoveRadius>
<mMovePhase>0.666667</mMovePhase>
<mRotation>-1.570796</mRotation>
<mRotationAdd>-5.759586</mRotationAdd>
<mx>113.804764</mx>
<my>471.554443</my>
</mover>
<poly>
<mAllowFlash>true</mAllowFlash>
<mRad>-1.570796</mRad>
</poly>
<brick>
<mBrickAngle>10.000000</mBrickAngle>
<mBrickThickness>20.000031</mBrickThickness>
<mBrickRadius>150.000000</mBrickRadius>
<mBrickRotation>330.000000</mBrickRotation>
<corners>
<point>3</point>
<point>4</point>
<point>0</point>
<point>7</point>
</corners>
</brick>
</ent>
<ent>
<class>6</class>
<mCollidable>true</mCollidable>
<mMoving>true</mMoving>
<mImageDX>-0.253662</mImageDX>
<mImageDY>-0.000078</mImageDY>
<pegInfo>
<mVariable>true</mVariable>
<mCrumbleCounter>1</mCrumbleCounter>
</pegInfo>
<mover>
<mMoveType>13</mMoveType>
<mOrigX>201.304749</mOrigX>
<mOrigY>320.000000</mOrigY>
<mMoveTime>3000</mMoveTime>
<mMoveRadius>175</mMoveRadius>
<mMovePhase>0.750000</mMovePhase>
<mRotation>-1.570796</mRotation>
<mRotationAdd>-6.283185</mRotationAdd>
<mx>201.304749</mx>
<my>495.000000</my>
</mover>
<poly>
<mAllowFlash>true</mAllowFlash>
<mRad>-1.570796</mRad>
</poly>
<brick>
<mBrickAngle>10.000000</mBrickAngle>
<mBrickThickness>20.000031</mBrickThickness>
<mBrickRadius>150.000000</mBrickRadius>
<mBrickRotation>360.000000</mBrickRotation>
<corners>
<point>3</point>
<point>4</point>
<point>0</point>
<point>7</point>
</corners>
</brick>
</ent>
<ent>
<class>6</class>
<mCollidable>true</mCollidable>
<mMoving>true</mMoving>
<mImageDX>-0.032875</mImageDX>
<mImageDY>-0.484209</mImageDY>
<pegInfo>
<mVariable>true</mVariable>
<mCrumbleCounter>1</mCrumbleCounter>
</pegInfo>
<mover>
<mMoveType>13</mMoveType>
<mOrigX>201.304749</mOrigX>
<mOrigY>320.000000</mOrigY>
<mMoveTime>3000</mMoveTime>
<mMoveRadius>175</mMoveRadius>
<mMovePhase>0.833333</mMovePhase>
<mRotation>-1.570796</mRotation>
<mRotationAdd>-6.806784</mRotationAdd>
<mx>288.804749</mx>
<my>471.554443</my>
</mover>
<poly>
<mAllowFlash>true</mAllowFlash>
<mRad>-1.570796</mRad>
</poly>
<brick>
<mBrickAngle>10.000000</mBrickAngle>
<mBrickThickness>20.000031</mBrickThickness>
<mBrickRadius>150.000000</mBrickRadius>
<mBrickRotation>390.000000</mBrickRotation>
<corners>
<point>3</point>
<point>4</point>
<point>0</point>
<point>7</point>
</corners>
</brick>
</ent>
<ent>
<class>6</class>
<mCollidable>true</mCollidable>
<mMoving>true</mMoving>
<mImageDX>0.484207</mImageDX>
<mImageDY>0.032887</mImageDY>
<pegInfo>
<mVariable>true</mVariable>
<mCrumbleCounter>3</mCrumbleCounter>
</pegInfo>
<mover>
<mMoveType>13</mMoveType>
<mOrigX>201.304749</mOrigX>
<mOrigY>320.000000</mOrigY>
<mMoveTime>3000</mMoveTime>
<mMoveRadius>175</mMoveRadius>
<mMovePhase>0.916667</mMovePhase>
<mRotation>-1.570796</mRotation>
<mRotationAdd>-7.330383</mRotationAdd>
<mx>352.859222</mx>
<my>407.499969</my>
</mover>
<poly>
<mAllowFlash>true</mAllowFlash>
<mRad>-1.570796</mRad>
</poly>
<brick>
<mBrickAngle>10.000000</mBrickAngle>
<mBrickThickness>20.000031</mBrickThickness>
<mBrickRadius>150.000000</mBrickRadius>
<mBrickRotation>420.000000</mBrickRotation>
<corners>
<point>3</point>
<point>4</point>
<point>0</point>
<point>7</point>
</corners>
</brick>
</ent>
<ent>
<class>6</class>
<mCollidable>true</mCollidable>
<mMoving>true</mMoving>
<mImageDX>-0.789780</mImageDX>
<pegInfo>
<mVariable>true</mVariable>
</pegInfo>
<mover>
<mMoveType>243</mMoveType>
<mOrigX>477.000000</mOrigX>
<mOrigY>320.000000</mOrigY>
<mMoveTime>2000</mMoveTime>
<mMoveRadius>100</mMoveRadius>
<mMovePhase>0.062500</mMovePhase>
<mRotation>-0.392699</mRotation>
<mx>569.387939</mx>
<my>358.268341</my>
</mover>
<poly>
<mAllowFlash>true</mAllowFlash>
<mRad>-0.392699</mRad>
</poly>
<brick>
<mBrickAngle>25.000000</mBrickAngle>
<mBrickThickness>20.000153</mBrickThickness>
<mBrickRadius>75.000000</mBrickRadius>
<mBrickRotation>0.000000</mBrickRotation>
<corners>
<point>3</point>
<point>4</point>
<point>0</point>
<point>7</point>
</corners>
</brick>
</ent>
<ent>
<class>6</class>
<mCollidable>true</mCollidable>
<mMoving>true</mMoving>
<mImageDX>-0.789780</mImageDX>
<pegInfo>
<mVariable>true</mVariable>
</pegInfo>
<mover>
<mMoveType>243</mMoveType>
<mOrigX>477.000000</mOrigX>
<mOrigY>320.000000</mOrigY>
<mMoveTime>2000</mMoveTime>
<mMoveRadius>100</mMoveRadius>
<mMovePhase>0.187500</mMovePhase>
<mRotation>-1.178097</mRotation>
<mx>515.268311</mx>
<my>412.387939</my>
</mover>
<poly>
<mAllowFlash>true</mAllowFlash>
<mRad>-1.178097</mRad>
</poly>
<brick>
<mBrickAngle>25.000000</mBrickAngle>
<mBrickThickness>20.000153</mBrickThickness>
<mBrickRadius>75.000000</mBrickRadius>
<mBrickRotation>0.000000</mBrickRotation>
<corners>
<point>3</point>
<point>4</point>
<point>0</point>
<point>7</point>
</corners>
</brick>
</ent>
<ent>
<class>6</class>
<mCollidable>true</mCollidable>
<mMoving>true</mMoving>
<mImageDX>-0.789787</mImageDX>
<pegInfo>
<mVariable>true</mVariable>
<mCrumbleCounter>1</mCrumbleCounter>
</pegInfo>
<mover>
<mMoveType>243</mMoveType>
<mOrigX>477.000000</mOrigX>
<mOrigY>320.000000</mOrigY>
<mMoveTime>2000</mMoveTime>
<mMoveRadius>100</mMoveRadius>
<mMovePhase>0.312500</mMovePhase>
<mRotation>-1.963495</mRotation>
<mx>438.731659</mx>
<my>412.387939</my>
</mover>
<poly>
<mAllowFlash>true</mAllowFlash>
<mRad>-1.963495</mRad>
</poly>
<brick>
<mBrickAngle>25.000000</mBrickAngle>
<mBrickThickness>20.000141</mBrickThickness>
<mBrickRadius>75.000000</mBrickRadius>
<mBrickRotation>0.000000</mBrickRotation>
<corners>
<point>3</point>
<point>4</point>
<point>0</point>
<point>7</point>
</corners>
</brick>
</ent>
<ent>
<class>6</class>
<mCollidable>true</mCollidable>
<mMoving>true</mMoving>
<mImageDX>-0.789780</mImageDX>
<pegInfo>
<mVariable>true</mVariable>
<mCrumbleCounter>3</mCrumbleCounter>
</pegInfo>
<mover>
<mMoveType>243</mMoveType>
<mOrigX>477.000000</mOrigX>
<mOrigY>320.000000</mOrigY>
<mMoveTime>2000</mMoveTime>
<mMoveRadius>100</mMoveRadius>
<mMovePhase>0.437500</mMovePhase>
<mRotation>-2.748894</mRotation>
<mx>384.612030</mx>
<my>358.268311</my>
</mover>
<poly>
<mAllowFlash>true</mAllowFlash>
<mRad>-2.748894</mRad>
</poly>
<brick>
<mBrickAngle>25.000000</mBrickAngle>
<mBrickThickness>20.000153</mBrickThickness>
<mBrickRadius>75.000000</mBrickRadius>
<mBrickRotation>0.000000</mBrickRotation>
<corners>
<point>3</point>
<point>4</point>
<point>0</point>
<point>7</point>
</corners>
</brick>
</ent>
<ent>
<class>6</class>
<mCollidable>true</mCollidable>
<mMoving>true</mMoving>
<mImageDX>-0.789787</mImageDX>
<pegInfo>
<mVariable>true</mVariable>
<mCrumbleCounter>2</mCrumbleCounter>
</pegInfo>
<mover>
<mMoveType>243</mMoveType>
<mOrigX>477.000000</mOrigX>
<mOrigY>320.000000</mOrigY>
<mMoveTime>2000</mMoveTime>
<mMoveRadius>100</mMoveRadius>
<mMovePhase>0.562500</mMovePhase>
<mRotation>-3.534292</mRotation>
<mx>384.612061</mx>
<my>281.731659</my>
</mover>
<poly>
<mAllowFlash>true</mAllowFlash>
<mRad>-3.534292</mRad>
</poly>
<brick>
<mBrickAngle>25.000000</mBrickAngle>
<mBrickThickness>20.000168</mBrickThickness>
<mBrickRadius>75.000000</mBrickRadius>
<mBrickRotation>0.000000</mBrickRotation>
<corners>
<point>3</point>
<point>4</point>
<point>0</point>
<point>7</point>
</corners>
</brick>
</ent>
<ent>
<class>6</class>
<mCollidable>true</mCollidable>
<mMoving>true</mMoving>
<mImageDX>-0.789780</mImageDX>
<pegInfo>
<mVariable>true</mVariable>
<mCrumbleCounter>1</mCrumbleCounter>
</pegInfo>
<mover>
<mMoveType>243</mMoveType>
<mOrigX>477.000000</mOrigX>
<mOrigY>320.000000</mOrigY>
<mMoveTime>2000</mMoveTime>
<mMoveRadius>100</mMoveRadius>
<mMovePhase>0.687500</mMovePhase>
<mRotation>-4.319690</mRotation>
<mx>438.731689</mx>
<my>227.612030</my>
</mover>
<poly>
<mAllowFlash>true</mAllowFlash>
<mRad>-4.319690</mRad>
</poly>
<brick>
<mBrickAngle>25.000000</mBrickAngle>
<mBrickThickness>20.000183</mBrickThickness>
<mBrickRadius>75.000000</mBrickRadius>
<mBrickRotation>0.000000</mBrickRotation>
<corners>
<point>3</point>
<point>4</point>
<point>0</point>
<point>7</point>
</corners>
</brick>
</ent>
<ent>
<class>6</class>
<mCollidable>true</mCollidable>
<mMoving>true</mMoving>
<mImageDX>-0.789787</mImageDX>
<pegInfo>
<mVariable>true</mVariable>
<mCrumbleCounter>3</mCrumbleCounter>
</pegInfo>
<mover>
<mMoveType>243</mMoveType>
<mOrigX>477.000000</mOrigX>
<mOrigY>320.000000</mOrigY>
<mMoveTime>2000</mMoveTime>
<mMoveRadius>100</mMoveRadius>
<mMovePhase>0.812500</mMovePhase>
<mRotation>-5.105088</mRotation>
<mx>515.268372</mx>
<my>227.612061</my>
</mover>
<poly>
<mAllowFlash>true</mAllowFlash>
<mRad>-5.105088</mRad>
</poly>
<brick>
<mBrickAngle>25.000000</mBrickAngle>
<mBrickThickness>20.000168</mBrickThickness>
<mBrickRadius>75.000000</mBrickRadius>
<mBrickRotation>0.000000</mBrickRotation>
<corners>
<point>3</point>
<point>4</point>
<point>0</point>
<point>7</point>
</corners>
</brick>
</ent>
<ent>
<class>6</class>
<mCollidable>true</mCollidable>
<mMoving>true</mMoving>
<mImageDX>-0.789780</mImageDX>
<pegInfo>
<mVariable>true</mVariable>
<mCrumbleCounter>3</mCrumbleCounter>
</pegInfo>
<mover>
<mMoveType>243</mMoveType>
<mOrigX>477.000000</mOrigX>
<mOrigY>320.000000</mOrigY>
<mMoveTime>2000</mMoveTime>
<mMoveRadius>100</mMoveRadius>
<mMovePhase>0.937500</mMovePhase>
<mRotation>-5.890486</mRotation>
<mx>569.387939</mx>
<my>281.731659</my>
</mover>
<poly>
<mAllowFlash>true</mAllowFlash>
<mRad>-5.890486</mRad>
</poly>
<brick>
<mBrickAngle>25.000000</mBrickAngle>
<mBrickThickness>20.000183</mBrickThickness>
<mBrickRadius>75.000000</mBrickRadius>
<mBrickRotation>0.000000</mBrickRotation>
<corners>
<point>3</point>
<point>4</point>
<point>0</point>
<point>7</point>
</corners>
</brick>
</ent>
<ent>
<class>6</class>
<mCollidable>true</mCollidable>
<mMoving>true</mMoving>
<mImageDX>-0.789780</mImageDX>
<pegInfo>
<mVariable>true</mVariable>
<mCrumbleCounter>3</mCrumbleCounter>
</pegInfo>
<mover>
<mMoveType>243</mMoveType>
<mOrigX>171.612061</mOrigX>
<mOrigY>319.000000</mOrigY>
<mMoveTime>2000</mMoveTime>
<mMoveRadius>100</mMoveRadius>
<mx>271.612061</mx>
<my>319.000000</my>
</mover>
<poly>
<mAllowFlash>true</mAllowFlash>
</poly>
<brick>
<mBrickAngle>25.000000</mBrickAngle>
<mBrickThickness>20.000153</mBrickThickness>
<mBrickRadius>75.000000</mBrickRadius>
<mBrickRotation>0.000000</mBrickRotation>
<corners>
<point>3</point>
<point>4</point>
<point>0</point>
<point>7</point>
</corners>
</brick>
</ent>
<ent>
<class>6</class>
<mCollidable>true</mCollidable>
<mMoving>true</mMoving>
<mImageDX>-0.789780</mImageDX>
<pegInfo>
<mVariable>true</mVariable>
</pegInfo>
<mover>
<mMoveType>243</mMoveType>
<mOrigX>171.612061</mOrigX>
<mOrigY>319.000000</mOrigY>
<mMoveTime>2000</mMoveTime>
<mMoveRadius>100</mMoveRadius>
<mMovePhase>0.125000</mMovePhase>
<mRotation>-0.785398</mRotation>
<mx>242.322739</mx>
<my>389.710693</my>
</mover>
<poly>
<mAllowFlash>true</mAllowFlash>
<mRad>-0.785398</mRad>
</poly>
<brick>
<mBrickAngle>25.000000</mBrickAngle>
<mBrickThickness>20.000153</mBrickThickness>
<mBrickRadius>75.000000</mBrickRadius>
<mBrickRotation>0.000000</mBrickRotation>
<corners>
<point>3</point>
<point>4</point>
<point>0</point>
<point>7</point>
</corners>
</brick>
</ent>
<ent>
<class>6</class>
<mCollidable>true</mCollidable>
<mMoving>true</mMoving>
<mImageDX>-0.789787</mImageDX>
<pegInfo>
<mVariable>true</mVariable>
<mCrumbleCounter>1</mCrumbleCounter>
</pegInfo>
<mover>
<mMoveType>243</mMoveType>
<mOrigX>171.612061</mOrigX>
<mOrigY>319.000000</mOrigY>
<mMoveTime>2000</mMoveTime>
<mMoveRadius>100</mMoveRadius>
<mMovePhase>0.250000</mMovePhase>
<mRotation>-1.570796</mRotation>
<mx>171.612061</mx>
<my>419.000000</my>
</mover>
<poly>
<mAllowFlash>true</mAllowFlash>
<mRad>-1.570796</mRad>
</poly>
<brick>
<mBrickAngle>25.000000</mBrickAngle>
<mBrickThickness>20.000141</mBrickThickness>
<mBrickRadius>75.000000</mBrickRadius>
<mBrickRotation>0.000000</mBrickRotation>
<corners>
<point>3</point>
<point>4</point>
<point>0</point>
<point>7</point>
</corners>
</brick>
</ent>
<ent>
<class>6</class>
<mCollidable>true</mCollidable>
<mMoving>true</mMoving>
<mImageDX>-0.789780</mImageDX>
<pegInfo>
<mVariable>true</mVariable>
<mCrumbleCounter>3</mCrumbleCounter>
</pegInfo>
<mover>
<mMoveType>243</mMoveType>
<mOrigX>171.612061</mOrigX>
<mOrigY>319.000000</mOrigY>
<mMoveTime>2000</mMoveTime>
<mMoveRadius>100</mMoveRadius>
<mMovePhase>0.375000</mMovePhase>
<mRotation>-2.356194</mRotation>
<mx>100.901382</mx>
<my>389.710693</my>
</mover>
<poly>
<mAllowFlash>true</mAllowFlash>
<mRad>-2.356194</mRad>
</poly>
<brick>
<mBrickAngle>25.000000</mBrickAngle>
<mBrickThickness>20.000153</mBrickThickness>
<mBrickRadius>75.000000</mBrickRadius>
<mBrickRotation>0.000000</mBrickRotation>
<corners>
<point>3</point>
<point>4</point>
<point>0</point>
<point>7</point>
</corners>
</brick>
</ent>
<ent>
<class>6</class>
<mCollidable>true</mCollidable>
<mMoving>true</mMoving>
<mImageDX>-0.789787</mImageDX>
<pegInfo>
<mVariable>true</mVariable>
<mCrumbleCounter>3</mCrumbleCounter>
</pegInfo>
<mover>
<mMoveType>243</mMoveType>
<mOrigX>171.612061</mOrigX>
<mOrigY>319.000000</mOrigY>
<mMoveTime>2000</mMoveTime>
<mMoveRadius>100</mMoveRadius>
<mMovePhase>0.500000</mMovePhase>
<mRotation>-3.141593</mRotation>
<mx>71.612061</mx>
<my>319.000000</my>
</mover>
<poly>
<mAllowFlash>true</mAllowFlash>
<mRad>-3.141593</mRad>
</poly>
<brick>
<mBrickAngle>25.000000</mBrickAngle>
<mBrickThickness>20.000168</mBrickThickness>
<mBrickRadius>75.000000</mBrickRadius>
<mBrickRotation>0.000000</mBrickRotation>
<corners>
<point>3</point>
<point>4</point>
<point>0</point>
<point>7</point>
</corners>
</brick>
</ent>
<ent>
<class>6</class>
<mCollidable>true</mCollidable>
<mMoving>true</mMoving>
<mImageDX>-0.789780</mImageDX>
<pegInfo>
<mVariable>true</mVariable>
<mCrumbleCounter>3</mCrumbleCounter>
</pegInfo>
<mover>
<mMoveType>243</mMoveType>
<mOrigX>171.612061</mOrigX>
<mOrigY>319.000000</mOrigY>
<mMoveTime>2000</mMoveTime>
<mMoveRadius>100</mMoveRadius>
<mMovePhase>0.625000</mMovePhase>
<mRotation>-3.926991</mRotation>
<mx>100.901398</mx>
<my>248.289307</my>
</mover>
<poly>
<mAllowFlash>true</mAllowFlash>
<mRad>-3.926991</mRad>
</poly>
<brick>
<mBrickAngle>25.000000</mBrickAngle>
<mBrickThickness>20.000183</mBrickThickness>
<mBrickRadius>75.000000</mBrickRadius>
<mBrickRotation>0.000000</mBrickRotation>
<corners>
<point>3</point>
<point>4</point>
<point>0</point>
<point>7</point>
</corners>
</brick>
</ent>
<ent>
<class>6</class>
<mCollidable>true</mCollidable>
<mMoving>true</mMoving>
<mImageDX>-0.789787</mImageDX>
<pegInfo>
<mVariable>true</mVariable>
</pegInfo>
<mover>
<mMoveType>243</mMoveType>
<mOrigX>171.612061</mOrigX>
<mOrigY>319.000000</mOrigY>
<mMoveTime>2000</mMoveTime>
<mMoveRadius>100</mMoveRadius>
<mMovePhase>0.750000</mMovePhase>
<mRotation>-4.712389</mRotation>
<mx>171.612061</mx>
<my>219.000000</my>
</mover>
<poly>
<mAllowFlash>true</mAllowFlash>
<mRad>-4.712389</mRad>
</poly>
<brick>
<mBrickAngle>25.000000</mBrickAngle>
<mBrickThickness>20.000168</mBrickThickness>
<mBrickRadius>75.000000</mBrickRadius>
<mBrickRotation>0.000000</mBrickRotation>
<corners>
<point>3</point>
<point>4</point>
<point>0</point>
<point>7</point>
</corners>
</brick>
</ent>
<ent>
<class>6</class>
<mCollidable>true</mCollidable>
<mMoving>true</mMoving>
<mImageDX>-0.789780</mImageDX>
<pegInfo>
<mVariable>true</mVariable>
<mCrumbleCounter>3</mCrumbleCounter>
</pegInfo>
<mover>
<mMoveType>243</mMoveType>
<mOrigX>171.612061</mOrigX>
<mOrigY>319.000000</mOrigY>
<mMoveTime>2000</mMoveTime>
<mMoveRadius>100</mMoveRadius>
<mMovePhase>0.875000</mMovePhase>
<mRotation>-5.497787</mRotation>
<mx>242.322754</mx>
<my>248.289337</my>
</mover>
<poly>
<mAllowFlash>true</mAllowFlash>
<mRad>-5.497787</mRad>
</poly>
<brick>
<mBrickAngle>25.000000</mBrickAngle>
<mBrickThickness>20.000183</mBrickThickness>
<mBrickRadius>75.000000</mBrickRadius>
<mBrickRotation>0.000000</mBrickRotation>
<corners>
<point>3</point>
<point>4</point>
<point>0</point>
<point>7</point>
</corners>
</brick>
</ent>
<ent>
<class>5</class>
<mCollidable>true</mCollidable>
<mMoving>true</mMoving>
<pegInfo>
<mVariable>true</mVariable>
<mCrumbleCounter>3</mCrumbleCounter>
</pegInfo>
<ball>
<mIsPeg>true</mIsPeg>
<mCollidesWithOtherBalls>true</mCollidesWithOtherBalls>
<mx>171.000000</mx>
<my>320.000000</my>
<mRadius>10.000000</mRadius>
</ball>
</ent>
<ent>
<class>5</class>
<mCollidable>true</mCollidable>
<mMoving>true</mMoving>
<pegInfo>
<mVariable>true</mVariable>
<mCrumbleCounter>1</mCrumbleCounter>
</pegInfo>
<ball>
<mIsPeg>true</mIsPeg>
<mCollidesWithOtherBalls>true</mCollidesWithOtherBalls>
<mx>211.000000</mx>
<my>320.000000</my>
<mRadius>10.000000</mRadius>
</ball>
</ent>
<ent>
<class>5</class>
<mCollidable>true</mCollidable>
<mMoving>true</mMoving>
<pegInfo>
<mVariable>true</mVariable>
<mCrumbleCounter>2</mCrumbleCounter>
</pegInfo>
<ball>
<mIsPeg>true</mIsPeg>
<mCollidesWithOtherBalls>true</mCollidesWithOtherBalls>
<mx>131.000000</mx>
<my>320.000000</my>
<mRadius>10.000000</mRadius>
</ball>
</ent>
<ent>
<class>5</class>
<mCollidable>true</mCollidable>
<mMoving>true</mMoving>
<pegInfo>
<mVariable>true</mVariable>
<mCrumbleCounter>3</mCrumbleCounter>
</pegInfo>
<ball>
<mIsPeg>true</mIsPeg>
<mCollidesWithOtherBalls>true</mCollidesWithOtherBalls>
<mx>151.000000</mx>
<my>290.000000</my>
<mRadius>10.000000</mRadius>
</ball>
</ent>
<ent>
<class>5</class>
<mCollidable>true</mCollidable>
<mMoving>true</mMoving>
<pegInfo>
<mVariable>true</mVariable>
<mCrumbleCounter>3</mCrumbleCounter>
</pegInfo>
<ball>
<mIsPeg>true</mIsPeg>
<mCollidesWithOtherBalls>true</mCollidesWithOtherBalls>
<mx>191.000000</mx>
<my>290.000000</my>
<mRadius>10.000000</mRadius>
</ball>
</ent>
<ent>
<class>5</class>
<mCollidable>true</mCollidable>
<mMoving>true</mMoving>
<pegInfo>
<mVariable>true</mVariable>
<mCrumbleCounter>3</mCrumbleCounter>
</pegInfo>
<ball>
<mIsPeg>true</mIsPeg>
<mCollidesWithOtherBalls>true</mCollidesWithOtherBalls>
<mx>151.000000</mx>
<my>350.000000</my>
<mRadius>10.000000</mRadius>
</ball>
</ent>
<ent>
<class>5</class>
<mCollidable>true</mCollidable>
<mMoving>true</mMoving>
<pegInfo>
<mVariable>true</mVariable>
<mCrumbleCounter>1</mCrumbleCounter>
</pegInfo>
<ball>
<mIsPeg>true</mIsPeg>
<mCollidesWithOtherBalls>true</mCollidesWithOtherBalls>
<mx>191.000000</mx>
<my>350.000000</my>
<mRadius>10.000000</mRadius>
</ball>
</ent>
<ent>
<class>5</class>
<mCollidable>true</mCollidable>
<mMoving>true</mMoving>
<pegInfo>
<mVariable>true</mVariable>
</pegInfo>
<ball>
<mIsPeg>true</mIsPeg>
<mCollidesWithOtherBalls>true</mCollidesWithOtherBalls>
<mx>171.000000</mx>
<my>380.000000</my>
<mRadius>10.000000</mRadius>
</ball>
</ent>
<ent>
<class>5</class>
<mCollidable>true</mCollidable>
<mMoving>true</mMoving>
<pegInfo>
<mVariable>true</mVariable>
<mCrumbleCounter>3</mCrumbleCounter>
</pegInfo>
<ball>
<mIsPeg>true</mIsPeg>
<mCollidesWithOtherBalls>true</mCollidesWithOtherBalls>
<mx>231.000000</mx>
<my>350.000000</my>
<mRadius>10.000000</mRadius>
</ball>
</ent>
<ent>
<class>5</class>
<mCollidable>true</mCollidable>
<mMoving>true</mMoving>
<pegInfo>
<mVariable>true</mVariable>
<mCrumbleCounter>3</mCrumbleCounter>
</pegInfo>
<ball>
<mIsPeg>true</mIsPeg>
<mCollidesWithOtherBalls>true</mCollidesWithOtherBalls>
<mx>231.000000</mx>
<my>290.000000</my>
<mRadius>10.000000</mRadius>
</ball>
</ent>
<ent>
<class>5</class>
<mCollidable>true</mCollidable>
<mMoving>true</mMoving>
<pegInfo>
<mVariable>true</mVariable>
<mCrumbleCounter>3</mCrumbleCounter>
</pegInfo>
<ball>
<mIsPeg>true</mIsPeg>
<mCollidesWithOtherBalls>true</mCollidesWithOtherBalls>
<mx>171.000000</mx>
<my>260.000000</my>
<mRadius>10.000000</mRadius>
</ball>
</ent>
<ent>
<class>5</class>
<mCollidable>true</mCollidable>
<mMoving>true</mMoving>
<pegInfo>
<mVariable>true</mVariable>
</pegInfo>
<ball>
<mIsPeg>true</mIsPeg>
<mCollidesWithOtherBalls>true</mCollidesWithOtherBalls>
<mx>111.000000</mx>
<my>290.000000</my>
<mRadius>10.000000</mRadius>
</ball>
</ent>
<ent>
<class>5</class>
<mCollidable>true</mCollidable>
<mMoving>true</mMoving>
<pegInfo>
<mVariable>true</mVariable>
<mCrumbleCounter>3</mCrumbleCounter>
</pegInfo>
<ball>
<mIsPeg>true</mIsPeg>
<mCollidesWithOtherBalls>true</mCollidesWithOtherBalls>
<mx>111.000000</mx>
<my>350.000000</my>
<mRadius>10.000000</mRadius>
</ball>
</ent>
<ent>
<class>5</class>
<mCollidable>true</mCollidable>
<mMoving>true</mMoving>
<pegInfo>
<mVariable>true</mVariable>
</pegInfo>
<ball>
<mIsPeg>true</mIsPeg>
<mCollidesWithOtherBalls>true</mCollidesWithOtherBalls>
<mx>211.000000</mx>
<my>380.000000</my>
<mRadius>10.000000</mRadius>
</ball>
</ent>
<ent>
<class>5</class>
<mCollidable>true</mCollidable>
<mMoving>true</mMoving>
<pegInfo>
<mVariable>true</mVariable>
<mCrumbleCounter>3</mCrumbleCounter>
</pegInfo>
<ball>
<mIsPeg>true</mIsPeg>
<mCollidesWithOtherBalls>true</mCollidesWithOtherBalls>
<mx>131.000000</mx>
<my>380.000000</my>
<mRadius>10.000000</mRadius>
</ball>
</ent>
<ent>
<class>5</class>
<mCollidable>true</mCollidable>
<mMoving>true</mMoving>
<pegInfo>
<mVariable>true</mVariable>
<mCrumbleCounter>3</mCrumbleCounter>
</pegInfo>
<ball>
<mIsPeg>true</mIsPeg>
<mCollidesWithOtherBalls>true</mCollidesWithOtherBalls>
<mx>131.000000</mx>
<my>260.000000</my>
<mRadius>10.000000</mRadius>
</ball>
</ent>
<ent>
<class>5</class>
<mCollidable>true</mCollidable>
<mMoving>true</mMoving>
<pegInfo>
<mVariable>true</mVariable>
<mCrumbleCounter>1</mCrumbleCounter>
</pegInfo>
<ball>
<mIsPeg>true</mIsPeg>
<mCollidesWithOtherBalls>true</mCollidesWithOtherBalls>
<mx>211.000000</mx>
<my>260.000000</my>
<mRadius>10.000000</mRadius>
</ball>
</ent>
<ent>
<class>5</class>
<mCollidable>true</mCollidable>
<mMoving>true</mMoving>
<pegInfo>
<mVariable>true</mVariable>
<mCrumbleCounter>3</mCrumbleCounter>
</pegInfo>
<ball>
<mIsPeg>true</mIsPeg>
<mCollidesWithOtherBalls>true</mCollidesWithOtherBalls>
<mx>476.000000</mx>
<my>320.000000</my>
<mRadius>10.000000</mRadius>
</ball>
</ent>
<ent>
<class>5</class>
<mCollidable>true</mCollidable>
<mMoving>true</mMoving>
<pegInfo>
<mVariable>true</mVariable>
</pegInfo>
<ball>
<mIsPeg>true</mIsPeg>
<mCollidesWithOtherBalls>true</mCollidesWithOtherBalls>
<mx>516.000000</mx>
<my>320.000000</my>
<mRadius>10.000000</mRadius>
</ball>
</ent>
<ent>
<class>5</class>
<mCollidable>true</mCollidable>
<mMoving>true</mMoving>
<pegInfo>
<mVariable>true</mVariable>
<mCrumbleCounter>2</mCrumbleCounter>
</pegInfo>
<ball>
<mIsPeg>true</mIsPeg>
<mCollidesWithOtherBalls>true</mCollidesWithOtherBalls>
<mx>436.000000</mx>
<my>320.000000</my>
<mRadius>10.000000</mRadius>
</ball>
</ent>
<ent>
<class>5</class>
<mCollidable>true</mCollidable>
<mMoving>true</mMoving>
<pegInfo>
<mVariable>true</mVariable>
<mCrumbleCounter>3</mCrumbleCounter>
</pegInfo>
<ball>
<mIsPeg>true</mIsPeg>
<mCollidesWithOtherBalls>true</mCollidesWithOtherBalls>
<mx>456.000000</mx>
<my>290.000000</my>
<mRadius>10.000000</mRadius>
</ball>
</ent>
<ent>
<class>5</class>
<mCollidable>true</mCollidable>
<mMoving>true</mMoving>
<pegInfo>
<mVariable>true</mVariable>
<mCrumbleCounter>1</mCrumbleCounter>
</pegInfo>
<ball>
<mIsPeg>true</mIsPeg>
<mCollidesWithOtherBalls>true</mCollidesWithOtherBalls>
<mx>496.000000</mx>
<my>290.000000</my>
<mRadius>10.000000</mRadius>
</ball>
</ent>
<ent>
<class>5</class>
<mCollidable>true</mCollidable>
<mMoving>true</mMoving>
<pegInfo>
<mVariable>true</mVariable>
<mCrumbleCounter>3</mCrumbleCounter>
</pegInfo>
<ball>
<mIsPeg>true</mIsPeg>
<mCollidesWithOtherBalls>true</mCollidesWithOtherBalls>
<mx>456.000000</mx>
<my>350.000000</my>
<mRadius>10.000000</mRadius>
</ball>
</ent>
<ent>
<class>5</class>
<mCollidable>true</mCollidable>
<mMoving>true</mMoving>
<pegInfo>
<mVariable>true</mVariable>
</pegInfo>
<ball>
<mIsPeg>true</mIsPeg>
<mCollidesWithOtherBalls>true</mCollidesWithOtherBalls>
<mx>496.000000</mx>
<my>350.000000</my>
<mRadius>10.000000</mRadius>
</ball>
</ent>
<ent>
<class>5</class>
<mCollidable>true</mCollidable>
<mMoving>true</mMoving>
<pegInfo>
<mVariable>true</mVariable>
</pegInfo>
<ball>
<mIsPeg>true</mIsPeg>
<mCollidesWithOtherBalls>true</mCollidesWithOtherBalls>
<mx>476.000000</mx>
<my>380.000000</my>
<mRadius>10.000000</mRadius>
</ball>
</ent>
<ent>
<class>5</class>
<mCollidable>true</mCollidable>
<mMoving>true</mMoving>
<pegInfo>
<mVariable>true</mVariable>
<mCrumbleCounter>1</mCrumbleCounter>
</pegInfo>
<ball>
<mIsPeg>true</mIsPeg>
<mCollidesWithOtherBalls>true</mCollidesWithOtherBalls>
<mx>536.000000</mx>
<my>350.000000</my>
<mRadius>10.000000</mRadius>
</ball>
</ent>
<ent>
<class>5</class>
<mCollidable>true</mCollidable>
<mMoving>true</mMoving>
<pegInfo>
<mVariable>true</mVariable>
<mCrumbleCounter>2</mCrumbleCounter>
</pegInfo>
<ball>
<mIsPeg>true</mIsPeg>
<mCollidesWithOtherBalls>true</mCollidesWithOtherBalls>
<mx>536.000000</mx>
<my>290.000000</my>
<mRadius>10.000000</mRadius>
</ball>
</ent>
<ent>
<class>5</class>
<mCollidable>true</mCollidable>
<mMoving>true</mMoving>
<pegInfo>
<mVariable>true</mVariable>
<mCrumbleCounter>3</mCrumbleCounter>
</pegInfo>
<ball>
<mIsPeg>true</mIsPeg>
<mCollidesWithOtherBalls>true</mCollidesWithOtherBalls>
<mx>476.000000</mx>
<my>260.000000</my>
<mRadius>10.000000</mRadius>
</ball>
</ent>
<ent>
<class>5</class>
<mCollidable>true</mCollidable>
<mMoving>true</mMoving>
<pegInfo>
<mVariable>true</mVariable>
</pegInfo>
<ball>
<mIsPeg>true</mIsPeg>
<mCollidesWithOtherBalls>true</mCollidesWithOtherBalls>
<mx>416.000000</mx>
<my>290.000000</my>
<mRadius>10.000000</mRadius>
</ball>
</ent>
<ent>
<class>5</class>
<mCollidable>true</mCollidable>
<mMoving>true</mMoving>
<pegInfo>
<mVariable>true</mVariable>
<mCrumbleCounter>3</mCrumbleCounter>
</pegInfo>
<ball>
<mIsPeg>true</mIsPeg>
<mCollidesWithOtherBalls>true</mCollidesWithOtherBalls>
<mx>416.000000</mx>
<my>350.000000</my>
<mRadius>10.000000</mRadius>
</ball>
</ent>
<ent>
<class>5</class>
<mCollidable>true</mCollidable>
<mMoving>true</mMoving>
<pegInfo>
<mVariable>true</mVariable>
</pegInfo>
<ball>
<mIsPeg>true</mIsPeg>
<mCollidesWithOtherBalls>true</mCollidesWithOtherBalls>
<mx>516.000000</mx>
<my>380.000000</my>
<mRadius>10.000000</mRadius>
</ball>
</ent>
<ent>
<class>5</class>
<mCollidable>true</mCollidable>
<mMoving>true</mMoving>
<pegInfo>
<mVariable>true</mVariable>
<mCrumbleCounter>3</mCrumbleCounter>
</pegInfo>
<ball>
<mIsPeg>true</mIsPeg>
<mCollidesWithOtherBalls>true</mCollidesWithOtherBalls>
<mx>436.000000</mx>
<my>380.000000</my>
<mRadius>10.000000</mRadius>
</ball>
</ent>
<ent>
<class>5</class>
<mCollidable>true</mCollidable>
<mMoving>true</mMoving>
<pegInfo>
<mVariable>true</mVariable>
<mCrumbleCounter>3</mCrumbleCounter>
</pegInfo>
<ball>
<mIsPeg>true</mIsPeg>
<mCollidesWithOtherBalls>true</mCollidesWithOtherBalls>
<mx>436.000000</mx>
<my>260.000000</my>
<mRadius>10.000000</mRadius>
</ball>
</ent>
<ent>
<class>5</class>
<mCollidable>true</mCollidable>
<mMoving>true</mMoving>
<pegInfo>
<mVariable>true</mVariable>
<mCrumbleCounter>2</mCrumbleCounter>
</pegInfo>
<ball>
<mIsPeg>true</mIsPeg>
<mCollidesWithOtherBalls>true</mCollidesWithOtherBalls>
<mx>516.000000</mx>
<my>260.000000</my>
<mRadius>10.000000</mRadius>
</ball>
</ent>
<ent>
<class>5</class>
<mCollidable>true</mCollidable>
<mMoving>true</mMoving>
<pegInfo>
<mVariable>true</mVariable>
<mCrumbleCounter>3</mCrumbleCounter>
</pegInfo>
<ball>
<mIsPeg>true</mIsPeg>
<mCollidesWithOtherBalls>true</mCollidesWithOtherBalls>
<mx>325.000000</mx>
<my>320.000000</my>
<mRadius>10.000000</mRadius>
</ball>
</ent>
<ent>
<class>5</class>
<mCollidable>true</mCollidable>
<mMoving>true</mMoving>
<pegInfo>
<mVariable>true</mVariable>
<mCrumbleCounter>3</mCrumbleCounter>
</pegInfo>
<ball>
<mIsPeg>true</mIsPeg>
<mCollidesWithOtherBalls>true</mCollidesWithOtherBalls>
<mx>305.000000</mx>
<my>290.000000</my>
<mRadius>10.000000</mRadius>
</ball>
</ent>
<ent>
<class>5</class>
<mCollidable>true</mCollidable>
<mMoving>true</mMoving>
<pegInfo>
<mVariable>true</mVariable>
<mCrumbleCounter>1</mCrumbleCounter>
</pegInfo>
<ball>
<mIsPeg>true</mIsPeg>
<mCollidesWithOtherBalls>true</mCollidesWithOtherBalls>
<mx>345.000000</mx>
<my>290.000000</my>
<mRadius>10.000000</mRadius>
</ball>
</ent>
<ent>
<class>5</class>
<mCollidable>true</mCollidable>
<mMoving>true</mMoving>
<pegInfo>
<mVariable>true</mVariable>
<mCrumbleCounter>3</mCrumbleCounter>
</pegInfo>
<ball>
<mIsPeg>true</mIsPeg>
<mCollidesWithOtherBalls>true</mCollidesWithOtherBalls>
<mx>305.000000</mx>
<my>350.000000</my>
<mRadius>10.000000</mRadius>
</ball>
</ent>
<ent>
<class>5</class>
<mCollidable>true</mCollidable>
<mMoving>true</mMoving>
<pegInfo>
<mVariable>true</mVariable>
</pegInfo>
<ball>
<mIsPeg>true</mIsPeg>
<mCollidesWithOtherBalls>true</mCollidesWithOtherBalls>
<mx>345.000000</mx>
<my>350.000000</my>
<mRadius>10.000000</mRadius>
</ball>
</ent>
<ent>
<class>5</class>
<mCollidable>true</mCollidable>
<mMoving>true</mMoving>
<pegInfo>
<mVariable>true</mVariable>
</pegInfo>
<ball>
<mIsPeg>true</mIsPeg>
<mCollidesWithOtherBalls>true</mCollidesWithOtherBalls>
<mx>325.000000</mx>
<my>380.000000</my>
<mRadius>10.000000</mRadius>
</ball>
</ent>
<ent>
<class>5</class>
<mCollidable>true</mCollidable>
<mMoving>true</mMoving>
<pegInfo>
<mVariable>true</mVariable>
<mCrumbleCounter>3</mCrumbleCounter>
</pegInfo>
<ball>
<mIsPeg>true</mIsPeg>
<mCollidesWithOtherBalls>true</mCollidesWithOtherBalls>
<mx>325.000000</mx>
<my>260.000000</my>
<mRadius>10.000000</mRadius>
</ball>
</ent>
<ent>
<class>5</class>
<mCollidable>true</mCollidable>
<mMoving>true</mMoving>
<pegInfo>
<mVariable>true</mVariable>
</pegInfo>
<ball>
<mIsPeg>true</mIsPeg>
<mCollidesWithOtherBalls>true</mCollidesWithOtherBalls>
<mx>625.000000</mx>
<my>95.000000</my>
<mRadius>10.000000</mRadius>
</ball>
</ent>
<ent>
<class>5</class>
<mCollidable>true</mCollidable>
<mMoving>true</mMoving>
<pegInfo>
<mVariable>true</mVariable>
</pegInfo>
<ball>
<mIsPeg>true</mIsPeg>
<mCollidesWithOtherBalls>true</mCollidesWithOtherBalls>
<mx>625.000000</mx>
<my>135.000000</my>
<mRadius>10.000000</mRadius>
</ball>
</ent>
<ent>
<class>5</class>
<mCollidable>true</mCollidable>
<mMoving>true</mMoving>
<pegInfo>
<mVariable>true</mVariable>
</pegInfo>
<ball>
<mIsPeg>true</mIsPeg>
<mCollidesWithOtherBalls>true</mCollidesWithOtherBalls>
<mx>625.000000</mx>
<my>175.000000</my>
<mRadius>10.000000</mRadius>
</ball>
</ent>
<ent>
<class>5</class>
<mCollidable>true</mCollidable>
<mMoving>true</mMoving>
<pegInfo>
<mVariable>true</mVariable>
</pegInfo>
<ball>
<mIsPeg>true</mIsPeg>
<mCollidesWithOtherBalls>true</mCollidesWithOtherBalls>
<mx>590.000000</mx>
<my>155.000000</my>
<mRadius>10.000000</mRadius>
</ball>
</ent>
<ent>
<class>5</class>
<mCollidable>true</mCollidable>
<mMoving>true</mMoving>
<pegInfo>
<mVariable>true</mVariable>
<mCrumbleCounter>3</mCrumbleCounter>
</pegInfo>
<ball>
<mIsPeg>true</mIsPeg>
<mCollidesWithOtherBalls>true</mCollidesWithOtherBalls>
<mx>590.000000</mx>
<my>115.000000</my>
<mRadius>10.000000</mRadius>
</ball>
</ent>
<ent>
<class>5</class>
<mCollidable>true</mCollidable>
<mMoving>true</mMoving>
<pegInfo>
<mVariable>true</mVariable>
<mCrumbleCounter>3</mCrumbleCounter>
</pegInfo>
<ball>
<mIsPeg>true</mIsPeg>
<mCollidesWithOtherBalls>true</mCollidesWithOtherBalls>
<mx>555.000000</mx>
<my>135.000000</my>
<mRadius>10.000000</mRadius>
</ball>
</ent>
<ent>
<class>5</class>
<mCollidable>true</mCollidable>
<mMoving>true</mMoving>
<pegInfo>
<mVariable>true</mVariable>
<mCrumbleCounter>1</mCrumbleCounter>
</pegInfo>
<ball>
<mIsPeg>true</mIsPeg>
<mCollidesWithOtherBalls>true</mCollidesWithOtherBalls>
<mx>555.000000</mx>
<my>95.000000</my>
<mRadius>10.000000</mRadius>
</ball>
</ent>
<ent>
<class>5</class>
<mCollidable>true</mCollidable>
<mMoving>true</mMoving>
<pegInfo>
<mVariable>true</mVariable>
</pegInfo>
<ball>
<mIsPeg>true</mIsPeg>
<mCollidesWithOtherBalls>true</mCollidesWithOtherBalls>
<mx>520.000000</mx>
<my>115.000000</my>
<mRadius>10.000000</mRadius>
</ball>
</ent>
<ent>
<class>5</class>
<mCollidable>true</mCollidable>
<mMoving>true</mMoving>
<pegInfo>
<mVariable>true</mVariable>
</pegInfo>
<ball>
<mIsPeg>true</mIsPeg>
<mCollidesWithOtherBalls>true</mCollidesWithOtherBalls>
<mx>485.000000</mx>
<my>95.000000</my>
<mRadius>10.000000</mRadius>
</ball>
</ent>
<ent>
<class>5</class>
<mCollidable>true</mCollidable>
<mMoving>true</mMoving>
<pegInfo>
<mVariable>true</mVariable>
</pegInfo>
<ball>
<mIsPeg>true</mIsPeg>
<mCollidesWithOtherBalls>true</mCollidesWithOtherBalls>
<mx>30.000000</mx>
<my>95.000000</my>
<mRadius>10.000000</mRadius>
</ball>
</ent>
<ent>
<class>5</class>
<mCollidable>true</mCollidable>
<mMoving>true</mMoving>
<pegInfo>
<mVariable>true</mVariable>
</pegInfo>
<ball>
<mIsPeg>true</mIsPeg>
<mCollidesWithOtherBalls>true</mCollidesWithOtherBalls>
<mx>30.000000</mx>
<my>135.000000</my>
<mRadius>10.000000</mRadius>
</ball>
</ent>
<ent>
<class>5</class>
<mCollidable>true</mCollidable>
<mMoving>true</mMoving>
<pegInfo>
<mVariable>true</mVariable>
</pegInfo>
<ball>
<mIsPeg>true</mIsPeg>
<mCollidesWithOtherBalls>true</mCollidesWithOtherBalls>
<mx>30.000000</mx>
<my>175.000000</my>
<mRadius>10.000000</mRadius>
</ball>
</ent>
<ent>
<class>5</class>
<mCollidable>true</mCollidable>
<mMoving>true</mMoving>
<pegInfo>
<mVariable>true</mVariable>
</pegInfo>
<ball>
<mIsPeg>true</mIsPeg>
<mCollidesWithOtherBalls>true</mCollidesWithOtherBalls>
<mx>65.000000</mx>
<my>115.000000</my>
<mRadius>10.000000</mRadius>
</ball>
</ent>
<ent>
<class>5</class>
<mCollidable>true</mCollidable>
<mMoving>true</mMoving>
<pegInfo>
<mVariable>true</mVariable>
<mCrumbleCounter>1</mCrumbleCounter>
</pegInfo>
<ball>
<mIsPeg>true</mIsPeg>
<mCollidesWithOtherBalls>true</mCollidesWithOtherBalls>
<mx>100.000000</mx>
<my>135.000000</my>
<mRadius>10.000000</mRadius>
</ball>
</ent>
<ent>
<class>5</class>
<mCollidable>true</mCollidable>
<mMoving>true</mMoving>
<pegInfo>
<mVariable>true</mVariable>
<mCrumbleCounter>1</mCrumbleCounter>
</pegInfo>
<ball>
<mIsPeg>true</mIsPeg>
<mCollidesWithOtherBalls>true</mCollidesWithOtherBalls>
<mx>100.000000</mx>
<my>95.000000</my>
<mRadius>10.000000</mRadius>
</ball>
</ent>
<ent>
<class>5</class>
<mCollidable>true</mCollidable>
<mMoving>true</mMoving>
<pegInfo>
<mVariable>true</mVariable>
<mCrumbleCounter>1</mCrumbleCounter>
</pegInfo>
<ball>
<mIsPeg>true</mIsPeg>
<mCollidesWithOtherBalls>true</mCollidesWithOtherBalls>
<mx>135.000000</mx>
<my>115.000000</my>
<mRadius>10.000000</mRadius>
</ball>
</ent>
<ent>
<class>5</class>
<mCollidable>true</mCollidable>
<mMoving>true</mMoving>
<pegInfo>
<mVariable>true</mVariable>
</pegInfo>
<ball>
<mIsPeg>true</mIsPeg>
<mCollidesWithOtherBalls>true</mCollidesWithOtherBalls>
<mx>170.000000</mx>
<my>95.000000</my>
<mRadius>10.000000</mRadius>
</ball>
</ent>
<ent>
<class>5</class>
<mCollidable>true</mCollidable>
<mMoving>true</mMoving>
<pegInfo>
<mVariable>true</mVariable>
</pegInfo>
<ball>
<mIsPeg>true</mIsPeg>
<mCollidesWithOtherBalls>true</mCollidesWithOtherBalls>
<mx>65.000000</mx>
<my>155.000000</my>
<mRadius>10.000000</mRadius>
</ball>
</ent>
<ent>
<class>5</class>
<mCollidable>true</mCollidable>
<mMoving>true</mMoving>
<pegInfo>
<mVariable>true</mVariable>
</pegInfo>
<ball>
<mIsPeg>true</mIsPeg>
<mCollidesWithOtherBalls>true</mCollidesWithOtherBalls>
<mx>65.000000</mx>
<my>75.000000</my>
<mRadius>10.000000</mRadius>
</ball>
</ent>
<ent>
<class>5</class>
<mCollidable>true</mCollidable>
<mMoving>true</mMoving>
<pegInfo>
<mVariable>true</mVariable>
<mCrumbleCounter>3</mCrumbleCounter>
</pegInfo>
<ball>
<mIsPeg>true</mIsPeg>
<mCollidesWithOtherBalls>true</mCollidesWithOtherBalls>
<mx>100.000000</mx>
<my>55.000000</my>
<mRadius>10.000000</mRadius>
</ball>
</ent>
<ent>
<class>5</class>
<mCollidable>true</mCollidable>
<mMoving>true</mMoving>
<pegInfo>
<mVariable>true</mVariable>
<mCrumbleCounter>3</mCrumbleCounter>
</pegInfo>
<ball>
<mIsPeg>true</mIsPeg>
<mCollidesWithOtherBalls>true</mCollidesWithOtherBalls>
<mx>135.000000</mx>
<my>75.000000</my>
<mRadius>10.000000</mRadius>
</ball>
</ent>
<ent>
<class>5</class>
<mCollidable>true</mCollidable>
<mMoving>true</mMoving>
<pegInfo>
<mVariable>true</mVariable>
</pegInfo>
<ball>
<mIsPeg>true</mIsPeg>
<mCollidesWithOtherBalls>true</mCollidesWithOtherBalls>
<mx>520.000000</mx>
<my>75.000000</my>
<mRadius>10.000000</mRadius>
</ball>
</ent>
<ent>
<class>5</class>
<mCollidable>true</mCollidable>
<mMoving>true</mMoving>
<pegInfo>
<mVariable>true</mVariable>
<mCrumbleCounter>1</mCrumbleCounter>
</pegInfo>
<ball>
<mIsPeg>true</mIsPeg>
<mCollidesWithOtherBalls>true</mCollidesWithOtherBalls>
<mx>590.000000</mx>
<my>75.000000</my>
<mRadius>10.000000</mRadius>
</ball>
</ent>
<ent>
<class>5</class>
<mCollidable>true</mCollidable>
<mMoving>true</mMoving>
<pegInfo>
<mVariable>true</mVariable>
</pegInfo>
<ball>
<mIsPeg>true</mIsPeg>
<mCollidesWithOtherBalls>true</mCollidesWithOtherBalls>
<mx>555.000000</mx>
<my>55.000000</my>
<mRadius>10.000000</mRadius>
</ball>
</ent>
</level>
