<level name="levels/export66/level12web.dat.xml">
<version>66</version>
<isLevel>true</isLevel>
<ent>
<class>5</class>
<mCollidable>true</mCollidable>
<mMoving>true</mMoving>
<ball>
<mIsPeg>true</mIsPeg>
<mCollidesWithOtherBalls>true</mCollidesWithOtherBalls>
<mx>650.000000</mx>
<my>222.000000</my>
<mRadius>30.000000</mRadius>
</ball>
</ent>
<ent>
<class>5</class>
<mCollidable>true</mCollidable>
<mMoving>true</mMoving>
<ball>
<mIsPeg>true</mIsPeg>
<mCollidesWithOtherBalls>true</mCollidesWithOtherBalls>
<mx>0.000000</mx>
<my>352.000000</my>
<mRadius>30.000000</mRadius>
</ball>
</ent>
<ent>
<class>5</class>
<mCollidable>true</mCollidable>
<mMoving>true</mMoving>
<ball>
<mIsPeg>true</mIsPeg>
<mCollidesWithOtherBalls>true</mCollidesWithOtherBalls>
<mx>650.000000</mx>
<my>352.000000</my>
<mRadius>30.000000</mRadius>
</ball>
</ent>
<ent>
<class>5</class>
<mCollidable>true</mCollidable>
<mMoving>true</mMoving>
<pegInfo>
<mVariable>true</mVariable>
</pegInfo>
<ball>
<mIsPeg>true</mIsPeg>
<mCollidesWithOtherBalls>true</mCollidesWithOtherBalls>
<mx>100.000000</mx>
<my>180.000000</my>
<mRadius>10.000000</mRadius>
</ball>
</ent>
<ent>
<class>5</class>
<mCollidable>true</mCollidable>
<mMoving>true</mMoving>
<pegInfo>
<mVariable>true</mVariable>
</pegInfo>
<ball>
<mIsPeg>true</mIsPeg>
<mCollidesWithOtherBalls>true</mCollidesWithOtherBalls>
<mx>150.000000</mx>
<my>180.000000</my>
<mRadius>10.000000</mRadius>
</ball>
</ent>
<ent>
<class>5</class>
<mCollidable>true</mCollidable>
<mMoving>true</mMoving>
<pegInfo>
<mVariable>true</mVariable>
</pegInfo>
<ball>
<mIsPeg>true</mIsPeg>
<mCollidesWithOtherBalls>true</mCollidesWithOtherBalls>
<mx>50.000000</mx>
<my>180.000000</my>
<mRadius>10.000000</mRadius>
</ball>
</ent>
<ent>
<class>5</class>
<mCollidable>true</mCollidable>
<mMoving>true</mMoving>
<pegInfo>
<mVariable>true</mVariable>
</pegInfo>
<ball>
<mIsPeg>true</mIsPeg>
<mCollidesWithOtherBalls>true</mCollidesWithOtherBalls>
<mx>50.000000</mx>
<my>260.000000</my>
<mRadius>10.000000</mRadius>
</ball>
</ent>
<ent>
<class>5</class>
<mCollidable>true</mCollidable>
<mMoving>true</mMoving>
<pegInfo>
<mVariable>true</mVariable>
</pegInfo>
<ball>
<mIsPeg>true</mIsPeg>
<mCollidesWithOtherBalls>true</mCollidesWithOtherBalls>
<mx>100.000000</mx>
<my>260.000000</my>
<mRadius>10.000000</mRadius>
</ball>
</ent>
<ent>
<class>5</class>
<mCollidable>true</mCollidable>
<mMoving>true</mMoving>
<pegInfo>
<mVariable>true</mVariable>
</pegInfo>
<ball>
<mIsPeg>true</mIsPeg>
<mCollidesWithOtherBalls>true</mCollidesWithOtherBalls>
<mx>120.000000</mx>
<my>220.000000</my>
<mRadius>10.000000</mRadius>
</ball>
</ent>
<ent>
<class>5</class>
<mCollidable>true</mCollidable>
<mMoving>true</mMoving>
<pegInfo>
<mVariable>true</mVariable>
</pegInfo>
<ball>
<mIsPeg>true</mIsPeg>
<mCollidesWithOtherBalls>true</mCollidesWithOtherBalls>
<mx>70.000000</mx>
<my>220.000000</my>
<mRadius>10.000000</mRadius>
</ball>
</ent>
<ent>
<class>5</class>
<mCollidable>true</mCollidable>
<mMoving>true</mMoving>
<pegInfo>
</pegInfo>
<mover>
<mMoveType>2</mMoveType>
<mOrigX>575.000000</mOrigX>
<mOrigY>440.000000</mOrigY>
<mMoveTime>750</mMoveTime>
<mMoveRadius>50</mMoveRadius>
<mMovePhase>0.500000</mMovePhase>
<mx>525.000000</mx>
<my>440.000000</my>
</mover>
<ball>
<mIsPeg>true</mIsPeg>
<mCollidesWithOtherBalls>true</mCollidesWithOtherBalls>
<mRadius>10.000000</mRadius>
</ball>
</ent>
<ent>
<class>5</class>
<mCollidable>true</mCollidable>
<mMoving>true</mMoving>
<pegInfo>
</pegInfo>
<mover>
<mMoveType>2</mMoveType>
<mOrigX>558.000000</mOrigX>
<mOrigY>467.000000</mOrigY>
<mMoveTime>750</mMoveTime>
<mMoveRadius>50</mMoveRadius>
<mMovePhase>0.500000</mMovePhase>
<mx>508.000000</mx>
<my>467.000000</my>
</mover>
<ball>
<mIsPeg>true</mIsPeg>
<mCollidesWithOtherBalls>true</mCollidesWithOtherBalls>
<mRadius>10.000000</mRadius>
</ball>
</ent>
<ent>
<class>5</class>
<mCollidable>true</mCollidable>
<mMoving>true</mMoving>
<pegInfo>
<mVariable>true</mVariable>
<mCrumble>true</mCrumble>
</pegInfo>
<mover>
<mMoveType>2</mMoveType>
<mOrigX>535.000000</mOrigX>
<mOrigY>420.000000</mOrigY>
<mMoveTime>750</mMoveTime>
<mMoveRadius>50</mMoveRadius>
<mMovePhase>0.500000</mMovePhase>
<mx>485.000000</mx>
<my>420.000000</my>
</mover>
<ball>
<mIsPeg>true</mIsPeg>
<mCollidesWithOtherBalls>true</mCollidesWithOtherBalls>
<mRadius>10.000000</mRadius>
</ball>
</ent>
<ent>
<class>5</class>
<mCollidable>true</mCollidable>
<mMoving>true</mMoving>
<pegInfo>
</pegInfo>
<mover>
<mMoveType>2</mMoveType>
<mOrigX>495.000000</mOrigX>
<mOrigY>440.000000</mOrigY>
<mMoveTime>750</mMoveTime>
<mMoveRadius>50</mMoveRadius>
<mMovePhase>0.500000</mMovePhase>
<mx>445.000000</mx>
<my>440.000000</my>
</mover>
<ball>
<mIsPeg>true</mIsPeg>
<mCollidesWithOtherBalls>true</mCollidesWithOtherBalls>
<mRadius>10.000000</mRadius>
</ball>
</ent>
<ent>
<class>5</class>
<mCollidable>true</mCollidable>
<mMoving>true</mMoving>
<pegInfo>
</pegInfo>
<mover>
<mMoveType>2</mMoveType>
<mOrigX>557.000000</mOrigX>
<mOrigY>425.000000</mOrigY>
<mMoveTime>750</mMoveTime>
<mMoveRadius>50</mMoveRadius>
<mMovePhase>0.500000</mMovePhase>
<mx>507.000000</mx>
<my>425.000000</my>
</mover>
<ball>
<mIsPeg>true</mIsPeg>
<mCollidesWithOtherBalls>true</mCollidesWithOtherBalls>
<mRadius>10.000000</mRadius>
</ball>
</ent>
<ent>
<class>5</class>
<mCollidable>true</mCollidable>
<mMoving>true</mMoving>
<pegInfo>
</pegInfo>
<mover>
<mMoveType>2</mMoveType>
<mOrigX>513.000000</mOrigX>
<mOrigY>468.000000</mOrigY>
<mMoveTime>750</mMoveTime>
<mMoveRadius>50</mMoveRadius>
<mMovePhase>0.500000</mMovePhase>
<mx>463.000000</mx>
<my>468.000000</my>
</mover>
<ball>
<mIsPeg>true</mIsPeg>
<mCollidesWithOtherBalls>true</mCollidesWithOtherBalls>
<mRadius>10.000000</mRadius>
</ball>
</ent>
<ent>
<class>5</class>
<mCollidable>true</mCollidable>
<mMoving>true</mMoving>
<pegInfo>
</pegInfo>
<mover>
<mMoveType>2</mMoveType>
<mOrigX>513.000000</mOrigX>
<mOrigY>425.000000</mOrigY>
<mMoveTime>750</mMoveTime>
<mMoveRadius>50</mMoveRadius>
<mMovePhase>0.500000</mMovePhase>
<mx>463.000000</mx>
<my>425.000000</my>
</mover>
<ball>
<mIsPeg>true</mIsPeg>
<mCollidesWithOtherBalls>true</mCollidesWithOtherBalls>
<mRadius>10.000000</mRadius>
</ball>
</ent>
<ent>
<class>5</class>
<mCollidable>true</mCollidable>
<mMoving>true</mMoving>
<ball>
<mIsPeg>true</mIsPeg>
<mCollidesWithOtherBalls>true</mCollidesWithOtherBalls>
<mx>0.000000</mx>
<my>222.000000</my>
<mRadius>30.000000</mRadius>
</ball>
</ent>
<ent>
<class>6</class>
<mCollidable>true</mCollidable>
<mMoving>true</mMoving>
<mImageDX>-0.000003</mImageDX>
<mImageDY>-0.605377</mImageDY>
<pegInfo>
<mVariable>true</mVariable>
</pegInfo>
<mover>
<mMoveType>13</mMoveType>
<mOrigX>330.000000</mOrigX>
<mOrigY>285.000000</mOrigY>
<mMoveTime>600</mMoveTime>
<mMoveRadius>50</mMoveRadius>
<mRotation>1.570796</mRotation>
<mRotationAdd>1.570796</mRotationAdd>
<mx>380.000000</mx>
<my>285.000000</my>
</mover>
<poly>
<mAllowFlash>true</mAllowFlash>
<mRad>1.570796</mRad>
</poly>
<brick>
<mBrickAngle>30.000000</mBrickAngle>
<mBrickRadius>40.000000</mBrickRadius>
<mBrickRotation>-90.000000</mBrickRotation>
<corners>
<point>3</point>
<point>4</point>
<point>0</point>
<point>7</point>
</corners>
</brick>
</ent>
<ent>
<class>6</class>
<mCollidable>true</mCollidable>
<mMoving>true</mMoving>
<mImageDX>1.484717</mImageDX>
<mImageDY>-0.016586</mImageDY>
<pegInfo>
<mVariable>true</mVariable>
</pegInfo>
<mover>
<mMoveType>13</mMoveType>
<mOrigX>330.000000</mOrigX>
<mOrigY>285.000000</mOrigY>
<mMoveTime>600</mMoveTime>
<mMoveRadius>50</mMoveRadius>
<mMovePhase>0.083333</mMovePhase>
<mRotation>1.570796</mRotation>
<mRotationAdd>1.047198</mRotationAdd>
<mx>373.301270</mx>
<my>260.000000</my>
</mover>
<poly>
<mAllowFlash>true</mAllowFlash>
<mRad>1.570796</mRad>
</poly>
<brick>
<mBrickAngle>30.000000</mBrickAngle>
<mBrickRadius>40.000000</mBrickRadius>
<mBrickRotation>-60.000000</mBrickRotation>
<corners>
<point>3</point>
<point>4</point>
<point>0</point>
<point>7</point>
</corners>
</brick>
</ent>
<ent>
<class>6</class>
<mCollidable>true</mCollidable>
<mMoving>true</mMoving>
<mImageDX>-0.016588</mImageDX>
<mImageDY>1.484717</mImageDY>
<pegInfo>
<mVariable>true</mVariable>
</pegInfo>
<mover>
<mMoveType>13</mMoveType>
<mOrigX>330.000000</mOrigX>
<mOrigY>285.000000</mOrigY>
<mMoveTime>600</mMoveTime>
<mMoveRadius>50</mMoveRadius>
<mMovePhase>0.166667</mMovePhase>
<mRotation>1.570796</mRotation>
<mRotationAdd>0.523599</mRotationAdd>
<mx>355.000000</mx>
<my>241.698730</my>
</mover>
<poly>
<mAllowFlash>true</mAllowFlash>
<mRad>1.570796</mRad>
</poly>
<brick>
<mBrickAngle>30.000000</mBrickAngle>
<mBrickRadius>40.000000</mBrickRadius>
<mBrickRotation>-30.000000</mBrickRotation>
<corners>
<point>3</point>
<point>4</point>
<point>0</point>
<point>7</point>
</corners>
</brick>
</ent>
<ent>
<class>6</class>
<mCollidable>true</mCollidable>
<mMoving>true</mMoving>
<mImageDX>-0.605381</mImageDX>
<pegInfo>
<mVariable>true</mVariable>
</pegInfo>
<mover>
<mMoveType>13</mMoveType>
<mOrigX>330.000000</mOrigX>
<mOrigY>285.000000</mOrigY>
<mMoveTime>600</mMoveTime>
<mMoveRadius>50</mMoveRadius>
<mMovePhase>0.250000</mMovePhase>
<mRotation>1.570796</mRotation>
<mx>330.000000</mx>
<my>235.000000</my>
</mover>
<poly>
<mAllowFlash>true</mAllowFlash>
<mRad>1.570796</mRad>
</poly>
<brick>
<mBrickAngle>30.000000</mBrickAngle>
<mBrickRadius>40.000000</mBrickRadius>
<mBrickRotation>0.000000</mBrickRotation>
<corners>
<point>3</point>
<point>4</point>
<point>0</point>
<point>7</point>
</corners>
</brick>
</ent>
<ent>
<class>6</class>
<mCollidable>true</mCollidable>
<mMoving>true</mMoving>
<mImageDX>-0.016588</mImageDX>
<mImageDY>-1.484717</mImageDY>
<pegInfo>
<mVariable>true</mVariable>
</pegInfo>
<mover>
<mMoveType>13</mMoveType>
<mOrigX>330.000000</mOrigX>
<mOrigY>285.000000</mOrigY>
<mMoveTime>600</mMoveTime>
<mMoveRadius>50</mMoveRadius>
<mMovePhase>0.333333</mMovePhase>
<mRotation>1.570796</mRotation>
<mRotationAdd>-0.523599</mRotationAdd>
<mx>305.000000</mx>
<my>241.698730</my>
</mover>
<poly>
<mAllowFlash>true</mAllowFlash>
<mRad>1.570796</mRad>
</poly>
<brick>
<mBrickAngle>30.000000</mBrickAngle>
<mBrickRadius>40.000000</mBrickRadius>
<mBrickRotation>30.000000</mBrickRotation>
<corners>
<point>3</point>
<point>4</point>
<point>0</point>
<point>7</point>
</corners>
</brick>
</ent>
<ent>
<class>6</class>
<mCollidable>true</mCollidable>
<mMoving>true</mMoving>
<mImageDX>1.484715</mImageDX>
<mImageDY>0.016586</mImageDY>
<pegInfo>
<mVariable>true</mVariable>
</pegInfo>
<mover>
<mMoveType>13</mMoveType>
<mOrigX>330.000000</mOrigX>
<mOrigY>285.000000</mOrigY>
<mMoveTime>600</mMoveTime>
<mMoveRadius>50</mMoveRadius>
<mMovePhase>0.416667</mMovePhase>
<mRotation>1.570796</mRotation>
<mRotationAdd>-1.047198</mRotationAdd>
<mx>286.698730</mx>
<my>260.000000</my>
</mover>
<poly>
<mAllowFlash>true</mAllowFlash>
<mRad>1.560324</mRad>
</poly>
<brick>
<mBrickAngle>30.000000</mBrickAngle>
<mBrickRadius>40.000000</mBrickRadius>
<mBrickRotation>60.000000</mBrickRotation>
<corners>
<point>3</point>
<point>4</point>
<point>0</point>
<point>7</point>
</corners>
</brick>
</ent>
<ent>
<class>6</class>
<mCollidable>true</mCollidable>
<mMoving>true</mMoving>
<mImageDX>-0.000002</mImageDX>
<mImageDY>0.605381</mImageDY>
<pegInfo>
<mVariable>true</mVariable>
</pegInfo>
<mover>
<mMoveType>13</mMoveType>
<mOrigX>330.000000</mOrigX>
<mOrigY>285.000000</mOrigY>
<mMoveTime>600</mMoveTime>
<mMoveRadius>50</mMoveRadius>
<mMovePhase>0.500000</mMovePhase>
<mRotation>1.570796</mRotation>
<mRotationAdd>-1.570796</mRotationAdd>
<mx>280.000000</mx>
<my>285.000000</my>
</mover>
<poly>
<mAllowFlash>true</mAllowFlash>
<mRad>1.570796</mRad>
</poly>
<brick>
<mBrickAngle>30.000000</mBrickAngle>
<mBrickRadius>40.000000</mBrickRadius>
<mBrickRotation>90.000000</mBrickRotation>
<corners>
<point>3</point>
<point>4</point>
<point>0</point>
<point>7</point>
</corners>
</brick>
</ent>
<ent>
<class>6</class>
<mCollidable>true</mCollidable>
<mMoving>true</mMoving>
<mImageDX>-1.484715</mImageDX>
<mImageDY>0.016584</mImageDY>
<pegInfo>
<mVariable>true</mVariable>
</pegInfo>
<mover>
<mMoveType>13</mMoveType>
<mOrigX>330.000000</mOrigX>
<mOrigY>285.000000</mOrigY>
<mMoveTime>600</mMoveTime>
<mMoveRadius>50</mMoveRadius>
<mMovePhase>0.583333</mMovePhase>
<mRotation>1.570796</mRotation>
<mRotationAdd>-2.094395</mRotationAdd>
<mx>286.698730</mx>
<my>310.000000</my>
</mover>
<poly>
<mAllowFlash>true</mAllowFlash>
<mRad>1.560324</mRad>
</poly>
<brick>
<mBrickAngle>30.000000</mBrickAngle>
<mBrickRadius>40.000000</mBrickRadius>
<mBrickRotation>120.000000</mBrickRotation>
<corners>
<point>3</point>
<point>4</point>
<point>0</point>
<point>7</point>
</corners>
</brick>
</ent>
<ent>
<class>6</class>
<mCollidable>true</mCollidable>
<mMoving>true</mMoving>
<mImageDX>0.016586</mImageDX>
<mImageDY>-1.484711</mImageDY>
<pegInfo>
<mVariable>true</mVariable>
</pegInfo>
<mover>
<mMoveType>13</mMoveType>
<mOrigX>330.000000</mOrigX>
<mOrigY>285.000000</mOrigY>
<mMoveTime>600</mMoveTime>
<mMoveRadius>50</mMoveRadius>
<mMovePhase>0.666667</mMovePhase>
<mRotation>1.570796</mRotation>
<mRotationAdd>-2.617994</mRotationAdd>
<mx>305.000000</mx>
<my>328.301270</my>
</mover>
<poly>
<mAllowFlash>true</mAllowFlash>
<mRad>1.570796</mRad>
</poly>
<brick>
<mBrickAngle>30.000000</mBrickAngle>
<mBrickRadius>40.000000</mBrickRadius>
<mBrickRotation>150.000000</mBrickRotation>
<corners>
<point>3</point>
<point>4</point>
<point>0</point>
<point>7</point>
</corners>
</brick>
</ent>
<ent>
<class>6</class>
<mCollidable>true</mCollidable>
<mMoving>true</mMoving>
<mImageDX>0.605381</mImageDX>
<mImageDY>0.000004</mImageDY>
<pegInfo>
<mVariable>true</mVariable>
</pegInfo>
<mover>
<mMoveType>13</mMoveType>
<mOrigX>330.000000</mOrigX>
<mOrigY>285.000000</mOrigY>
<mMoveTime>600</mMoveTime>
<mMoveRadius>50</mMoveRadius>
<mMovePhase>0.750000</mMovePhase>
<mRotation>1.570796</mRotation>
<mRotationAdd>-3.141593</mRotationAdd>
<mx>330.000000</mx>
<my>335.000000</my>
</mover>
<poly>
<mAllowFlash>true</mAllowFlash>
<mRad>1.570796</mRad>
</poly>
<brick>
<mBrickAngle>30.000000</mBrickAngle>
<mBrickRadius>40.000000</mBrickRadius>
<mBrickRotation>180.000000</mBrickRotation>
<corners>
<point>3</point>
<point>4</point>
<point>0</point>
<point>7</point>
</corners>
</brick>
</ent>
<ent>
<class>6</class>
<mCollidable>true</mCollidable>
<mMoving>true</mMoving>
<mImageDX>0.016589</mImageDX>
<mImageDY>1.484721</mImageDY>
<pegInfo>
<mVariable>true</mVariable>
</pegInfo>
<mover>
<mMoveType>13</mMoveType>
<mOrigX>330.000000</mOrigX>
<mOrigY>285.000000</mOrigY>
<mMoveTime>600</mMoveTime>
<mMoveRadius>50</mMoveRadius>
<mMovePhase>0.833333</mMovePhase>
<mRotation>1.570796</mRotation>
<mRotationAdd>-3.665191</mRotationAdd>
<mx>355.000000</mx>
<my>328.301270</my>
</mover>
<poly>
<mAllowFlash>true</mAllowFlash>
<mRad>1.560324</mRad>
</poly>
<brick>
<mBrickAngle>30.000000</mBrickAngle>
<mBrickRadius>40.000000</mBrickRadius>
<mBrickRotation>210.000000</mBrickRotation>
<corners>
<point>3</point>
<point>4</point>
<point>0</point>
<point>7</point>
</corners>
</brick>
</ent>
<ent>
<class>6</class>
<mCollidable>true</mCollidable>
<mMoving>true</mMoving>
<mImageDX>-1.484710</mImageDX>
<mImageDY>-0.016577</mImageDY>
<pegInfo>
<mVariable>true</mVariable>
</pegInfo>
<mover>
<mMoveType>13</mMoveType>
<mOrigX>330.000000</mOrigX>
<mOrigY>285.000000</mOrigY>
<mMoveTime>600</mMoveTime>
<mMoveRadius>50</mMoveRadius>
<mMovePhase>0.916667</mMovePhase>
<mRotation>1.570796</mRotation>
<mRotationAdd>-4.188790</mRotationAdd>
<mx>373.301270</mx>
<my>310.000000</my>
</mover>
<poly>
<mAllowFlash>true</mAllowFlash>
<mRad>1.570796</mRad>
</poly>
<brick>
<mBrickAngle>30.000000</mBrickAngle>
<mBrickRadius>40.000000</mBrickRadius>
<mBrickRotation>240.000000</mBrickRotation>
<corners>
<point>3</point>
<point>4</point>
<point>0</point>
<point>7</point>
</corners>
</brick>
</ent>
<ent>
<class>5</class>
<mCollidable>true</mCollidable>
<mMoving>true</mMoving>
<pegInfo>
<mVariable>true</mVariable>
</pegInfo>
<ball>
<mIsPeg>true</mIsPeg>
<mCollidesWithOtherBalls>true</mCollidesWithOtherBalls>
<mx>150.000000</mx>
<my>260.000000</my>
<mRadius>10.000000</mRadius>
</ball>
</ent>
<ent>
<class>5</class>
<mCollidable>true</mCollidable>
<mMoving>true</mMoving>
<pegInfo>
<mVariable>true</mVariable>
</pegInfo>
<ball>
<mIsPeg>true</mIsPeg>
<mCollidesWithOtherBalls>true</mCollidesWithOtherBalls>
<mx>250.000000</mx>
<my>180.000000</my>
<mRadius>10.000000</mRadius>
</ball>
</ent>
<ent>
<class>5</class>
<mCollidable>true</mCollidable>
<mMoving>true</mMoving>
<pegInfo>
<mVariable>true</mVariable>
</pegInfo>
<ball>
<mIsPeg>true</mIsPeg>
<mCollidesWithOtherBalls>true</mCollidesWithOtherBalls>
<mx>300.000000</mx>
<my>180.000000</my>
<mRadius>10.000000</mRadius>
</ball>
</ent>
<ent>
<class>5</class>
<mCollidable>true</mCollidable>
<mMoving>true</mMoving>
<pegInfo>
<mVariable>true</mVariable>
</pegInfo>
<ball>
<mIsPeg>true</mIsPeg>
<mCollidesWithOtherBalls>true</mCollidesWithOtherBalls>
<mx>200.000000</mx>
<my>180.000000</my>
<mRadius>10.000000</mRadius>
</ball>
</ent>
<ent>
<class>5</class>
<mCollidable>true</mCollidable>
<mMoving>true</mMoving>
<pegInfo>
<mVariable>true</mVariable>
</pegInfo>
<ball>
<mIsPeg>true</mIsPeg>
<mCollidesWithOtherBalls>true</mCollidesWithOtherBalls>
<mx>200.000000</mx>
<my>260.000000</my>
<mRadius>10.000000</mRadius>
</ball>
</ent>
<ent>
<class>5</class>
<mCollidable>true</mCollidable>
<mMoving>true</mMoving>
<pegInfo>
<mVariable>true</mVariable>
</pegInfo>
<ball>
<mIsPeg>true</mIsPeg>
<mCollidesWithOtherBalls>true</mCollidesWithOtherBalls>
<mx>250.000000</mx>
<my>260.000000</my>
<mRadius>10.000000</mRadius>
</ball>
</ent>
<ent>
<class>5</class>
<mCollidable>true</mCollidable>
<mMoving>true</mMoving>
<pegInfo>
<mVariable>true</mVariable>
</pegInfo>
<ball>
<mIsPeg>true</mIsPeg>
<mCollidesWithOtherBalls>true</mCollidesWithOtherBalls>
<mx>270.000000</mx>
<my>220.000000</my>
<mRadius>10.000000</mRadius>
</ball>
</ent>
<ent>
<class>5</class>
<mCollidable>true</mCollidable>
<mMoving>true</mMoving>
<pegInfo>
<mVariable>true</mVariable>
</pegInfo>
<ball>
<mIsPeg>true</mIsPeg>
<mCollidesWithOtherBalls>true</mCollidesWithOtherBalls>
<mx>220.000000</mx>
<my>220.000000</my>
<mRadius>10.000000</mRadius>
</ball>
</ent>
<ent>
<class>5</class>
<mCollidable>true</mCollidable>
<mMoving>true</mMoving>
<pegInfo>
<mVariable>true</mVariable>
</pegInfo>
<ball>
<mIsPeg>true</mIsPeg>
<mCollidesWithOtherBalls>true</mCollidesWithOtherBalls>
<mx>170.000000</mx>
<my>220.000000</my>
<mRadius>10.000000</mRadius>
</ball>
</ent>
<ent>
<class>5</class>
<mCollidable>true</mCollidable>
<mMoving>true</mMoving>
<pegInfo>
<mVariable>true</mVariable>
</pegInfo>
<ball>
<mIsPeg>true</mIsPeg>
<mCollidesWithOtherBalls>true</mCollidesWithOtherBalls>
<mx>410.000000</mx>
<my>180.000000</my>
<mRadius>10.000000</mRadius>
</ball>
</ent>
<ent>
<class>5</class>
<mCollidable>true</mCollidable>
<mMoving>true</mMoving>
<pegInfo>
<mVariable>true</mVariable>
</pegInfo>
<ball>
<mIsPeg>true</mIsPeg>
<mCollidesWithOtherBalls>true</mCollidesWithOtherBalls>
<mx>460.000000</mx>
<my>180.000000</my>
<mRadius>10.000000</mRadius>
</ball>
</ent>
<ent>
<class>5</class>
<mCollidable>true</mCollidable>
<mMoving>true</mMoving>
<pegInfo>
<mVariable>true</mVariable>
</pegInfo>
<ball>
<mIsPeg>true</mIsPeg>
<mCollidesWithOtherBalls>true</mCollidesWithOtherBalls>
<mx>360.000000</mx>
<my>180.000000</my>
<mRadius>10.000000</mRadius>
</ball>
</ent>
<ent>
<class>5</class>
<mCollidable>true</mCollidable>
<mMoving>true</mMoving>
<pegInfo>
<mVariable>true</mVariable>
</pegInfo>
<ball>
<mIsPeg>true</mIsPeg>
<mCollidesWithOtherBalls>true</mCollidesWithOtherBalls>
<mx>410.000000</mx>
<my>260.000000</my>
<mRadius>10.000000</mRadius>
</ball>
</ent>
<ent>
<class>5</class>
<mCollidable>true</mCollidable>
<mMoving>true</mMoving>
<pegInfo>
<mVariable>true</mVariable>
</pegInfo>
<ball>
<mIsPeg>true</mIsPeg>
<mCollidesWithOtherBalls>true</mCollidesWithOtherBalls>
<mx>430.000000</mx>
<my>220.000000</my>
<mRadius>10.000000</mRadius>
</ball>
</ent>
<ent>
<class>5</class>
<mCollidable>true</mCollidable>
<mMoving>true</mMoving>
<pegInfo>
<mVariable>true</mVariable>
</pegInfo>
<ball>
<mIsPeg>true</mIsPeg>
<mCollidesWithOtherBalls>true</mCollidesWithOtherBalls>
<mx>380.000000</mx>
<my>220.000000</my>
<mRadius>10.000000</mRadius>
</ball>
</ent>
<ent>
<class>5</class>
<mCollidable>true</mCollidable>
<mMoving>true</mMoving>
<pegInfo>
<mVariable>true</mVariable>
</pegInfo>
<ball>
<mIsPeg>true</mIsPeg>
<mCollidesWithOtherBalls>true</mCollidesWithOtherBalls>
<mx>460.000000</mx>
<my>260.000000</my>
<mRadius>10.000000</mRadius>
</ball>
</ent>
<ent>
<class>5</class>
<mCollidable>true</mCollidable>
<mMoving>true</mMoving>
<pegInfo>
<mVariable>true</mVariable>
</pegInfo>
<ball>
<mIsPeg>true</mIsPeg>
<mCollidesWithOtherBalls>true</mCollidesWithOtherBalls>
<mx>560.000000</mx>
<my>180.000000</my>
<mRadius>10.000000</mRadius>
</ball>
</ent>
<ent>
<class>5</class>
<mCollidable>true</mCollidable>
<mMoving>true</mMoving>
<pegInfo>
<mVariable>true</mVariable>
</pegInfo>
<ball>
<mIsPeg>true</mIsPeg>
<mCollidesWithOtherBalls>true</mCollidesWithOtherBalls>
<mx>610.000000</mx>
<my>180.000000</my>
<mRadius>10.000000</mRadius>
</ball>
</ent>
<ent>
<class>5</class>
<mCollidable>true</mCollidable>
<mMoving>true</mMoving>
<pegInfo>
<mVariable>true</mVariable>
</pegInfo>
<ball>
<mIsPeg>true</mIsPeg>
<mCollidesWithOtherBalls>true</mCollidesWithOtherBalls>
<mx>510.000000</mx>
<my>180.000000</my>
<mRadius>10.000000</mRadius>
</ball>
</ent>
<ent>
<class>5</class>
<mCollidable>true</mCollidable>
<mMoving>true</mMoving>
<pegInfo>
<mVariable>true</mVariable>
</pegInfo>
<ball>
<mIsPeg>true</mIsPeg>
<mCollidesWithOtherBalls>true</mCollidesWithOtherBalls>
<mx>510.000000</mx>
<my>260.000000</my>
<mRadius>10.000000</mRadius>
</ball>
</ent>
<ent>
<class>5</class>
<mCollidable>true</mCollidable>
<mMoving>true</mMoving>
<pegInfo>
<mVariable>true</mVariable>
</pegInfo>
<ball>
<mIsPeg>true</mIsPeg>
<mCollidesWithOtherBalls>true</mCollidesWithOtherBalls>
<mx>560.000000</mx>
<my>260.000000</my>
<mRadius>10.000000</mRadius>
</ball>
</ent>
<ent>
<class>5</class>
<mCollidable>true</mCollidable>
<mMoving>true</mMoving>
<pegInfo>
<mVariable>true</mVariable>
</pegInfo>
<ball>
<mIsPeg>true</mIsPeg>
<mCollidesWithOtherBalls>true</mCollidesWithOtherBalls>
<mx>580.000000</mx>
<my>220.000000</my>
<mRadius>10.000000</mRadius>
</ball>
</ent>
<ent>
<class>5</class>
<mCollidable>true</mCollidable>
<mMoving>true</mMoving>
<pegInfo>
<mVariable>true</mVariable>
</pegInfo>
<ball>
<mIsPeg>true</mIsPeg>
<mCollidesWithOtherBalls>true</mCollidesWithOtherBalls>
<mx>530.000000</mx>
<my>220.000000</my>
<mRadius>10.000000</mRadius>
</ball>
</ent>
<ent>
<class>5</class>
<mCollidable>true</mCollidable>
<mMoving>true</mMoving>
<pegInfo>
<mVariable>true</mVariable>
</pegInfo>
<ball>
<mIsPeg>true</mIsPeg>
<mCollidesWithOtherBalls>true</mCollidesWithOtherBalls>
<mx>606.000000</mx>
<my>260.000000</my>
<mRadius>10.000000</mRadius>
</ball>
</ent>
<ent>
<class>5</class>
<mCollidable>true</mCollidable>
<mMoving>true</mMoving>
<pegInfo>
<mVariable>true</mVariable>
</pegInfo>
<ball>
<mIsPeg>true</mIsPeg>
<mCollidesWithOtherBalls>true</mCollidesWithOtherBalls>
<mx>480.000000</mx>
<my>220.000000</my>
<mRadius>10.000000</mRadius>
</ball>
</ent>
<ent>
<class>5</class>
<mCollidable>true</mCollidable>
<mMoving>true</mMoving>
<pegInfo>
<mVariable>true</mVariable>
</pegInfo>
<ball>
<mIsPeg>true</mIsPeg>
<mCollidesWithOtherBalls>true</mCollidesWithOtherBalls>
<mx>100.000000</mx>
<my>310.000000</my>
<mRadius>10.000000</mRadius>
</ball>
</ent>
<ent>
<class>5</class>
<mCollidable>true</mCollidable>
<mMoving>true</mMoving>
<pegInfo>
<mVariable>true</mVariable>
</pegInfo>
<ball>
<mIsPeg>true</mIsPeg>
<mCollidesWithOtherBalls>true</mCollidesWithOtherBalls>
<mx>150.000000</mx>
<my>310.000000</my>
<mRadius>10.000000</mRadius>
</ball>
</ent>
<ent>
<class>5</class>
<mCollidable>true</mCollidable>
<mMoving>true</mMoving>
<pegInfo>
<mVariable>true</mVariable>
</pegInfo>
<ball>
<mIsPeg>true</mIsPeg>
<mCollidesWithOtherBalls>true</mCollidesWithOtherBalls>
<mx>50.000000</mx>
<my>310.000000</my>
<mRadius>10.000000</mRadius>
</ball>
</ent>
<ent>
<class>5</class>
<mCollidable>true</mCollidable>
<mMoving>true</mMoving>
<pegInfo>
<mVariable>true</mVariable>
</pegInfo>
<ball>
<mIsPeg>true</mIsPeg>
<mCollidesWithOtherBalls>true</mCollidesWithOtherBalls>
<mx>50.000000</mx>
<my>390.000000</my>
<mRadius>10.000000</mRadius>
</ball>
</ent>
<ent>
<class>5</class>
<mCollidable>true</mCollidable>
<mMoving>true</mMoving>
<pegInfo>
<mVariable>true</mVariable>
</pegInfo>
<ball>
<mIsPeg>true</mIsPeg>
<mCollidesWithOtherBalls>true</mCollidesWithOtherBalls>
<mx>100.000000</mx>
<my>390.000000</my>
<mRadius>10.000000</mRadius>
</ball>
</ent>
<ent>
<class>5</class>
<mCollidable>true</mCollidable>
<mMoving>true</mMoving>
<pegInfo>
<mVariable>true</mVariable>
</pegInfo>
<ball>
<mIsPeg>true</mIsPeg>
<mCollidesWithOtherBalls>true</mCollidesWithOtherBalls>
<mx>120.000000</mx>
<my>350.000000</my>
<mRadius>10.000000</mRadius>
</ball>
</ent>
<ent>
<class>5</class>
<mCollidable>true</mCollidable>
<mMoving>true</mMoving>
<pegInfo>
<mVariable>true</mVariable>
</pegInfo>
<ball>
<mIsPeg>true</mIsPeg>
<mCollidesWithOtherBalls>true</mCollidesWithOtherBalls>
<mx>70.000000</mx>
<my>350.000000</my>
<mRadius>10.000000</mRadius>
</ball>
</ent>
<ent>
<class>5</class>
<mCollidable>true</mCollidable>
<mMoving>true</mMoving>
<pegInfo>
<mVariable>true</mVariable>
</pegInfo>
<ball>
<mIsPeg>true</mIsPeg>
<mCollidesWithOtherBalls>true</mCollidesWithOtherBalls>
<mx>150.000000</mx>
<my>390.000000</my>
<mRadius>10.000000</mRadius>
</ball>
</ent>
<ent>
<class>5</class>
<mCollidable>true</mCollidable>
<mMoving>true</mMoving>
<pegInfo>
<mVariable>true</mVariable>
</pegInfo>
<ball>
<mIsPeg>true</mIsPeg>
<mCollidesWithOtherBalls>true</mCollidesWithOtherBalls>
<mx>250.000000</mx>
<my>310.000000</my>
<mRadius>10.000000</mRadius>
</ball>
</ent>
<ent>
<class>5</class>
<mCollidable>true</mCollidable>
<mMoving>true</mMoving>
<pegInfo>
<mVariable>true</mVariable>
</pegInfo>
<ball>
<mIsPeg>true</mIsPeg>
<mCollidesWithOtherBalls>true</mCollidesWithOtherBalls>
<mx>200.000000</mx>
<my>310.000000</my>
<mRadius>10.000000</mRadius>
</ball>
</ent>
<ent>
<class>5</class>
<mCollidable>true</mCollidable>
<mMoving>true</mMoving>
<pegInfo>
<mVariable>true</mVariable>
</pegInfo>
<ball>
<mIsPeg>true</mIsPeg>
<mCollidesWithOtherBalls>true</mCollidesWithOtherBalls>
<mx>200.000000</mx>
<my>390.000000</my>
<mRadius>10.000000</mRadius>
</ball>
</ent>
<ent>
<class>5</class>
<mCollidable>true</mCollidable>
<mMoving>true</mMoving>
<pegInfo>
<mVariable>true</mVariable>
</pegInfo>
<ball>
<mIsPeg>true</mIsPeg>
<mCollidesWithOtherBalls>true</mCollidesWithOtherBalls>
<mx>250.000000</mx>
<my>390.000000</my>
<mRadius>10.000000</mRadius>
</ball>
</ent>
<ent>
<class>5</class>
<mCollidable>true</mCollidable>
<mMoving>true</mMoving>
<pegInfo>
<mVariable>true</mVariable>
</pegInfo>
<ball>
<mIsPeg>true</mIsPeg>
<mCollidesWithOtherBalls>true</mCollidesWithOtherBalls>
<mx>270.000000</mx>
<my>350.000000</my>
<mRadius>10.000000</mRadius>
</ball>
</ent>
<ent>
<class>5</class>
<mCollidable>true</mCollidable>
<mMoving>true</mMoving>
<pegInfo>
<mVariable>true</mVariable>
</pegInfo>
<ball>
<mIsPeg>true</mIsPeg>
<mCollidesWithOtherBalls>true</mCollidesWithOtherBalls>
<mx>220.000000</mx>
<my>350.000000</my>
<mRadius>10.000000</mRadius>
</ball>
</ent>
<ent>
<class>5</class>
<mCollidable>true</mCollidable>
<mMoving>true</mMoving>
<pegInfo>
<mVariable>true</mVariable>
</pegInfo>
<ball>
<mIsPeg>true</mIsPeg>
<mCollidesWithOtherBalls>true</mCollidesWithOtherBalls>
<mx>300.000000</mx>
<my>390.000000</my>
<mRadius>10.000000</mRadius>
</ball>
</ent>
<ent>
<class>5</class>
<mCollidable>true</mCollidable>
<mMoving>true</mMoving>
<pegInfo>
<mVariable>true</mVariable>
</pegInfo>
<ball>
<mIsPeg>true</mIsPeg>
<mCollidesWithOtherBalls>true</mCollidesWithOtherBalls>
<mx>170.000000</mx>
<my>350.000000</my>
<mRadius>10.000000</mRadius>
</ball>
</ent>
<ent>
<class>5</class>
<mCollidable>true</mCollidable>
<mMoving>true</mMoving>
<pegInfo>
<mVariable>true</mVariable>
</pegInfo>
<ball>
<mIsPeg>true</mIsPeg>
<mCollidesWithOtherBalls>true</mCollidesWithOtherBalls>
<mx>410.000000</mx>
<my>310.000000</my>
<mRadius>10.000000</mRadius>
</ball>
</ent>
<ent>
<class>5</class>
<mCollidable>true</mCollidable>
<mMoving>true</mMoving>
<pegInfo>
<mVariable>true</mVariable>
</pegInfo>
<ball>
<mIsPeg>true</mIsPeg>
<mCollidesWithOtherBalls>true</mCollidesWithOtherBalls>
<mx>460.000000</mx>
<my>310.000000</my>
<mRadius>10.000000</mRadius>
</ball>
</ent>
<ent>
<class>5</class>
<mCollidable>true</mCollidable>
<mMoving>true</mMoving>
<pegInfo>
<mVariable>true</mVariable>
</pegInfo>
<ball>
<mIsPeg>true</mIsPeg>
<mCollidesWithOtherBalls>true</mCollidesWithOtherBalls>
<mx>360.000000</mx>
<my>390.000000</my>
<mRadius>10.000000</mRadius>
</ball>
</ent>
<ent>
<class>5</class>
<mCollidable>true</mCollidable>
<mMoving>true</mMoving>
<pegInfo>
<mVariable>true</mVariable>
</pegInfo>
<ball>
<mIsPeg>true</mIsPeg>
<mCollidesWithOtherBalls>true</mCollidesWithOtherBalls>
<mx>410.000000</mx>
<my>390.000000</my>
<mRadius>10.000000</mRadius>
</ball>
</ent>
<ent>
<class>5</class>
<mCollidable>true</mCollidable>
<mMoving>true</mMoving>
<pegInfo>
<mVariable>true</mVariable>
</pegInfo>
<ball>
<mIsPeg>true</mIsPeg>
<mCollidesWithOtherBalls>true</mCollidesWithOtherBalls>
<mx>430.000000</mx>
<my>350.000000</my>
<mRadius>10.000000</mRadius>
</ball>
</ent>
<ent>
<class>5</class>
<mCollidable>true</mCollidable>
<mMoving>true</mMoving>
<pegInfo>
<mVariable>true</mVariable>
</pegInfo>
<ball>
<mIsPeg>true</mIsPeg>
<mCollidesWithOtherBalls>true</mCollidesWithOtherBalls>
<mx>460.000000</mx>
<my>390.000000</my>
<mRadius>10.000000</mRadius>
</ball>
</ent>
<ent>
<class>5</class>
<mCollidable>true</mCollidable>
<mMoving>true</mMoving>
<pegInfo>
<mVariable>true</mVariable>
</pegInfo>
<ball>
<mIsPeg>true</mIsPeg>
<mCollidesWithOtherBalls>true</mCollidesWithOtherBalls>
<mx>560.000000</mx>
<my>310.000000</my>
<mRadius>10.000000</mRadius>
</ball>
</ent>
<ent>
<class>5</class>
<mCollidable>true</mCollidable>
<mMoving>true</mMoving>
<pegInfo>
<mVariable>true</mVariable>
</pegInfo>
<ball>
<mIsPeg>true</mIsPeg>
<mCollidesWithOtherBalls>true</mCollidesWithOtherBalls>
<mx>606.000000</mx>
<my>310.000000</my>
<mRadius>10.000000</mRadius>
</ball>
</ent>
<ent>
<class>5</class>
<mCollidable>true</mCollidable>
<mMoving>true</mMoving>
<pegInfo>
<mVariable>true</mVariable>
</pegInfo>
<ball>
<mIsPeg>true</mIsPeg>
<mCollidesWithOtherBalls>true</mCollidesWithOtherBalls>
<mx>510.000000</mx>
<my>310.000000</my>
<mRadius>10.000000</mRadius>
</ball>
</ent>
<ent>
<class>5</class>
<mCollidable>true</mCollidable>
<mMoving>true</mMoving>
<pegInfo>
<mVariable>true</mVariable>
</pegInfo>
<ball>
<mIsPeg>true</mIsPeg>
<mCollidesWithOtherBalls>true</mCollidesWithOtherBalls>
<mx>510.000000</mx>
<my>390.000000</my>
<mRadius>10.000000</mRadius>
</ball>
</ent>
<ent>
<class>5</class>
<mCollidable>true</mCollidable>
<mMoving>true</mMoving>
<pegInfo>
<mVariable>true</mVariable>
</pegInfo>
<ball>
<mIsPeg>true</mIsPeg>
<mCollidesWithOtherBalls>true</mCollidesWithOtherBalls>
<mx>560.000000</mx>
<my>390.000000</my>
<mRadius>10.000000</mRadius>
</ball>
</ent>
<ent>
<class>5</class>
<mCollidable>true</mCollidable>
<mMoving>true</mMoving>
<pegInfo>
<mVariable>true</mVariable>
</pegInfo>
<ball>
<mIsPeg>true</mIsPeg>
<mCollidesWithOtherBalls>true</mCollidesWithOtherBalls>
<mx>580.000000</mx>
<my>350.000000</my>
<mRadius>10.000000</mRadius>
</ball>
</ent>
<ent>
<class>5</class>
<mCollidable>true</mCollidable>
<mMoving>true</mMoving>
<pegInfo>
<mVariable>true</mVariable>
</pegInfo>
<ball>
<mIsPeg>true</mIsPeg>
<mCollidesWithOtherBalls>true</mCollidesWithOtherBalls>
<mx>530.000000</mx>
<my>350.000000</my>
<mRadius>10.000000</mRadius>
</ball>
</ent>
<ent>
<class>5</class>
<mCollidable>true</mCollidable>
<mMoving>true</mMoving>
<pegInfo>
<mVariable>true</mVariable>
</pegInfo>
<ball>
<mIsPeg>true</mIsPeg>
<mCollidesWithOtherBalls>true</mCollidesWithOtherBalls>
<mx>606.000000</mx>
<my>390.000000</my>
<mRadius>10.000000</mRadius>
</ball>
</ent>
<ent>
<class>5</class>
<mCollidable>true</mCollidable>
<mMoving>true</mMoving>
<pegInfo>
<mVariable>true</mVariable>
</pegInfo>
<ball>
<mIsPeg>true</mIsPeg>
<mCollidesWithOtherBalls>true</mCollidesWithOtherBalls>
<mx>480.000000</mx>
<my>350.000000</my>
<mRadius>10.000000</mRadius>
</ball>
</ent>
<ent>
<class>5</class>
<mCollidable>true</mCollidable>
<mMoving>true</mMoving>
<pegInfo>
<mVariable>true</mVariable>
</pegInfo>
<ball>
<mIsPeg>true</mIsPeg>
<mCollidesWithOtherBalls>true</mCollidesWithOtherBalls>
<mx>390.000000</mx>
<my>350.000000</my>
<mRadius>10.000000</mRadius>
</ball>
</ent>
<ent>
<class>5</class>
<mCollidable>true</mCollidable>
<mMoving>true</mMoving>
<pegInfo>
<mVariable>true</mVariable>
</pegInfo>
<ball>
<mIsPeg>true</mIsPeg>
<mCollidesWithOtherBalls>true</mCollidesWithOtherBalls>
<mx>330.000000</mx>
<my>285.000000</my>
<mRadius>10.000000</mRadius>
</ball>
</ent>
<ent>
<class>5</class>
<mCollidable>true</mCollidable>
<mMoving>true</mMoving>
<pegInfo>
</pegInfo>
<mover>
<mMoveType>2</mMoveType>
<mOrigX>160.000000</mOrigX>
<mOrigY>440.000000</mOrigY>
<mMoveTime>750</mMoveTime>
<mMoveRadius>50</mMoveRadius>
<mx>210.000000</mx>
<my>440.000000</my>
</mover>
<ball>
<mIsPeg>true</mIsPeg>
<mCollidesWithOtherBalls>true</mCollidesWithOtherBalls>
<mRadius>10.000000</mRadius>
</ball>
</ent>
<ent>
<class>5</class>
<mCollidable>true</mCollidable>
<mMoving>true</mMoving>
<pegInfo>
</pegInfo>
<mover>
<mMoveType>2</mMoveType>
<mOrigX>143.000000</mOrigX>
<mOrigY>467.000000</mOrigY>
<mMoveTime>750</mMoveTime>
<mMoveRadius>50</mMoveRadius>
<mx>193.000000</mx>
<my>467.000000</my>
</mover>
<ball>
<mIsPeg>true</mIsPeg>
<mCollidesWithOtherBalls>true</mCollidesWithOtherBalls>
<mRadius>10.000000</mRadius>
</ball>
</ent>
<ent>
<class>5</class>
<mCollidable>true</mCollidable>
<mMoving>true</mMoving>
<pegInfo>
<mVariable>true</mVariable>
<mCrumble>true</mCrumble>
</pegInfo>
<mover>
<mMoveType>2</mMoveType>
<mOrigX>120.000000</mOrigX>
<mOrigY>419.000000</mOrigY>
<mMoveTime>750</mMoveTime>
<mMoveRadius>50</mMoveRadius>
<mx>170.000000</mx>
<my>419.000000</my>
</mover>
<ball>
<mIsPeg>true</mIsPeg>
<mCollidesWithOtherBalls>true</mCollidesWithOtherBalls>
<mRadius>10.000000</mRadius>
</ball>
</ent>
<ent>
<class>5</class>
<mCollidable>true</mCollidable>
<mMoving>true</mMoving>
<pegInfo>
</pegInfo>
<mover>
<mMoveType>2</mMoveType>
<mOrigX>80.000000</mOrigX>
<mOrigY>440.000000</mOrigY>
<mMoveTime>750</mMoveTime>
<mMoveRadius>50</mMoveRadius>
<mx>130.000000</mx>
<my>440.000000</my>
</mover>
<ball>
<mIsPeg>true</mIsPeg>
<mCollidesWithOtherBalls>true</mCollidesWithOtherBalls>
<mRadius>10.000000</mRadius>
</ball>
</ent>
<ent>
<class>5</class>
<mCollidable>true</mCollidable>
<mMoving>true</mMoving>
<pegInfo>
</pegInfo>
<mover>
<mMoveType>2</mMoveType>
<mOrigX>142.000000</mOrigX>
<mOrigY>425.000000</mOrigY>
<mMoveTime>750</mMoveTime>
<mMoveRadius>50</mMoveRadius>
<mx>192.000000</mx>
<my>425.000000</my>
</mover>
<ball>
<mIsPeg>true</mIsPeg>
<mCollidesWithOtherBalls>true</mCollidesWithOtherBalls>
<mRadius>10.000000</mRadius>
</ball>
</ent>
<ent>
<class>5</class>
<mCollidable>true</mCollidable>
<mMoving>true</mMoving>
<pegInfo>
</pegInfo>
<mover>
<mMoveType>2</mMoveType>
<mOrigX>98.000000</mOrigX>
<mOrigY>468.000000</mOrigY>
<mMoveTime>750</mMoveTime>
<mMoveRadius>50</mMoveRadius>
<mx>148.000000</mx>
<my>468.000000</my>
</mover>
<ball>
<mIsPeg>true</mIsPeg>
<mCollidesWithOtherBalls>true</mCollidesWithOtherBalls>
<mRadius>10.000000</mRadius>
</ball>
</ent>
<ent>
<class>5</class>
<mCollidable>true</mCollidable>
<mMoving>true</mMoving>
<pegInfo>
</pegInfo>
<mover>
<mMoveType>2</mMoveType>
<mOrigX>98.000000</mOrigX>
<mOrigY>425.000000</mOrigY>
<mMoveTime>750</mMoveTime>
<mMoveRadius>50</mMoveRadius>
<mx>148.000000</mx>
<my>425.000000</my>
</mover>
<ball>
<mIsPeg>true</mIsPeg>
<mCollidesWithOtherBalls>true</mCollidesWithOtherBalls>
<mRadius>10.000000</mRadius>
</ball>
</ent>
<ent>
<class>5</class>
<mCollidable>true</mCollidable>
<mMoving>true</mMoving>
<pegInfo>
<mVariable>true</mVariable>
<mCrumble>true</mCrumble>
</pegInfo>
<mover>
<mMoveType>2</mMoveType>
<mOrigX>577.000000</mOrigX>
<mOrigY>118.000000</mOrigY>
<mMoveTime>750</mMoveTime>
<mMoveRadius>50</mMoveRadius>
<mx>627.000000</mx>
<my>118.000000</my>
</mover>
<ball>
<mIsPeg>true</mIsPeg>
<mCollidesWithOtherBalls>true</mCollidesWithOtherBalls>
<mRadius>10.000000</mRadius>
</ball>
</ent>
<ent>
<class>5</class>
<mCollidable>true</mCollidable>
<mMoving>true</mMoving>
<pegInfo>
<mVariable>true</mVariable>
<mCrumble>true</mCrumble>
</pegInfo>
<mover>
<mMoveType>2</mMoveType>
<mOrigX>560.000000</mOrigX>
<mOrigY>135.000000</mOrigY>
<mMoveTime>750</mMoveTime>
<mMoveRadius>50</mMoveRadius>
<mx>610.000000</mx>
<my>135.000000</my>
</mover>
<ball>
<mIsPeg>true</mIsPeg>
<mCollidesWithOtherBalls>true</mCollidesWithOtherBalls>
<mRadius>10.000000</mRadius>
</ball>
</ent>
<ent>
<class>5</class>
<mCollidable>true</mCollidable>
<mMoving>true</mMoving>
<pegInfo>
<mVariable>true</mVariable>
<mCrumble>true</mCrumble>
</pegInfo>
<mover>
<mMoveType>2</mMoveType>
<mOrigX>537.000000</mOrigX>
<mOrigY>143.000000</mOrigY>
<mMoveTime>750</mMoveTime>
<mMoveRadius>50</mMoveRadius>
<mx>587.000000</mx>
<my>143.000000</my>
</mover>
<ball>
<mIsPeg>true</mIsPeg>
<mCollidesWithOtherBalls>true</mCollidesWithOtherBalls>
<mRadius>10.000000</mRadius>
</ball>
</ent>
<ent>
<class>5</class>
<mCollidable>true</mCollidable>
<mMoving>true</mMoving>
<pegInfo>
<mVariable>true</mVariable>
<mCrumble>true</mCrumble>
</pegInfo>
<mover>
<mMoveType>2</mMoveType>
<mOrigX>499.000000</mOrigX>
<mOrigY>120.000000</mOrigY>
<mMoveTime>750</mMoveTime>
<mMoveRadius>50</mMoveRadius>
<mx>549.000000</mx>
<my>120.000000</my>
</mover>
<ball>
<mIsPeg>true</mIsPeg>
<mCollidesWithOtherBalls>true</mCollidesWithOtherBalls>
<mRadius>10.000000</mRadius>
</ball>
</ent>
<ent>
<class>5</class>
<mCollidable>true</mCollidable>
<mMoving>true</mMoving>
<pegInfo>
<mVariable>true</mVariable>
</pegInfo>
<mover>
<mMoveType>2</mMoveType>
<mOrigX>558.000000</mOrigX>
<mOrigY>89.000000</mOrigY>
<mMoveTime>750</mMoveTime>
<mMoveRadius>50</mMoveRadius>
<mx>608.000000</mx>
<my>89.000000</my>
</mover>
<ball>
<mIsPeg>true</mIsPeg>
<mCollidesWithOtherBalls>true</mCollidesWithOtherBalls>
<mRadius>10.000000</mRadius>
</ball>
</ent>
<ent>
<class>5</class>
<mCollidable>true</mCollidable>
<mMoving>true</mMoving>
<pegInfo>
<mVariable>true</mVariable>
<mCrumble>true</mCrumble>
</pegInfo>
<mover>
<mMoveType>2</mMoveType>
<mOrigX>515.000000</mOrigX>
<mOrigY>136.000000</mOrigY>
<mMoveTime>750</mMoveTime>
<mMoveRadius>50</mMoveRadius>
<mx>565.000000</mx>
<my>136.000000</my>
</mover>
<ball>
<mIsPeg>true</mIsPeg>
<mCollidesWithOtherBalls>true</mCollidesWithOtherBalls>
<mRadius>10.000000</mRadius>
</ball>
</ent>
<ent>
<class>5</class>
<mCollidable>true</mCollidable>
<mMoving>true</mMoving>
<pegInfo>
<mVariable>true</mVariable>
</pegInfo>
<mover>
<mMoveType>2</mMoveType>
<mOrigX>517.000000</mOrigX>
<mOrigY>89.000000</mOrigY>
<mMoveTime>750</mMoveTime>
<mMoveRadius>50</mMoveRadius>
<mx>567.000000</mx>
<my>89.000000</my>
</mover>
<ball>
<mIsPeg>true</mIsPeg>
<mCollidesWithOtherBalls>true</mCollidesWithOtherBalls>
<mRadius>10.000000</mRadius>
</ball>
</ent>
<ent>
<class>5</class>
<mCollidable>true</mCollidable>
<mMoving>true</mMoving>
<pegInfo>
<mVariable>true</mVariable>
<mCrumble>true</mCrumble>
</pegInfo>
<mover>
<mMoveType>2</mMoveType>
<mOrigX>162.000000</mOrigX>
<mOrigY>118.000000</mOrigY>
<mMoveTime>750</mMoveTime>
<mMoveRadius>50</mMoveRadius>
<mMovePhase>0.500000</mMovePhase>
<mx>112.000000</mx>
<my>118.000000</my>
</mover>
<ball>
<mIsPeg>true</mIsPeg>
<mCollidesWithOtherBalls>true</mCollidesWithOtherBalls>
<mRadius>10.000000</mRadius>
</ball>
</ent>
<ent>
<class>5</class>
<mCollidable>true</mCollidable>
<mMoving>true</mMoving>
<pegInfo>
<mVariable>true</mVariable>
<mCrumble>true</mCrumble>
</pegInfo>
<mover>
<mMoveType>2</mMoveType>
<mOrigX>145.000000</mOrigX>
<mOrigY>135.000000</mOrigY>
<mMoveTime>750</mMoveTime>
<mMoveRadius>50</mMoveRadius>
<mMovePhase>0.500000</mMovePhase>
<mx>95.000000</mx>
<my>135.000000</my>
</mover>
<ball>
<mIsPeg>true</mIsPeg>
<mCollidesWithOtherBalls>true</mCollidesWithOtherBalls>
<mRadius>10.000000</mRadius>
</ball>
</ent>
<ent>
<class>5</class>
<mCollidable>true</mCollidable>
<mMoving>true</mMoving>
<pegInfo>
<mVariable>true</mVariable>
<mCrumble>true</mCrumble>
</pegInfo>
<mover>
<mMoveType>2</mMoveType>
<mOrigX>122.000000</mOrigX>
<mOrigY>143.000000</mOrigY>
<mMoveTime>750</mMoveTime>
<mMoveRadius>50</mMoveRadius>
<mMovePhase>0.500000</mMovePhase>
<mx>72.000000</mx>
<my>143.000000</my>
</mover>
<ball>
<mIsPeg>true</mIsPeg>
<mCollidesWithOtherBalls>true</mCollidesWithOtherBalls>
<mRadius>10.000000</mRadius>
</ball>
</ent>
<ent>
<class>5</class>
<mCollidable>true</mCollidable>
<mMoving>true</mMoving>
<pegInfo>
<mVariable>true</mVariable>
<mCrumble>true</mCrumble>
</pegInfo>
<mover>
<mMoveType>2</mMoveType>
<mOrigX>84.000000</mOrigX>
<mOrigY>120.000000</mOrigY>
<mMoveTime>750</mMoveTime>
<mMoveRadius>50</mMoveRadius>
<mMovePhase>0.500000</mMovePhase>
<mx>34.000000</mx>
<my>120.000000</my>
</mover>
<ball>
<mIsPeg>true</mIsPeg>
<mCollidesWithOtherBalls>true</mCollidesWithOtherBalls>
<mRadius>10.000000</mRadius>
</ball>
</ent>
<ent>
<class>5</class>
<mCollidable>true</mCollidable>
<mMoving>true</mMoving>
<pegInfo>
<mVariable>true</mVariable>
</pegInfo>
<mover>
<mMoveType>2</mMoveType>
<mOrigX>143.000000</mOrigX>
<mOrigY>89.000000</mOrigY>
<mMoveTime>750</mMoveTime>
<mMoveRadius>50</mMoveRadius>
<mMovePhase>0.500000</mMovePhase>
<mx>93.000000</mx>
<my>89.000000</my>
</mover>
<ball>
<mIsPeg>true</mIsPeg>
<mCollidesWithOtherBalls>true</mCollidesWithOtherBalls>
<mRadius>10.000000</mRadius>
</ball>
</ent>
<ent>
<class>5</class>
<mCollidable>true</mCollidable>
<mMoving>true</mMoving>
<pegInfo>
<mVariable>true</mVariable>
<mCrumble>true</mCrumble>
</pegInfo>
<mover>
<mMoveType>2</mMoveType>
<mOrigX>100.000000</mOrigX>
<mOrigY>136.000000</mOrigY>
<mMoveTime>750</mMoveTime>
<mMoveRadius>50</mMoveRadius>
<mMovePhase>0.500000</mMovePhase>
<mx>50.000000</mx>
<my>136.000000</my>
</mover>
<ball>
<mIsPeg>true</mIsPeg>
<mCollidesWithOtherBalls>true</mCollidesWithOtherBalls>
<mRadius>10.000000</mRadius>
</ball>
</ent>
<ent>
<class>5</class>
<mCollidable>true</mCollidable>
<mMoving>true</mMoving>
<pegInfo>
<mVariable>true</mVariable>
</pegInfo>
<mover>
<mMoveType>2</mMoveType>
<mOrigX>102.000000</mOrigX>
<mOrigY>89.000000</mOrigY>
<mMoveTime>750</mMoveTime>
<mMoveRadius>50</mMoveRadius>
<mMovePhase>0.500000</mMovePhase>
<mx>52.000000</mx>
<my>89.000000</my>
</mover>
<ball>
<mIsPeg>true</mIsPeg>
<mCollidesWithOtherBalls>true</mCollidesWithOtherBalls>
<mRadius>10.000000</mRadius>
</ball>
</ent>
<ent>
<class>3</class>
<mVisible>true</mVisible>
<mMoving>true</mMoving>
<mBackground>true</mBackground>
<mImageName>frog</mImageName>
<mover>
<mMoveType>2</mMoveType>
<mOrigX>124.000000</mOrigX>
<mOrigY>111.000000</mOrigY>
<mMoveTime>750</mMoveTime>
<mMoveRadius>50</mMoveRadius>
<mMovePhase>0.500000</mMovePhase>
<mx>74.000000</mx>
<my>111.000000</my>
</mover>
<poly>
<mIsRect>true</mIsRect>
<mAllowFlash>true</mAllowFlash>
<points>
<x>-19.500000</x>
<y>-19.500000</y>
<x>-19.500000</x>
<y>19.500000</y>
<x>19.500000</x>
<y>19.500000</y>
<x>19.500000</x>
<y>-19.500000</y>
<x>-19.500000</x>
<y>-19.500000</y>
</points>
</poly>
</ent>
<ent>
<class>3</class>
<mVisible>true</mVisible>
<mMoving>true</mMoving>
<mBackground>true</mBackground>
<mImageName>frog</mImageName>
<mover>
<mMoveType>2</mMoveType>
<mOrigX>539.809387</mOrigX>
<mOrigY>111.000000</mOrigY>
<mMoveTime>750</mMoveTime>
<mMoveRadius>50</mMoveRadius>
<mx>589.809387</mx>
<my>111.000000</my>
</mover>
<poly>
<mIsRect>true</mIsRect>
<mAllowFlash>true</mAllowFlash>
<points>
<x>-19.500000</x>
<y>-19.500000</y>
<x>-19.500000</x>
<y>19.500000</y>
<x>19.500000</x>
<y>19.500000</y>
<x>19.500000</x>
<y>-19.500000</y>
<x>-19.500000</x>
<y>-19.500000</y>
</points>
</poly>
</ent>
<ent>
<class>3</class>
<mVisible>true</mVisible>
<mMoving>true</mMoving>
<mBackground>true</mBackground>
<mImageName>frogking</mImageName>
<mover>
<mMoveType>2</mMoveType>
<mOrigX>118.809372</mOrigX>
<mOrigY>471.000000</mOrigY>
<mMoveTime>750</mMoveTime>
<mMoveRadius>50</mMoveRadius>
<mx>168.809372</mx>
<my>471.000000</my>
</mover>
<poly>
<mIsRect>true</mIsRect>
<mAllowFlash>true</mAllowFlash>
<points>
<x>-19.500000</x>
<y>-19.500000</y>
<x>-19.500000</x>
<y>19.500000</y>
<x>19.500000</x>
<y>19.500000</y>
<x>19.500000</x>
<y>-19.500000</y>
<x>-19.500000</x>
<y>-19.500000</y>
</points>
</poly>
</ent>
<ent>
<class>3</class>
<mVisible>true</mVisible>
<mMoving>true</mMoving>
<mBackground>true</mBackground>
<mImageName>frogking</mImageName>
<mover>
<mMoveType>2</mMoveType>
<mOrigX>533.809387</mOrigX>
<mOrigY>471.000000</mOrigY>
<mMoveTime>750</mMoveTime>
<mMoveRadius>50</mMoveRadius>
<mMovePhase>0.500000</mMovePhase>
<mx>483.809387</mx>
<my>471.000000</my>
</mover>
<poly>
<mIsRect>true</mIsRect>
<mAllowFlash>true</mAllowFlash>
<points>
<x>-19.500000</x>
<y>-19.500000</y>
<x>-19.500000</x>
<y>19.500000</y>
<x>19.500000</x>
<y>19.500000</y>
<x>19.500000</x>
<y>-19.500000</y>
<x>-19.500000</x>
<y>-19.500000</y>
</points>
</poly>
</ent>
</level>
