<level name="levels/export66/beans.dat.xml">
<version>66</version>
<isLevel>true</isLevel>
<ent>
<class>6</class>
<mCollidable>true</mCollidable>
<mMoving>true</mMoving>
<mImageDX>-0.646646</mImageDX>
<mImageDY>-2.147261</mImageDY>
<pegInfo>
<mVariable>true</mVariable>
</pegInfo>
<poly>
<mAllowFlash>true</mAllowFlash>
<mx>515.000000</mx>
<my>330.000000</my>
</poly>
<brick>
<mLeftAnchored>true</mLeftAnchored>
<mRightAnchored>true</mRightAnchored>
<mBrickNumSubdiv>3</mBrickNumSubdiv>
<mBrickAngle>30.000000</mBrickAngle>
<mBrickThickness>20.000183</mBrickThickness>
<mBrickRadius>30.000000</mBrickRadius>
<mBrickRotation>15.000000</mBrickRotation>
<corners>
<point>4</point>
<point>5</point>
<point>0</point>
<point>9</point>
</corners>
</brick>
</ent>
<ent>
<class>6</class>
<mCollidable>true</mCollidable>
<mMoving>true</mMoving>
<mImageDX>0.646645</mImageDX>
<mImageDY>2.147255</mImageDY>
<pegInfo>
<mVariable>true</mVariable>
</pegInfo>
<poly>
<mAllowFlash>true</mAllowFlash>
<mx>517.725952</mx>
<my>350.705566</my>
</poly>
<brick>
<mLeftAnchored>true</mLeftAnchored>
<mRightAnchored>true</mRightAnchored>
<mBrickTextureFlip>true</mBrickTextureFlip>
<mBrickNumSubdiv>3</mBrickNumSubdiv>
<mBrickAngle>30.000000</mBrickAngle>
<mBrickThickness>20.000183</mBrickThickness>
<mBrickRadius>30.000000</mBrickRadius>
<mBrickRotation>195.000000</mBrickRotation>
<corners>
<point>4</point>
<point>5</point>
<point>0</point>
<point>9</point>
</corners>
</brick>
</ent>
<ent>
<class>6</class>
<mCollidable>true</mCollidable>
<mMoving>true</mMoving>
<mImageDX>0.745908</mImageDX>
<mImageDY>-0.745911</mImageDY>
<pegInfo>
<mVariable>true</mVariable>
</pegInfo>
<poly>
<mAllowFlash>true</mAllowFlash>
<mx>503.852661</mx>
<my>311.032898</my>
</poly>
<brick>
<mLeftAnchored>true</mLeftAnchored>
<mRightAnchored>true</mRightAnchored>
<mBrickNumSubdiv>3</mBrickNumSubdiv>
<mBrickAngle>30.000000</mBrickAngle>
<mBrickThickness>20.000195</mBrickThickness>
<mBrickRadius>35.000000</mBrickRadius>
<mBrickRotation>45.000000</mBrickRotation>
<corners>
<point>4</point>
<point>5</point>
<point>0</point>
<point>9</point>
</corners>
</brick>
</ent>
<ent>
<class>6</class>
<mCollidable>true</mCollidable>
<mMoving>true</mMoving>
<mImageDX>-0.745914</mImageDX>
<mImageDY>0.745906</mImageDY>
<pegInfo>
<mVariable>true</mVariable>
</pegInfo>
<poly>
<mAllowFlash>true</mAllowFlash>
<mx>528.873413</mx>
<my>369.672668</my>
</poly>
<brick>
<mLeftAnchored>true</mLeftAnchored>
<mRightAnchored>true</mRightAnchored>
<mBrickTextureFlip>true</mBrickTextureFlip>
<mBrickNumSubdiv>3</mBrickNumSubdiv>
<mBrickAngle>30.000000</mBrickAngle>
<mBrickThickness>20.000195</mBrickThickness>
<mBrickRadius>35.000000</mBrickRadius>
<mBrickRotation>-135.000000</mBrickRotation>
<corners>
<point>4</point>
<point>5</point>
<point>0</point>
<point>9</point>
</corners>
</brick>
</ent>
<ent>
<class>6</class>
<mCollidable>true</mCollidable>
<mMoving>true</mMoving>
<mImageDX>2.059069</mImageDX>
<mImageDY>0.975780</mImageDY>
<pegInfo>
<mVariable>true</mVariable>
</pegInfo>
<poly>
<mAllowFlash>true</mAllowFlash>
<mx>482.473724</mx>
<my>298.886536</my>
</poly>
<brick>
<mLeftAnchored>true</mLeftAnchored>
<mRightAnchored>true</mRightAnchored>
<mBrickNumSubdiv>3</mBrickNumSubdiv>
<mBrickAngle>30.000000</mBrickAngle>
<mBrickThickness>20.000210</mBrickThickness>
<mBrickRadius>40.000000</mBrickRadius>
<mBrickRotation>75.000000</mBrickRotation>
<corners>
<point>4</point>
<point>5</point>
<point>0</point>
<point>9</point>
</corners>
</brick>
</ent>
<ent>
<class>6</class>
<mCollidable>true</mCollidable>
<mMoving>true</mMoving>
<mImageDX>-2.059071</mImageDX>
<mImageDY>-0.975782</mImageDY>
<pegInfo>
<mVariable>true</mVariable>
<mCrumble>true</mCrumble>
</pegInfo>
<poly>
<mAllowFlash>true</mAllowFlash>
<mx>550.252319</mx>
<my>381.819092</my>
</poly>
<brick>
<mLeftAnchored>true</mLeftAnchored>
<mRightAnchored>true</mRightAnchored>
<mBrickTextureFlip>true</mBrickTextureFlip>
<mBrickNumSubdiv>3</mBrickNumSubdiv>
<mBrickAngle>30.000000</mBrickAngle>
<mBrickThickness>20.000210</mBrickThickness>
<mBrickRadius>40.000000</mBrickRadius>
<mBrickRotation>-105.000000</mBrickRotation>
<corners>
<point>4</point>
<point>5</point>
<point>0</point>
<point>9</point>
</corners>
</brick>
</ent>
<ent>
<class>6</class>
<mCollidable>true</mCollidable>
<mMoving>true</mMoving>
<mImageDX>-2.014975</mImageDX>
<mImageDY>1.140345</mImageDY>
<pegInfo>
<mVariable>true</mVariable>
</pegInfo>
<poly>
<mAllowFlash>true</mAllowFlash>
<mx>455.297668</mx>
<my>299.056915</my>
</poly>
<brick>
<mLeftAnchored>true</mLeftAnchored>
<mRightAnchored>true</mRightAnchored>
<mBrickNumSubdiv>3</mBrickNumSubdiv>
<mBrickAngle>30.000000</mBrickAngle>
<mBrickThickness>20.000214</mBrickThickness>
<mBrickRadius>45.000000</mBrickRadius>
<mBrickRotation>105.000000</mBrickRotation>
<corners>
<point>4</point>
<point>5</point>
<point>0</point>
<point>9</point>
</corners>
</brick>
</ent>
<ent>
<class>6</class>
<mCollidable>true</mCollidable>
<mMoving>true</mMoving>
<mImageDX>2.014973</mImageDX>
<mImageDY>-1.140343</mImageDY>
<pegInfo>
<mVariable>true</mVariable>
<mCrumble>true</mCrumble>
</pegInfo>
<poly>
<mAllowFlash>true</mAllowFlash>
<mx>577.428345</mx>
<my>381.648743</my>
</poly>
<brick>
<mLeftAnchored>true</mLeftAnchored>
<mRightAnchored>true</mRightAnchored>
<mBrickTextureFlip>true</mBrickTextureFlip>
<mBrickNumSubdiv>3</mBrickNumSubdiv>
<mBrickAngle>30.000000</mBrickAngle>
<mBrickThickness>20.000214</mBrickThickness>
<mBrickRadius>45.000000</mBrickRadius>
<mBrickRotation>-75.000000</mBrickRotation>
<corners>
<point>4</point>
<point>5</point>
<point>0</point>
<point>9</point>
</corners>
</brick>
</ent>
<ent>
<class>6</class>
<mCollidable>true</mCollidable>
<mMoving>true</mMoving>
<mImageDX>-0.384506</mImageDX>
<mImageDY>-0.384496</mImageDY>
<pegInfo>
<mVariable>true</mVariable>
</pegInfo>
<poly>
<mAllowFlash>true</mAllowFlash>
<mx>429.606262</mx>
<my>314.086609</my>
</poly>
<brick>
<mLeftAnchored>true</mLeftAnchored>
<mRightAnchored>true</mRightAnchored>
<mBrickNumSubdiv>3</mBrickNumSubdiv>
<mBrickAngle>30.000000</mBrickAngle>
<mBrickThickness>20.000227</mBrickThickness>
<mBrickRadius>50.000000</mBrickRadius>
<mBrickRotation>135.000000</mBrickRotation>
<corners>
<point>4</point>
<point>5</point>
<point>0</point>
<point>9</point>
</corners>
</brick>
</ent>
<ent>
<class>6</class>
<mCollidable>true</mCollidable>
<mMoving>true</mMoving>
<mImageDX>0.384498</mImageDX>
<mImageDY>0.384501</mImageDY>
<pegInfo>
<mVariable>true</mVariable>
</pegInfo>
<poly>
<mAllowFlash>true</mAllowFlash>
<mx>603.119751</mx>
<my>366.619080</my>
</poly>
<brick>
<mLeftAnchored>true</mLeftAnchored>
<mRightAnchored>true</mRightAnchored>
<mBrickTextureFlip>true</mBrickTextureFlip>
<mBrickNumSubdiv>3</mBrickNumSubdiv>
<mBrickAngle>30.000000</mBrickAngle>
<mBrickThickness>20.000210</mBrickThickness>
<mBrickRadius>50.000000</mBrickRadius>
<mBrickRotation>-45.000000</mBrickRotation>
<corners>
<point>4</point>
<point>5</point>
<point>0</point>
<point>9</point>
</corners>
</brick>
</ent>
<ent>
<class>6</class>
<mCollidable>true</mCollidable>
<mMoving>true</mMoving>
<mImageDX>1.469479</mImageDX>
<mImageDY>-1.926787</mImageDY>
<pegInfo>
<mVariable>true</mVariable>
</pegInfo>
<poly>
<mAllowFlash>true</mAllowFlash>
<mx>413.577576</mx>
<my>342.189819</my>
</poly>
<brick>
<mLeftAnchored>true</mLeftAnchored>
<mRightAnchored>true</mRightAnchored>
<mBrickNumSubdiv>3</mBrickNumSubdiv>
<mBrickAngle>30.000000</mBrickAngle>
<mBrickThickness>20.000221</mBrickThickness>
<mBrickRadius>55.000000</mBrickRadius>
<mBrickRotation>165.000000</mBrickRotation>
<corners>
<point>4</point>
<point>5</point>
<point>0</point>
<point>9</point>
</corners>
</brick>
</ent>
<ent>
<class>6</class>
<mCollidable>true</mCollidable>
<mMoving>true</mMoving>
<mImageDX>-1.469473</mImageDX>
<mImageDY>1.926786</mImageDY>
<pegInfo>
<mVariable>true</mVariable>
</pegInfo>
<poly>
<mAllowFlash>true</mAllowFlash>
<mx>619.148438</mx>
<my>338.515869</my>
</poly>
<brick>
<mLeftAnchored>true</mLeftAnchored>
<mRightAnchored>true</mRightAnchored>
<mBrickTextureFlip>true</mBrickTextureFlip>
<mBrickNumSubdiv>3</mBrickNumSubdiv>
<mBrickAngle>30.000000</mBrickAngle>
<mBrickThickness>20.000195</mBrickThickness>
<mBrickRadius>55.000000</mBrickRadius>
<mBrickRotation>-15.000000</mBrickRotation>
<corners>
<point>4</point>
<point>5</point>
<point>0</point>
<point>9</point>
</corners>
</brick>
</ent>
<ent>
<class>6</class>
<mCollidable>true</mCollidable>
<mMoving>true</mMoving>
<mImageDX>1.634043</mImageDX>
<mImageDY>1.882690</mImageDY>
<pegInfo>
<mVariable>true</mVariable>
</pegInfo>
<poly>
<mAllowFlash>true</mAllowFlash>
<mx>413.747986</mx>
<my>377.130432</my>
</poly>
<brick>
<mLeftAnchored>true</mLeftAnchored>
<mRightAnchored>true</mRightAnchored>
<mBrickNumSubdiv>3</mBrickNumSubdiv>
<mBrickAngle>30.000000</mBrickAngle>
<mBrickThickness>20.000229</mBrickThickness>
<mBrickRadius>60.000000</mBrickRadius>
<mBrickRotation>-165.000000</mBrickRotation>
<corners>
<point>4</point>
<point>5</point>
<point>0</point>
<point>9</point>
</corners>
</brick>
</ent>
<ent>
<class>6</class>
<mCollidable>true</mCollidable>
<mMoving>true</mMoving>
<mImageDX>-1.634037</mImageDX>
<mImageDY>-1.882694</mImageDY>
<pegInfo>
<mVariable>true</mVariable>
</pegInfo>
<poly>
<mAllowFlash>true</mAllowFlash>
<mx>618.978027</mx>
<my>303.575256</my>
</poly>
<brick>
<mLeftAnchored>true</mLeftAnchored>
<mRightAnchored>true</mRightAnchored>
<mBrickTextureFlip>true</mBrickTextureFlip>
<mBrickNumSubdiv>3</mBrickNumSubdiv>
<mBrickAngle>30.000000</mBrickAngle>
<mBrickThickness>20.000214</mBrickThickness>
<mBrickRadius>60.000000</mBrickRadius>
<mBrickRotation>15.000000</mBrickRotation>
<corners>
<point>4</point>
<point>5</point>
<point>0</point>
<point>9</point>
</corners>
</brick>
</ent>
<ent>
<class>6</class>
<mCollidable>true</mCollidable>
<mMoving>true</mMoving>
<mImageDX>-0.023096</mImageDX>
<mImageDY>0.023085</mImageDY>
<pegInfo>
<mVariable>true</mVariable>
</pegInfo>
<poly>
<mAllowFlash>true</mAllowFlash>
<mx>432.659912</mx>
<my>409.546143</my>
</poly>
<brick>
<mLeftAnchored>true</mLeftAnchored>
<mRightAnchored>true</mRightAnchored>
<mBrickNumSubdiv>3</mBrickNumSubdiv>
<mBrickAngle>30.000000</mBrickAngle>
<mBrickThickness>20.000235</mBrickThickness>
<mBrickRadius>65.000000</mBrickRadius>
<mBrickRotation>-135.000000</mBrickRotation>
<corners>
<point>4</point>
<point>5</point>
<point>0</point>
<point>9</point>
</corners>
</brick>
</ent>
<ent>
<class>6</class>
<mCollidable>true</mCollidable>
<mMoving>true</mMoving>
<mImageDX>0.023081</mImageDX>
<mImageDY>-0.023087</mImageDY>
<pegInfo>
<mVariable>true</mVariable>
</pegInfo>
<poly>
<mAllowFlash>true</mAllowFlash>
<mx>600.066101</mx>
<my>271.159546</my>
</poly>
<brick>
<mLeftAnchored>true</mLeftAnchored>
<mRightAnchored>true</mRightAnchored>
<mBrickTextureFlip>true</mBrickTextureFlip>
<mBrickNumSubdiv>3</mBrickNumSubdiv>
<mBrickAngle>30.000000</mBrickAngle>
<mBrickThickness>20.000202</mBrickThickness>
<mBrickRadius>65.000000</mBrickRadius>
<mBrickRotation>45.000000</mBrickRotation>
<corners>
<point>4</point>
<point>5</point>
<point>0</point>
<point>9</point>
</corners>
</brick>
</ent>
<ent>
<class>6</class>
<mCollidable>true</mCollidable>
<mMoving>true</mMoving>
<mImageDX>-1.794500</mImageDX>
<mImageDY>-1.963171</mImageDY>
<pegInfo>
<mVariable>true</mVariable>
<mCrumble>true</mCrumble>
</pegInfo>
<poly>
<mAllowFlash>true</mAllowFlash>
<mx>467.487488</mx>
<my>429.457092</my>
</poly>
<brick>
<mLeftAnchored>true</mLeftAnchored>
<mRightAnchored>true</mRightAnchored>
<mBrickNumSubdiv>3</mBrickNumSubdiv>
<mBrickAngle>30.000000</mBrickAngle>
<mBrickThickness>20.000235</mBrickThickness>
<mBrickRadius>70.000000</mBrickRadius>
<mBrickRotation>-105.000000</mBrickRotation>
<corners>
<point>4</point>
<point>5</point>
<point>0</point>
<point>9</point>
</corners>
</brick>
</ent>
<ent>
<class>6</class>
<mCollidable>true</mCollidable>
<mMoving>true</mMoving>
<mImageDX>1.794495</mImageDX>
<mImageDY>1.963173</mImageDY>
<pegInfo>
<mVariable>true</mVariable>
</pegInfo>
<poly>
<mAllowFlash>true</mAllowFlash>
<mx>565.238525</mx>
<my>251.248596</my>
</poly>
<brick>
<mLeftAnchored>true</mLeftAnchored>
<mRightAnchored>true</mRightAnchored>
<mBrickTextureFlip>true</mBrickTextureFlip>
<mBrickNumSubdiv>3</mBrickNumSubdiv>
<mBrickAngle>30.000000</mBrickAngle>
<mBrickThickness>20.000195</mBrickThickness>
<mBrickRadius>70.000000</mBrickRadius>
<mBrickRotation>75.000000</mBrickRotation>
<corners>
<point>4</point>
<point>5</point>
<point>0</point>
<point>9</point>
</corners>
</brick>
</ent>
<ent>
<class>6</class>
<mCollidable>true</mCollidable>
<mMoving>true</mMoving>
<mImageDX>1.838593</mImageDX>
<mImageDY>-1.798601</mImageDY>
<pegInfo>
<mVariable>true</mVariable>
<mCrumble>true</mCrumble>
</pegInfo>
<poly>
<mAllowFlash>true</mAllowFlash>
<mx>507.604492</mx>
<my>429.627502</my>
</poly>
<brick>
<mLeftAnchored>true</mLeftAnchored>
<mRightAnchored>true</mRightAnchored>
<mBrickNumSubdiv>3</mBrickNumSubdiv>
<mBrickAngle>30.000000</mBrickAngle>
<mBrickThickness>20.000214</mBrickThickness>
<mBrickRadius>65.000000</mBrickRadius>
<mBrickRotation>-75.000000</mBrickRotation>
<corners>
<point>4</point>
<point>5</point>
<point>0</point>
<point>9</point>
</corners>
</brick>
</ent>
<ent>
<class>6</class>
<mCollidable>true</mCollidable>
<mMoving>true</mMoving>
<mImageDX>0.143558</mImageDX>
<mImageDY>0.143562</mImageDY>
<pegInfo>
<mVariable>true</mVariable>
</pegInfo>
<poly>
<mAllowFlash>true</mAllowFlash>
<mx>540.190613</mx>
<my>411.010620</my>
</poly>
<brick>
<mLeftAnchored>true</mLeftAnchored>
<mBrickNumSubdiv>3</mBrickNumSubdiv>
<mBrickAngle>30.000000</mBrickAngle>
<mBrickThickness>20.000235</mBrickThickness>
<mBrickRadius>60.000000</mBrickRadius>
<mBrickRotation>-45.000000</mBrickRotation>
<corners>
<point>4</point>
<point>5</point>
<point>0</point>
<point>9</point>
</corners>
</brick>
</ent>
<ent>
<class>6</class>
<mCollidable>true</mCollidable>
<mMoving>true</mMoving>
<mImageDX>-1.838592</mImageDX>
<mImageDY>1.798603</mImageDY>
<pegInfo>
<mVariable>true</mVariable>
</pegInfo>
<poly>
<mAllowFlash>true</mAllowFlash>
<mx>525.121582</mx>
<my>251.078217</my>
</poly>
<brick>
<mLeftAnchored>true</mLeftAnchored>
<mRightAnchored>true</mRightAnchored>
<mBrickTextureFlip>true</mBrickTextureFlip>
<mBrickNumSubdiv>3</mBrickNumSubdiv>
<mBrickAngle>30.000000</mBrickAngle>
<mBrickThickness>20.000214</mBrickThickness>
<mBrickRadius>65.000000</mBrickRadius>
<mBrickRotation>105.000000</mBrickRotation>
<corners>
<point>4</point>
<point>5</point>
<point>0</point>
<point>9</point>
</corners>
</brick>
</ent>
<ent>
<class>6</class>
<mCollidable>true</mCollidable>
<mMoving>true</mMoving>
<mImageDX>-0.143564</mImageDX>
<mImageDY>-0.143553</mImageDY>
<pegInfo>
<mVariable>true</mVariable>
</pegInfo>
<poly>
<mAllowFlash>true</mAllowFlash>
<mx>492.535461</mx>
<my>269.695068</my>
</poly>
<brick>
<mLeftAnchored>true</mLeftAnchored>
<mBrickTextureFlip>true</mBrickTextureFlip>
<mBrickNumSubdiv>3</mBrickNumSubdiv>
<mBrickAngle>30.000000</mBrickAngle>
<mBrickThickness>20.000210</mBrickThickness>
<mBrickRadius>60.000000</mBrickRadius>
<mBrickRotation>135.000000</mBrickRotation>
<corners>
<point>4</point>
<point>5</point>
<point>0</point>
<point>9</point>
</corners>
</brick>
</ent>
<ent>
<class>6</class>
<mCollidable>true</mCollidable>
<mMoving>true</mMoving>
<mImageDX>-0.646648</mImageDX>
<mImageDY>2.147258</mImageDY>
<pegInfo>
<mVariable>true</mVariable>
</pegInfo>
<poly>
<mAllowFlash>true</mAllowFlash>
<mx>132.274048</mx>
<my>350.705566</my>
</poly>
<brick>
<mLeftAnchored>true</mLeftAnchored>
<mRightAnchored>true</mRightAnchored>
<mBrickNumSubdiv>3</mBrickNumSubdiv>
<mBrickAngle>30.000000</mBrickAngle>
<mBrickThickness>20.000183</mBrickThickness>
<mBrickRadius>30.000000</mBrickRadius>
<mBrickRotation>345.000000</mBrickRotation>
<corners>
<point>4</point>
<point>5</point>
<point>0</point>
<point>9</point>
</corners>
</brick>
</ent>
<ent>
<class>6</class>
<mCollidable>true</mCollidable>
<mMoving>true</mMoving>
<mImageDX>0.646649</mImageDX>
<mImageDY>-2.147258</mImageDY>
<pegInfo>
<mVariable>true</mVariable>
</pegInfo>
<poly>
<mAllowFlash>true</mAllowFlash>
<mx>135.000000</mx>
<my>330.000000</my>
</poly>
<brick>
<mLeftAnchored>true</mLeftAnchored>
<mRightAnchored>true</mRightAnchored>
<mBrickTextureFlip>true</mBrickTextureFlip>
<mBrickNumSubdiv>3</mBrickNumSubdiv>
<mBrickAngle>30.000000</mBrickAngle>
<mBrickThickness>20.000183</mBrickThickness>
<mBrickRadius>30.000000</mBrickRadius>
<mBrickRotation>165.000000</mBrickRotation>
<corners>
<point>4</point>
<point>5</point>
<point>0</point>
<point>9</point>
</corners>
</brick>
</ent>
<ent>
<class>6</class>
<mCollidable>true</mCollidable>
<mMoving>true</mMoving>
<mImageDX>0.745912</mImageDX>
<mImageDY>0.745911</mImageDY>
<pegInfo>
<mVariable>true</mVariable>
</pegInfo>
<poly>
<mAllowFlash>true</mAllowFlash>
<mx>121.126648</mx>
<my>369.672668</my>
</poly>
<brick>
<mLeftAnchored>true</mLeftAnchored>
<mRightAnchored>true</mRightAnchored>
<mBrickNumSubdiv>3</mBrickNumSubdiv>
<mBrickAngle>30.000000</mBrickAngle>
<mBrickThickness>20.000195</mBrickThickness>
<mBrickRadius>35.000000</mBrickRadius>
<mBrickRotation>315.000000</mBrickRotation>
<corners>
<point>4</point>
<point>5</point>
<point>0</point>
<point>9</point>
</corners>
</brick>
</ent>
<ent>
<class>6</class>
<mCollidable>true</mCollidable>
<mMoving>true</mMoving>
<mImageDX>2.059063</mImageDX>
<mImageDY>-0.975779</mImageDY>
<pegInfo>
<mVariable>true</mVariable>
<mCrumble>true</mCrumble>
</pegInfo>
<poly>
<mAllowFlash>true</mAllowFlash>
<mx>99.747742</mx>
<my>381.819031</my>
</poly>
<brick>
<mLeftAnchored>true</mLeftAnchored>
<mRightAnchored>true</mRightAnchored>
<mBrickNumSubdiv>3</mBrickNumSubdiv>
<mBrickAngle>30.000000</mBrickAngle>
<mBrickThickness>20.000210</mBrickThickness>
<mBrickRadius>40.000000</mBrickRadius>
<mBrickRotation>285.000000</mBrickRotation>
<corners>
<point>4</point>
<point>5</point>
<point>0</point>
<point>9</point>
</corners>
</brick>
</ent>
<ent>
<class>6</class>
<mCollidable>true</mCollidable>
<mMoving>true</mMoving>
<mImageDX>-2.059084</mImageDX>
<mImageDY>0.975784</mImageDY>
<pegInfo>
<mVariable>true</mVariable>
</pegInfo>
<poly>
<mAllowFlash>true</mAllowFlash>
<mx>167.526306</mx>
<my>298.886475</my>
</poly>
<brick>
<mLeftAnchored>true</mLeftAnchored>
<mRightAnchored>true</mRightAnchored>
<mBrickTextureFlip>true</mBrickTextureFlip>
<mBrickNumSubdiv>3</mBrickNumSubdiv>
<mBrickAngle>30.000000</mBrickAngle>
<mBrickThickness>20.000210</mBrickThickness>
<mBrickRadius>40.000000</mBrickRadius>
<mBrickRotation>465.000000</mBrickRotation>
<corners>
<point>4</point>
<point>5</point>
<point>0</point>
<point>9</point>
</corners>
</brick>
</ent>
<ent>
<class>6</class>
<mCollidable>true</mCollidable>
<mMoving>true</mMoving>
<mImageDX>-2.014977</mImageDX>
<mImageDY>-1.140347</mImageDY>
<pegInfo>
<mVariable>true</mVariable>
<mCrumble>true</mCrumble>
</pegInfo>
<poly>
<mAllowFlash>true</mAllowFlash>
<mx>72.571686</mx>
<my>381.648651</my>
</poly>
<brick>
<mLeftAnchored>true</mLeftAnchored>
<mRightAnchored>true</mRightAnchored>
<mBrickNumSubdiv>3</mBrickNumSubdiv>
<mBrickAngle>30.000000</mBrickAngle>
<mBrickThickness>20.000214</mBrickThickness>
<mBrickRadius>45.000000</mBrickRadius>
<mBrickRotation>255.000000</mBrickRotation>
<corners>
<point>4</point>
<point>5</point>
<point>0</point>
<point>9</point>
</corners>
</brick>
</ent>
<ent>
<class>6</class>
<mCollidable>true</mCollidable>
<mMoving>true</mMoving>
<mImageDX>2.014963</mImageDX>
<mImageDY>1.140339</mImageDY>
<pegInfo>
<mVariable>true</mVariable>
</pegInfo>
<poly>
<mAllowFlash>true</mAllowFlash>
<mx>194.702393</mx>
<my>299.056824</my>
</poly>
<brick>
<mLeftAnchored>true</mLeftAnchored>
<mRightAnchored>true</mRightAnchored>
<mBrickTextureFlip>true</mBrickTextureFlip>
<mBrickNumSubdiv>3</mBrickNumSubdiv>
<mBrickAngle>30.000000</mBrickAngle>
<mBrickThickness>20.000214</mBrickThickness>
<mBrickRadius>45.000000</mBrickRadius>
<mBrickRotation>435.000000</mBrickRotation>
<corners>
<point>4</point>
<point>5</point>
<point>0</point>
<point>9</point>
</corners>
</brick>
</ent>
<ent>
<class>6</class>
<mCollidable>true</mCollidable>
<mMoving>true</mMoving>
<mImageDX>-0.384502</mImageDX>
<mImageDY>0.384503</mImageDY>
<pegInfo>
<mVariable>true</mVariable>
</pegInfo>
<poly>
<mAllowFlash>true</mAllowFlash>
<mx>46.880280</mx>
<my>366.618958</my>
</poly>
<brick>
<mLeftAnchored>true</mLeftAnchored>
<mRightAnchored>true</mRightAnchored>
<mBrickNumSubdiv>3</mBrickNumSubdiv>
<mBrickAngle>30.000000</mBrickAngle>
<mBrickThickness>20.000227</mBrickThickness>
<mBrickRadius>50.000000</mBrickRadius>
<mBrickRotation>225.000000</mBrickRotation>
<corners>
<point>4</point>
<point>5</point>
<point>0</point>
<point>9</point>
</corners>
</brick>
</ent>
<ent>
<class>6</class>
<mCollidable>true</mCollidable>
<mMoving>true</mMoving>
<mImageDX>0.384502</mImageDX>
<mImageDY>-0.384495</mImageDY>
<pegInfo>
<mVariable>true</mVariable>
</pegInfo>
<poly>
<mAllowFlash>true</mAllowFlash>
<mx>220.393799</mx>
<my>314.086487</my>
</poly>
<brick>
<mLeftAnchored>true</mLeftAnchored>
<mRightAnchored>true</mRightAnchored>
<mBrickTextureFlip>true</mBrickTextureFlip>
<mBrickNumSubdiv>3</mBrickNumSubdiv>
<mBrickAngle>30.000000</mBrickAngle>
<mBrickThickness>20.000210</mBrickThickness>
<mBrickRadius>50.000000</mBrickRadius>
<mBrickRotation>405.000000</mBrickRotation>
<corners>
<point>4</point>
<point>5</point>
<point>0</point>
<point>9</point>
</corners>
</brick>
</ent>
<ent>
<class>6</class>
<mCollidable>true</mCollidable>
<mMoving>true</mMoving>
<mImageDX>1.469477</mImageDX>
<mImageDY>1.926782</mImageDY>
<pegInfo>
<mVariable>true</mVariable>
</pegInfo>
<poly>
<mAllowFlash>true</mAllowFlash>
<mx>30.851593</mx>
<my>338.515747</my>
</poly>
<brick>
<mLeftAnchored>true</mLeftAnchored>
<mRightAnchored>true</mRightAnchored>
<mBrickNumSubdiv>3</mBrickNumSubdiv>
<mBrickAngle>30.000000</mBrickAngle>
<mBrickThickness>20.000221</mBrickThickness>
<mBrickRadius>55.000000</mBrickRadius>
<mBrickRotation>195.000000</mBrickRotation>
<corners>
<point>4</point>
<point>5</point>
<point>0</point>
<point>9</point>
</corners>
</brick>
</ent>
<ent>
<class>6</class>
<mCollidable>true</mCollidable>
<mMoving>true</mMoving>
<mImageDX>-1.469481</mImageDX>
<mImageDY>-1.926799</mImageDY>
<pegInfo>
<mVariable>true</mVariable>
</pegInfo>
<poly>
<mAllowFlash>true</mAllowFlash>
<mx>236.422424</mx>
<my>342.189697</my>
</poly>
<brick>
<mLeftAnchored>true</mLeftAnchored>
<mRightAnchored>true</mRightAnchored>
<mBrickTextureFlip>true</mBrickTextureFlip>
<mBrickNumSubdiv>3</mBrickNumSubdiv>
<mBrickAngle>30.000000</mBrickAngle>
<mBrickThickness>20.000195</mBrickThickness>
<mBrickRadius>55.000000</mBrickRadius>
<mBrickRotation>375.000000</mBrickRotation>
<corners>
<point>4</point>
<point>5</point>
<point>0</point>
<point>9</point>
</corners>
</brick>
</ent>
<ent>
<class>6</class>
<mCollidable>true</mCollidable>
<mMoving>true</mMoving>
<mImageDX>1.634052</mImageDX>
<mImageDY>-1.882726</mImageDY>
<pegInfo>
<mVariable>true</mVariable>
</pegInfo>
<poly>
<mAllowFlash>true</mAllowFlash>
<mx>31.022003</mx>
<my>303.575134</my>
</poly>
<brick>
<mLeftAnchored>true</mLeftAnchored>
<mRightAnchored>true</mRightAnchored>
<mBrickNumSubdiv>3</mBrickNumSubdiv>
<mBrickAngle>30.000000</mBrickAngle>
<mBrickThickness>20.000229</mBrickThickness>
<mBrickRadius>60.000000</mBrickRadius>
<mBrickRotation>525.000000</mBrickRotation>
<corners>
<point>4</point>
<point>5</point>
<point>0</point>
<point>9</point>
</corners>
</brick>
</ent>
<ent>
<class>6</class>
<mCollidable>true</mCollidable>
<mMoving>true</mMoving>
<mImageDX>-1.634041</mImageDX>
<mImageDY>1.882691</mImageDY>
<pegInfo>
<mVariable>true</mVariable>
</pegInfo>
<poly>
<mAllowFlash>true</mAllowFlash>
<mx>236.252075</mx>
<my>377.130310</my>
</poly>
<brick>
<mLeftAnchored>true</mLeftAnchored>
<mRightAnchored>true</mRightAnchored>
<mBrickTextureFlip>true</mBrickTextureFlip>
<mBrickNumSubdiv>3</mBrickNumSubdiv>
<mBrickAngle>30.000000</mBrickAngle>
<mBrickThickness>20.000214</mBrickThickness>
<mBrickRadius>60.000000</mBrickRadius>
<mBrickRotation>345.000000</mBrickRotation>
<corners>
<point>4</point>
<point>5</point>
<point>0</point>
<point>9</point>
</corners>
</brick>
</ent>
<ent>
<class>6</class>
<mCollidable>true</mCollidable>
<mMoving>true</mMoving>
<mImageDX>-0.023108</mImageDX>
<mImageDY>-0.023060</mImageDY>
<pegInfo>
<mVariable>true</mVariable>
</pegInfo>
<poly>
<mAllowFlash>true</mAllowFlash>
<mx>49.933929</mx>
<my>271.159424</my>
</poly>
<brick>
<mLeftAnchored>true</mLeftAnchored>
<mRightAnchored>true</mRightAnchored>
<mBrickNumSubdiv>3</mBrickNumSubdiv>
<mBrickAngle>30.000000</mBrickAngle>
<mBrickThickness>20.000235</mBrickThickness>
<mBrickRadius>65.000000</mBrickRadius>
<mBrickRotation>495.000000</mBrickRotation>
<corners>
<point>4</point>
<point>5</point>
<point>0</point>
<point>9</point>
</corners>
</brick>
</ent>
<ent>
<class>6</class>
<mCollidable>true</mCollidable>
<mMoving>true</mMoving>
<mImageDX>0.023087</mImageDX>
<mImageDY>0.023090</mImageDY>
<pegInfo>
<mVariable>true</mVariable>
</pegInfo>
<poly>
<mAllowFlash>true</mAllowFlash>
<mx>217.340088</mx>
<my>409.546021</my>
</poly>
<brick>
<mLeftAnchored>true</mLeftAnchored>
<mRightAnchored>true</mRightAnchored>
<mBrickTextureFlip>true</mBrickTextureFlip>
<mBrickNumSubdiv>3</mBrickNumSubdiv>
<mBrickAngle>30.000000</mBrickAngle>
<mBrickThickness>20.000202</mBrickThickness>
<mBrickRadius>65.000000</mBrickRadius>
<mBrickRotation>315.000000</mBrickRotation>
<corners>
<point>4</point>
<point>5</point>
<point>0</point>
<point>9</point>
</corners>
</brick>
</ent>
<ent>
<class>6</class>
<mCollidable>true</mCollidable>
<mMoving>true</mMoving>
<mImageDX>-1.794520</mImageDX>
<mImageDY>1.963182</mImageDY>
<pegInfo>
<mVariable>true</mVariable>
</pegInfo>
<poly>
<mAllowFlash>true</mAllowFlash>
<mx>84.761505</mx>
<my>251.248474</my>
</poly>
<brick>
<mLeftAnchored>true</mLeftAnchored>
<mRightAnchored>true</mRightAnchored>
<mBrickNumSubdiv>3</mBrickNumSubdiv>
<mBrickAngle>30.000000</mBrickAngle>
<mBrickThickness>20.000235</mBrickThickness>
<mBrickRadius>70.000000</mBrickRadius>
<mBrickRotation>465.000000</mBrickRotation>
<corners>
<point>4</point>
<point>5</point>
<point>0</point>
<point>9</point>
</corners>
</brick>
</ent>
<ent>
<class>6</class>
<mCollidable>true</mCollidable>
<mMoving>true</mMoving>
<mImageDX>1.794483</mImageDX>
<mImageDY>-1.963173</mImageDY>
<pegInfo>
<mVariable>true</mVariable>
<mCrumble>true</mCrumble>
</pegInfo>
<poly>
<mAllowFlash>true</mAllowFlash>
<mx>182.512573</mx>
<my>429.456970</my>
</poly>
<brick>
<mLeftAnchored>true</mLeftAnchored>
<mRightAnchored>true</mRightAnchored>
<mBrickTextureFlip>true</mBrickTextureFlip>
<mBrickNumSubdiv>3</mBrickNumSubdiv>
<mBrickAngle>30.000000</mBrickAngle>
<mBrickThickness>20.000195</mBrickThickness>
<mBrickRadius>70.000000</mBrickRadius>
<mBrickRotation>285.000000</mBrickRotation>
<corners>
<point>4</point>
<point>5</point>
<point>0</point>
<point>9</point>
</corners>
</brick>
</ent>
<ent>
<class>6</class>
<mCollidable>true</mCollidable>
<mMoving>true</mMoving>
<mImageDX>1.838578</mImageDX>
<mImageDY>1.798595</mImageDY>
<pegInfo>
<mVariable>true</mVariable>
</pegInfo>
<poly>
<mAllowFlash>true</mAllowFlash>
<mx>124.878540</mx>
<my>251.078064</my>
</poly>
<brick>
<mLeftAnchored>true</mLeftAnchored>
<mRightAnchored>true</mRightAnchored>
<mBrickNumSubdiv>3</mBrickNumSubdiv>
<mBrickAngle>30.000000</mBrickAngle>
<mBrickThickness>20.000214</mBrickThickness>
<mBrickRadius>65.000000</mBrickRadius>
<mBrickRotation>435.000000</mBrickRotation>
<corners>
<point>4</point>
<point>5</point>
<point>0</point>
<point>9</point>
</corners>
</brick>
</ent>
<ent>
<class>6</class>
<mCollidable>true</mCollidable>
<mMoving>true</mMoving>
<mImageDX>0.143566</mImageDX>
<mImageDY>-0.143561</mImageDY>
<pegInfo>
<mVariable>true</mVariable>
</pegInfo>
<poly>
<mAllowFlash>true</mAllowFlash>
<mx>157.464600</mx>
<my>269.694946</my>
</poly>
<brick>
<mLeftAnchored>true</mLeftAnchored>
<mBrickNumSubdiv>3</mBrickNumSubdiv>
<mBrickAngle>30.000000</mBrickAngle>
<mBrickThickness>20.000235</mBrickThickness>
<mBrickRadius>60.000000</mBrickRadius>
<mBrickRotation>405.000000</mBrickRotation>
<corners>
<point>4</point>
<point>5</point>
<point>0</point>
<point>9</point>
</corners>
</brick>
</ent>
<ent>
<class>6</class>
<mCollidable>true</mCollidable>
<mMoving>true</mMoving>
<mImageDX>-1.838597</mImageDX>
<mImageDY>-1.798609</mImageDY>
<pegInfo>
<mVariable>true</mVariable>
<mCrumble>true</mCrumble>
</pegInfo>
<poly>
<mAllowFlash>true</mAllowFlash>
<mx>142.395569</mx>
<my>429.627380</my>
</poly>
<brick>
<mLeftAnchored>true</mLeftAnchored>
<mRightAnchored>true</mRightAnchored>
<mBrickTextureFlip>true</mBrickTextureFlip>
<mBrickNumSubdiv>3</mBrickNumSubdiv>
<mBrickAngle>30.000000</mBrickAngle>
<mBrickThickness>20.000214</mBrickThickness>
<mBrickRadius>65.000000</mBrickRadius>
<mBrickRotation>255.000000</mBrickRotation>
<corners>
<point>4</point>
<point>5</point>
<point>0</point>
<point>9</point>
</corners>
</brick>
</ent>
<ent>
<class>6</class>
<mCollidable>true</mCollidable>
<mMoving>true</mMoving>
<mImageDX>-0.143556</mImageDX>
<mImageDY>0.143557</mImageDY>
<pegInfo>
<mVariable>true</mVariable>
</pegInfo>
<poly>
<mAllowFlash>true</mAllowFlash>
<mx>109.809479</mx>
<my>411.010498</my>
</poly>
<brick>
<mLeftAnchored>true</mLeftAnchored>
<mBrickTextureFlip>true</mBrickTextureFlip>
<mBrickNumSubdiv>3</mBrickNumSubdiv>
<mBrickAngle>30.000000</mBrickAngle>
<mBrickThickness>20.000210</mBrickThickness>
<mBrickRadius>60.000000</mBrickRadius>
<mBrickRotation>225.000000</mBrickRotation>
<corners>
<point>4</point>
<point>5</point>
<point>0</point>
<point>9</point>
</corners>
</brick>
</ent>
<ent>
<class>6</class>
<mCollidable>true</mCollidable>
<mMoving>true</mMoving>
<mImageDX>-0.745923</mImageDX>
<mImageDY>-0.745893</mImageDY>
<pegInfo>
<mVariable>true</mVariable>
</pegInfo>
<poly>
<mAllowFlash>true</mAllowFlash>
<mx>146.252075</mx>
<my>311.130310</my>
</poly>
<brick>
<mLeftAnchored>true</mLeftAnchored>
<mRightAnchored>true</mRightAnchored>
<mBrickTextureFlip>true</mBrickTextureFlip>
<mBrickNumSubdiv>3</mBrickNumSubdiv>
<mBrickAngle>30.000000</mBrickAngle>
<mBrickThickness>20.000195</mBrickThickness>
<mBrickRadius>35.000000</mBrickRadius>
<mBrickRotation>495.000000</mBrickRotation>
<corners>
<point>4</point>
<point>5</point>
<point>0</point>
<point>9</point>
</corners>
</brick>
</ent>
<ent>
<class>6</class>
<mCollidable>true</mCollidable>
<mMoving>true</mMoving>
<mImageDX>1.017227</mImageDX>
<mImageDY>-0.571175</mImageDY>
<pegInfo>
<mVariable>true</mVariable>
</pegInfo>
<poly>
<mAllowFlash>true</mAllowFlash>
<mx>353.470123</mx>
<my>491.251831</my>
</poly>
<brick>
<mLeftAnchored>true</mLeftAnchored>
<mRightAnchored>true</mRightAnchored>
<mBrickNumSubdiv>3</mBrickNumSubdiv>
<mBrickAngle>15.000000</mBrickAngle>
<mBrickThickness>20.000195</mBrickThickness>
<mBrickRadius>100.000000</mBrickRadius>
<mBrickRotation>-75.000000</mBrickRotation>
<corners>
<point>4</point>
<point>5</point>
<point>0</point>
<point>9</point>
</corners>
</brick>
</ent>
<ent>
<class>6</class>
<mCollidable>true</mCollidable>
<mMoving>true</mMoving>
<mImageDX>0.000014</mImageDX>
<mImageDY>-0.427765</mImageDY>
<pegInfo>
<mVariable>true</mVariable>
<mCrumble>true</mCrumble>
</pegInfo>
<poly>
<mAllowFlash>true</mAllowFlash>
<mx>325.000000</mx>
<my>495.000000</my>
</poly>
<brick>
<mLeftAnchored>true</mLeftAnchored>
<mRightAnchored>true</mRightAnchored>
<mBrickNumSubdiv>3</mBrickNumSubdiv>
<mBrickAngle>15.000000</mBrickAngle>
<mBrickThickness>20.000208</mBrickThickness>
<mBrickRadius>100.000000</mBrickRadius>
<mBrickRotation>-89.999954</mBrickRotation>
<corners>
<point>4</point>
<point>5</point>
<point>0</point>
<point>9</point>
</corners>
</brick>
</ent>
<ent>
<class>6</class>
<mCollidable>true</mCollidable>
<mMoving>true</mMoving>
<mImageDX>-1.017236</mImageDX>
<mImageDY>-0.571171</mImageDY>
<pegInfo>
<mVariable>true</mVariable>
</pegInfo>
<poly>
<mAllowFlash>true</mAllowFlash>
<mx>296.529877</mx>
<my>491.251862</my>
</poly>
<brick>
<mLeftAnchored>true</mLeftAnchored>
<mRightAnchored>true</mRightAnchored>
<mBrickNumSubdiv>3</mBrickNumSubdiv>
<mBrickAngle>15.000000</mBrickAngle>
<mBrickThickness>20.000235</mBrickThickness>
<mBrickRadius>100.000000</mBrickRadius>
<mBrickRotation>-104.999939</mBrickRotation>
<corners>
<point>4</point>
<point>5</point>
<point>0</point>
<point>9</point>
</corners>
</brick>
</ent>
<ent>
<class>6</class>
<mCollidable>true</mCollidable>
<mMoving>true</mMoving>
<mImageDX>-0.659878</mImageDX>
<mImageDY>-0.162357</mImageDY>
<pegInfo>
<mVariable>true</mVariable>
</pegInfo>
<poly>
<mAllowFlash>true</mAllowFlash>
<mx>269.999939</mx>
<my>480.262817</my>
</poly>
<brick>
<mLeftAnchored>true</mLeftAnchored>
<mRightAnchored>true</mRightAnchored>
<mBrickNumSubdiv>3</mBrickNumSubdiv>
<mBrickAngle>15.000000</mBrickAngle>
<mBrickThickness>20.000237</mBrickThickness>
<mBrickRadius>100.000000</mBrickRadius>
<mBrickRotation>-119.999962</mBrickRotation>
<corners>
<point>4</point>
<point>5</point>
<point>0</point>
<point>9</point>
</corners>
</brick>
</ent>
<ent>
<class>6</class>
<mCollidable>true</mCollidable>
<mMoving>true</mMoving>
<mImageDX>0.659870</mImageDX>
<mImageDY>-0.162361</mImageDY>
<pegInfo>
<mVariable>true</mVariable>
</pegInfo>
<poly>
<mAllowFlash>true</mAllowFlash>
<mx>380.000031</mx>
<my>480.262756</my>
</poly>
<brick>
<mLeftAnchored>true</mLeftAnchored>
<mRightAnchored>true</mRightAnchored>
<mBrickNumSubdiv>3</mBrickNumSubdiv>
<mBrickAngle>15.000000</mBrickAngle>
<mBrickThickness>20.000208</mBrickThickness>
<mBrickRadius>100.000000</mBrickRadius>
<mBrickRotation>-60.000000</mBrickRotation>
<corners>
<point>4</point>
<point>5</point>
<point>0</point>
<point>9</point>
</corners>
</brick>
</ent>
<ent>
<class>6</class>
<mCollidable>true</mCollidable>
<mMoving>true</mMoving>
<mImageDY>0.274979</mImageDY>
<pegInfo>
<mVariable>true</mVariable>
</pegInfo>
<poly>
<mAllowFlash>true</mAllowFlash>
<mx>325.000000</mx>
<my>160.000000</my>
</poly>
<brick>
<mLeftAnchored>true</mLeftAnchored>
<mRightAnchored>true</mRightAnchored>
<mBrickNumSubdiv>3</mBrickNumSubdiv>
<mBrickAngle>8.500000</mBrickAngle>
<mBrickThickness>20.000214</mBrickThickness>
<mBrickRadius>200.000000</mBrickRadius>
<mBrickRotation>90.000000</mBrickRotation>
<corners>
<point>4</point>
<point>5</point>
<point>0</point>
<point>9</point>
</corners>
</brick>
</ent>
<ent>
<class>6</class>
<mCollidable>true</mCollidable>
<mMoving>true</mMoving>
<mImageDX>0.647596</mImageDX>
<mImageDY>0.461571</mImageDY>
<pegInfo>
<mVariable>true</mVariable>
</pegInfo>
<poly>
<mAllowFlash>true</mAllowFlash>
<mx>356.039978</mx>
<my>162.306671</my>
</poly>
<brick>
<mLeftAnchored>true</mLeftAnchored>
<mRightAnchored>true</mRightAnchored>
<mBrickNumSubdiv>3</mBrickNumSubdiv>
<mBrickAngle>8.500000</mBrickAngle>
<mBrickThickness>20.000202</mBrickThickness>
<mBrickRadius>200.000000</mBrickRadius>
<mBrickRotation>81.500015</mBrickRotation>
<corners>
<point>4</point>
<point>5</point>
<point>0</point>
<point>9</point>
</corners>
</brick>
</ent>
<ent>
<class>6</class>
<mCollidable>true</mCollidable>
<mMoving>true</mMoving>
<mImageDX>0.539869</mImageDX>
<mImageDY>0.335556</mImageDY>
<pegInfo>
<mVariable>true</mVariable>
</pegInfo>
<poly>
<mAllowFlash>true</mAllowFlash>
<mx>386.398102</mx>
<my>169.175995</my>
</poly>
<brick>
<mLeftAnchored>true</mLeftAnchored>
<mRightAnchored>true</mRightAnchored>
<mBrickNumSubdiv>3</mBrickNumSubdiv>
<mBrickAngle>8.500000</mBrickAngle>
<mBrickThickness>20.000187</mBrickThickness>
<mBrickRadius>200.000000</mBrickRadius>
<mBrickRotation>73.000053</mBrickRotation>
<corners>
<point>4</point>
<point>5</point>
<point>0</point>
<point>9</point>
</corners>
</brick>
</ent>
<ent>
<class>6</class>
<mCollidable>true</mCollidable>
<mMoving>true</mMoving>
<mImageDX>0.420303</mImageDX>
<mImageDY>0.202164</mImageDY>
<pegInfo>
<mVariable>true</mVariable>
</pegInfo>
<poly>
<mAllowFlash>true</mAllowFlash>
<mx>415.407410</mx>
<my>180.457092</my>
</poly>
<brick>
<mLeftAnchored>true</mLeftAnchored>
<mRightAnchored>true</mRightAnchored>
<mBrickNumSubdiv>3</mBrickNumSubdiv>
<mBrickAngle>8.500000</mBrickAngle>
<mBrickThickness>20.000195</mBrickThickness>
<mBrickRadius>200.000000</mBrickRadius>
<mBrickRotation>64.499969</mBrickRotation>
<corners>
<point>4</point>
<point>5</point>
<point>0</point>
<point>9</point>
</corners>
</brick>
</ent>
<ent>
<class>6</class>
<mCollidable>true</mCollidable>
<mMoving>true</mMoving>
<mImageDX>0.291481</mImageDX>
<mImageDY>0.064308</mImageDY>
<pegInfo>
<mVariable>true</mVariable>
</pegInfo>
<poly>
<mAllowFlash>true</mAllowFlash>
<mx>442.430573</mx>
<my>195.902130</my>
</poly>
<brick>
<mLeftAnchored>true</mLeftAnchored>
<mRightAnchored>true</mRightAnchored>
<mBrickNumSubdiv>3</mBrickNumSubdiv>
<mBrickAngle>8.500000</mBrickAngle>
<mBrickThickness>20.000193</mBrickThickness>
<mBrickRadius>200.000000</mBrickRadius>
<mBrickRotation>55.999954</mBrickRotation>
<corners>
<point>4</point>
<point>5</point>
<point>0</point>
<point>9</point>
</corners>
</brick>
</ent>
<ent>
<class>6</class>
<mCollidable>true</mCollidable>
<mMoving>true</mMoving>
<mImageDX>0.156261</mImageDX>
<mImageDY>-0.074921</mImageDY>
<pegInfo>
<mVariable>true</mVariable>
</pegInfo>
<poly>
<mAllowFlash>true</mAllowFlash>
<mx>466.874023</mx>
<my>215.171799</my>
</poly>
<brick>
<mLeftAnchored>true</mLeftAnchored>
<mRightAnchored>true</mRightAnchored>
<mBrickNumSubdiv>3</mBrickNumSubdiv>
<mBrickAngle>8.500000</mBrickAngle>
<mBrickThickness>20.000212</mBrickThickness>
<mBrickRadius>200.000000</mBrickRadius>
<mBrickRotation>47.499962</mBrickRotation>
<corners>
<point>4</point>
<point>5</point>
<point>0</point>
<point>9</point>
</corners>
</brick>
</ent>
<ent>
<class>6</class>
<mCollidable>true</mCollidable>
<mMoving>true</mMoving>
<mImageDX>-0.647609</mImageDX>
<mImageDY>0.461586</mImageDY>
<pegInfo>
<mVariable>true</mVariable>
</pegInfo>
<poly>
<mAllowFlash>true</mAllowFlash>
<mx>293.959991</mx>
<my>162.306656</my>
</poly>
<brick>
<mLeftAnchored>true</mLeftAnchored>
<mRightAnchored>true</mRightAnchored>
<mBrickNumSubdiv>3</mBrickNumSubdiv>
<mBrickAngle>8.500000</mBrickAngle>
<mBrickThickness>20.000202</mBrickThickness>
<mBrickRadius>200.000000</mBrickRadius>
<mBrickRotation>98.499977</mBrickRotation>
<corners>
<point>4</point>
<point>5</point>
<point>0</point>
<point>9</point>
</corners>
</brick>
</ent>
<ent>
<class>6</class>
<mCollidable>true</mCollidable>
<mMoving>true</mMoving>
<mImageDX>-0.539894</mImageDX>
<mImageDY>0.335571</mImageDY>
<pegInfo>
<mVariable>true</mVariable>
</pegInfo>
<poly>
<mAllowFlash>true</mAllowFlash>
<mx>263.601868</mx>
<my>169.175980</my>
</poly>
<brick>
<mLeftAnchored>true</mLeftAnchored>
<mRightAnchored>true</mRightAnchored>
<mBrickNumSubdiv>3</mBrickNumSubdiv>
<mBrickAngle>8.500000</mBrickAngle>
<mBrickThickness>20.000187</mBrickThickness>
<mBrickRadius>200.000000</mBrickRadius>
<mBrickRotation>106.999939</mBrickRotation>
<corners>
<point>4</point>
<point>5</point>
<point>0</point>
<point>9</point>
</corners>
</brick>
</ent>
<ent>
<class>6</class>
<mCollidable>true</mCollidable>
<mMoving>true</mMoving>
<mImageDX>-0.420288</mImageDX>
<mImageDY>0.202164</mImageDY>
<pegInfo>
<mVariable>true</mVariable>
</pegInfo>
<poly>
<mAllowFlash>true</mAllowFlash>
<mx>234.592560</mx>
<my>180.457077</my>
</poly>
<brick>
<mLeftAnchored>true</mLeftAnchored>
<mRightAnchored>true</mRightAnchored>
<mBrickNumSubdiv>3</mBrickNumSubdiv>
<mBrickAngle>8.500000</mBrickAngle>
<mBrickThickness>20.000189</mBrickThickness>
<mBrickRadius>200.000000</mBrickRadius>
<mBrickRotation>115.499985</mBrickRotation>
<corners>
<point>4</point>
<point>5</point>
<point>0</point>
<point>9</point>
</corners>
</brick>
</ent>
<ent>
<class>6</class>
<mCollidable>true</mCollidable>
<mMoving>true</mMoving>
<mImageDX>-0.291458</mImageDX>
<mImageDY>0.064308</mImageDY>
<pegInfo>
<mVariable>true</mVariable>
</pegInfo>
<poly>
<mAllowFlash>true</mAllowFlash>
<mx>207.569351</mx>
<my>195.902115</my>
</poly>
<brick>
<mLeftAnchored>true</mLeftAnchored>
<mRightAnchored>true</mRightAnchored>
<mBrickNumSubdiv>3</mBrickNumSubdiv>
<mBrickAngle>8.500000</mBrickAngle>
<mBrickThickness>20.000185</mBrickThickness>
<mBrickRadius>200.000000</mBrickRadius>
<mBrickRotation>124.000000</mBrickRotation>
<corners>
<point>4</point>
<point>5</point>
<point>0</point>
<point>9</point>
</corners>
</brick>
</ent>
<ent>
<class>6</class>
<mCollidable>true</mCollidable>
<mMoving>true</mMoving>
<mImageDX>-0.156265</mImageDX>
<mImageDY>-0.074928</mImageDY>
<pegInfo>
<mVariable>true</mVariable>
</pegInfo>
<poly>
<mAllowFlash>true</mAllowFlash>
<mx>183.125946</mx>
<my>215.171753</my>
</poly>
<brick>
<mLeftAnchored>true</mLeftAnchored>
<mRightAnchored>true</mRightAnchored>
<mBrickNumSubdiv>3</mBrickNumSubdiv>
<mBrickAngle>8.500000</mBrickAngle>
<mBrickThickness>20.000179</mBrickThickness>
<mBrickRadius>200.000000</mBrickRadius>
<mBrickRotation>132.499985</mBrickRotation>
<corners>
<point>4</point>
<point>5</point>
<point>0</point>
<point>9</point>
</corners>
</brick>
</ent>
<ent>
<class>6</class>
<mCollidable>true</mCollidable>
<mMoving>true</mMoving>
<mImageDX>0.017609</mImageDX>
<mImageDY>-0.212517</mImageDY>
<pegInfo>
<mVariable>true</mVariable>
<mCrumble>true</mCrumble>
</pegInfo>
<poly>
<mAllowFlash>true</mAllowFlash>
<mx>488.200745</mx>
<my>237.842804</my>
</poly>
<brick>
<mRightAnchored>true</mRightAnchored>
<mBrickNumSubdiv>3</mBrickNumSubdiv>
<mBrickAngle>8.500000</mBrickAngle>
<mBrickThickness>20.000200</mBrickThickness>
<mBrickRadius>200.000000</mBrickRadius>
<mBrickRotation>38.999996</mBrickRotation>
<corners>
<point>4</point>
<point>5</point>
<point>0</point>
<point>9</point>
</corners>
</brick>
</ent>
<ent>
<class>6</class>
<mCollidable>true</mCollidable>
<mMoving>true</mMoving>
<mImageDX>-0.017632</mImageDX>
<mImageDY>-0.212502</mImageDY>
<pegInfo>
<mVariable>true</mVariable>
<mCrumble>true</mCrumble>
</pegInfo>
<poly>
<mAllowFlash>true</mAllowFlash>
<mx>161.799194</mx>
<my>237.842728</my>
</poly>
<brick>
<mLeftAnchored>true</mLeftAnchored>
<mBrickNumSubdiv>3</mBrickNumSubdiv>
<mBrickAngle>8.500000</mBrickAngle>
<mBrickThickness>20.000189</mBrickThickness>
<mBrickRadius>200.000000</mBrickRadius>
<mBrickRotation>140.999969</mBrickRotation>
<corners>
<point>4</point>
<point>5</point>
<point>0</point>
<point>9</point>
</corners>
</brick>
</ent>
<ent>
<class>6</class>
<mCollidable>true</mCollidable>
<mMoving>true</mMoving>
<mImageDX>0.168392</mImageDX>
<mImageDY>0.062653</mImageDY>
<pegInfo>
<mVariable>true</mVariable>
</pegInfo>
<poly>
<mAllowFlash>true</mAllowFlash>
<mx>403.959076</mx>
<my>462.336670</my>
</poly>
<brick>
<mLeftAnchored>true</mLeftAnchored>
<mRightAnchored>true</mRightAnchored>
<mBrickNumSubdiv>3</mBrickNumSubdiv>
<mBrickAngle>8.500000</mBrickAngle>
<mBrickThickness>20.000221</mBrickThickness>
<mBrickRadius>200.000000</mBrickRadius>
<mBrickRotation>-48.250031</mBrickRotation>
<corners>
<point>4</point>
<point>5</point>
<point>0</point>
<point>9</point>
</corners>
</brick>
</ent>
<ent>
<class>6</class>
<mCollidable>true</mCollidable>
<mMoving>true</mMoving>
<mImageDX>-0.168358</mImageDX>
<mImageDY>0.062668</mImageDY>
<pegInfo>
<mVariable>true</mVariable>
</pegInfo>
<poly>
<mAllowFlash>true</mAllowFlash>
<mx>246.040894</mx>
<my>462.336731</my>
</poly>
<brick>
<mLeftAnchored>true</mLeftAnchored>
<mRightAnchored>true</mRightAnchored>
<mBrickNumSubdiv>3</mBrickNumSubdiv>
<mBrickAngle>8.500000</mBrickAngle>
<mBrickThickness>20.000221</mBrickThickness>
<mBrickRadius>200.000000</mBrickRadius>
<mBrickRotation>-131.749969</mBrickRotation>
<corners>
<point>4</point>
<point>5</point>
<point>0</point>
<point>9</point>
</corners>
</brick>
</ent>
<ent>
<class>6</class>
<mCollidable>true</mCollidable>
<mMoving>true</mMoving>
<mImageDX>0.029922</mImageDX>
<mImageDY>0.200539</mImageDY>
<pegInfo>
<mVariable>true</mVariable>
</pegInfo>
<poly>
<mAllowFlash>true</mAllowFlash>
<mx>425.580719</mx>
<my>439.946777</my>
</poly>
<brick>
<mLeftAnchored>true</mLeftAnchored>
<mBrickNumSubdiv>3</mBrickNumSubdiv>
<mBrickAngle>8.500000</mBrickAngle>
<mBrickThickness>20.000219</mBrickThickness>
<mBrickRadius>200.000000</mBrickRadius>
<mBrickRotation>-39.750000</mBrickRotation>
<corners>
<point>4</point>
<point>5</point>
<point>0</point>
<point>9</point>
</corners>
</brick>
</ent>
<ent>
<class>6</class>
<mCollidable>true</mCollidable>
<mMoving>true</mMoving>
<mImageDX>-0.029877</mImageDX>
<mImageDY>0.200554</mImageDY>
<pegInfo>
<mVariable>true</mVariable>
</pegInfo>
<poly>
<mAllowFlash>true</mAllowFlash>
<mx>224.419235</mx>
<my>439.946869</my>
</poly>
<brick>
<mRightAnchored>true</mRightAnchored>
<mBrickNumSubdiv>3</mBrickNumSubdiv>
<mBrickAngle>8.500000</mBrickAngle>
<mBrickThickness>20.000210</mBrickThickness>
<mBrickRadius>200.000000</mBrickRadius>
<mBrickRotation>-140.250000</mBrickRotation>
<corners>
<point>4</point>
<point>5</point>
<point>0</point>
<point>9</point>
</corners>
</brick>
</ent>
<ent>
<class>5</class>
<mCollidable>true</mCollidable>
<mMoving>true</mMoving>
<pegInfo>
<mVariable>true</mVariable>
</pegInfo>
<ball>
<mIsPeg>true</mIsPeg>
<mCollidesWithOtherBalls>true</mCollidesWithOtherBalls>
<mx>145.000000</mx>
<my>390.000000</my>
<mRadius>10.000000</mRadius>
</ball>
</ent>
<ent>
<class>5</class>
<mCollidable>true</mCollidable>
<mMoving>true</mMoving>
<pegInfo>
<mVariable>true</mVariable>
</pegInfo>
<ball>
<mIsPeg>true</mIsPeg>
<mCollidesWithOtherBalls>true</mCollidesWithOtherBalls>
<mx>185.000000</mx>
<my>390.000000</my>
<mRadius>10.000000</mRadius>
</ball>
</ent>
<ent>
<class>5</class>
<mCollidable>true</mCollidable>
<mMoving>true</mMoving>
<pegInfo>
<mVariable>true</mVariable>
</pegInfo>
<ball>
<mIsPeg>true</mIsPeg>
<mCollidesWithOtherBalls>true</mCollidesWithOtherBalls>
<mx>205.000000</mx>
<my>360.000000</my>
<mRadius>10.000000</mRadius>
</ball>
</ent>
<ent>
<class>5</class>
<mCollidable>true</mCollidable>
<mMoving>true</mMoving>
<pegInfo>
<mVariable>true</mVariable>
</pegInfo>
<ball>
<mIsPeg>true</mIsPeg>
<mCollidesWithOtherBalls>true</mCollidesWithOtherBalls>
<mx>185.000000</mx>
<my>330.000000</my>
<mRadius>10.000000</mRadius>
</ball>
</ent>
<ent>
<class>5</class>
<mCollidable>true</mCollidable>
<mMoving>true</mMoving>
<pegInfo>
<mVariable>true</mVariable>
</pegInfo>
<ball>
<mIsPeg>true</mIsPeg>
<mCollidesWithOtherBalls>true</mCollidesWithOtherBalls>
<mx>165.000000</mx>
<my>360.000000</my>
<mRadius>10.000000</mRadius>
</ball>
</ent>
<ent>
<class>5</class>
<mCollidable>true</mCollidable>
<mMoving>true</mMoving>
<pegInfo>
<mVariable>true</mVariable>
</pegInfo>
<ball>
<mIsPeg>true</mIsPeg>
<mCollidesWithOtherBalls>true</mCollidesWithOtherBalls>
<mx>125.000000</mx>
<my>290.000000</my>
<mRadius>10.000000</mRadius>
</ball>
</ent>
<ent>
<class>5</class>
<mCollidable>true</mCollidable>
<mMoving>true</mMoving>
<pegInfo>
<mVariable>true</mVariable>
</pegInfo>
<ball>
<mIsPeg>true</mIsPeg>
<mCollidesWithOtherBalls>true</mCollidesWithOtherBalls>
<mx>85.000000</mx>
<my>290.000000</my>
<mRadius>10.000000</mRadius>
</ball>
</ent>
<ent>
<class>5</class>
<mCollidable>true</mCollidable>
<mMoving>true</mMoving>
<pegInfo>
<mVariable>true</mVariable>
</pegInfo>
<ball>
<mIsPeg>true</mIsPeg>
<mCollidesWithOtherBalls>true</mCollidesWithOtherBalls>
<mx>65.000000</mx>
<my>320.000000</my>
<mRadius>10.000000</mRadius>
</ball>
</ent>
<ent>
<class>5</class>
<mCollidable>true</mCollidable>
<mMoving>true</mMoving>
<pegInfo>
<mVariable>true</mVariable>
</pegInfo>
<ball>
<mIsPeg>true</mIsPeg>
<mCollidesWithOtherBalls>true</mCollidesWithOtherBalls>
<mx>85.000000</mx>
<my>350.000000</my>
<mRadius>10.000000</mRadius>
</ball>
</ent>
<ent>
<class>5</class>
<mCollidable>true</mCollidable>
<mMoving>true</mMoving>
<pegInfo>
<mVariable>true</mVariable>
</pegInfo>
<ball>
<mIsPeg>true</mIsPeg>
<mCollidesWithOtherBalls>true</mCollidesWithOtherBalls>
<mx>105.000000</mx>
<my>320.000000</my>
<mRadius>10.000000</mRadius>
</ball>
</ent>
<ent>
<class>5</class>
<mCollidable>true</mCollidable>
<mMoving>true</mMoving>
<pegInfo>
<mVariable>true</mVariable>
</pegInfo>
<ball>
<mIsPeg>true</mIsPeg>
<mCollidesWithOtherBalls>true</mCollidesWithOtherBalls>
<mx>235.000000</mx>
<my>265.000000</my>
<mRadius>10.000000</mRadius>
</ball>
</ent>
<ent>
<class>5</class>
<mCollidable>true</mCollidable>
<mMoving>true</mMoving>
<pegInfo>
<mVariable>true</mVariable>
</pegInfo>
<ball>
<mIsPeg>true</mIsPeg>
<mCollidesWithOtherBalls>true</mCollidesWithOtherBalls>
<mx>255.000000</mx>
<my>230.000000</my>
<mRadius>10.000000</mRadius>
</ball>
</ent>
<ent>
<class>5</class>
<mCollidable>true</mCollidable>
<mMoving>true</mMoving>
<pegInfo>
<mVariable>true</mVariable>
</pegInfo>
<ball>
<mIsPeg>true</mIsPeg>
<mCollidesWithOtherBalls>true</mCollidesWithOtherBalls>
<mx>305.000000</mx>
<my>240.000000</my>
<mRadius>10.000000</mRadius>
</ball>
</ent>
<ent>
<class>5</class>
<mCollidable>true</mCollidable>
<mMoving>true</mMoving>
<pegInfo>
<mVariable>true</mVariable>
</pegInfo>
<ball>
<mIsPeg>true</mIsPeg>
<mCollidesWithOtherBalls>true</mCollidesWithOtherBalls>
<mx>395.000000</mx>
<my>230.000000</my>
<mRadius>10.000000</mRadius>
</ball>
</ent>
<ent>
<class>5</class>
<mCollidable>true</mCollidable>
<mMoving>true</mMoving>
<pegInfo>
<mVariable>true</mVariable>
</pegInfo>
<ball>
<mIsPeg>true</mIsPeg>
<mCollidesWithOtherBalls>true</mCollidesWithOtherBalls>
<mx>415.000000</mx>
<my>265.000000</my>
<mRadius>10.000000</mRadius>
</ball>
</ent>
<ent>
<class>5</class>
<mCollidable>true</mCollidable>
<mMoving>true</mMoving>
<pegInfo>
<mVariable>true</mVariable>
</pegInfo>
<ball>
<mIsPeg>true</mIsPeg>
<mCollidesWithOtherBalls>true</mCollidesWithOtherBalls>
<mx>280.000000</mx>
<my>275.000000</my>
<mRadius>10.000000</mRadius>
</ball>
</ent>
<ent>
<class>5</class>
<mCollidable>true</mCollidable>
<mMoving>true</mMoving>
<pegInfo>
<mVariable>true</mVariable>
</pegInfo>
<ball>
<mIsPeg>true</mIsPeg>
<mCollidesWithOtherBalls>true</mCollidesWithOtherBalls>
<mx>325.000000</mx>
<my>280.000000</my>
<mRadius>10.000000</mRadius>
</ball>
</ent>
<ent>
<class>5</class>
<mCollidable>true</mCollidable>
<mMoving>true</mMoving>
<pegInfo>
<mVariable>true</mVariable>
</pegInfo>
<ball>
<mIsPeg>true</mIsPeg>
<mCollidesWithOtherBalls>true</mCollidesWithOtherBalls>
<mx>370.000000</mx>
<my>275.000000</my>
<mRadius>10.000000</mRadius>
</ball>
</ent>
<ent>
<class>5</class>
<mCollidable>true</mCollidable>
<mMoving>true</mMoving>
<pegInfo>
<mVariable>true</mVariable>
</pegInfo>
<ball>
<mIsPeg>true</mIsPeg>
<mCollidesWithOtherBalls>true</mCollidesWithOtherBalls>
<mx>305.000000</mx>
<my>320.000000</my>
<mRadius>10.000000</mRadius>
</ball>
</ent>
<ent>
<class>5</class>
<mCollidable>true</mCollidable>
<mMoving>true</mMoving>
<pegInfo>
<mVariable>true</mVariable>
</pegInfo>
<ball>
<mIsPeg>true</mIsPeg>
<mCollidesWithOtherBalls>true</mCollidesWithOtherBalls>
<mx>345.000000</mx>
<my>320.000000</my>
<mRadius>10.000000</mRadius>
</ball>
</ent>
<ent>
<class>5</class>
<mCollidable>true</mCollidable>
<mMoving>true</mMoving>
<pegInfo>
<mVariable>true</mVariable>
</pegInfo>
<ball>
<mIsPeg>true</mIsPeg>
<mCollidesWithOtherBalls>true</mCollidesWithOtherBalls>
<mx>325.000000</mx>
<my>360.000000</my>
<mRadius>10.000000</mRadius>
</ball>
</ent>
<ent>
<class>5</class>
<mCollidable>true</mCollidable>
<mMoving>true</mMoving>
<pegInfo>
<mVariable>true</mVariable>
</pegInfo>
<ball>
<mIsPeg>true</mIsPeg>
<mCollidesWithOtherBalls>true</mCollidesWithOtherBalls>
<mx>280.000000</mx>
<my>435.000000</my>
<mRadius>10.000000</mRadius>
</ball>
</ent>
<ent>
<class>5</class>
<mCollidable>true</mCollidable>
<mMoving>true</mMoving>
<pegInfo>
<mVariable>true</mVariable>
</pegInfo>
<ball>
<mIsPeg>true</mIsPeg>
<mCollidesWithOtherBalls>true</mCollidesWithOtherBalls>
<mx>325.000000</mx>
<my>435.000000</my>
<mRadius>10.000000</mRadius>
</ball>
</ent>
<ent>
<class>5</class>
<mCollidable>true</mCollidable>
<mMoving>true</mMoving>
<pegInfo>
<mVariable>true</mVariable>
</pegInfo>
<ball>
<mIsPeg>true</mIsPeg>
<mCollidesWithOtherBalls>true</mCollidesWithOtherBalls>
<mx>370.000000</mx>
<my>435.000000</my>
<mRadius>10.000000</mRadius>
</ball>
</ent>
<ent>
<class>5</class>
<mCollidable>true</mCollidable>
<mMoving>true</mMoving>
<pegInfo>
<mVariable>true</mVariable>
</pegInfo>
<ball>
<mIsPeg>true</mIsPeg>
<mCollidesWithOtherBalls>true</mCollidesWithOtherBalls>
<mx>305.000000</mx>
<my>395.000000</my>
<mRadius>10.000000</mRadius>
</ball>
</ent>
<ent>
<class>5</class>
<mCollidable>true</mCollidable>
<mMoving>true</mMoving>
<pegInfo>
<mVariable>true</mVariable>
</pegInfo>
<ball>
<mIsPeg>true</mIsPeg>
<mCollidesWithOtherBalls>true</mCollidesWithOtherBalls>
<mx>345.000000</mx>
<my>395.000000</my>
<mRadius>10.000000</mRadius>
</ball>
</ent>
<ent>
<class>5</class>
<mCollidable>true</mCollidable>
<mMoving>true</mMoving>
<pegInfo>
<mVariable>true</mVariable>
</pegInfo>
<ball>
<mIsPeg>true</mIsPeg>
<mCollidesWithOtherBalls>true</mCollidesWithOtherBalls>
<mx>465.000000</mx>
<my>390.000000</my>
<mRadius>10.000000</mRadius>
</ball>
</ent>
<ent>
<class>5</class>
<mCollidable>true</mCollidable>
<mMoving>true</mMoving>
<pegInfo>
<mVariable>true</mVariable>
</pegInfo>
<ball>
<mIsPeg>true</mIsPeg>
<mCollidesWithOtherBalls>true</mCollidesWithOtherBalls>
<mx>445.000000</mx>
<my>360.000000</my>
<mRadius>10.000000</mRadius>
</ball>
</ent>
<ent>
<class>5</class>
<mCollidable>true</mCollidable>
<mMoving>true</mMoving>
<pegInfo>
<mVariable>true</mVariable>
</pegInfo>
<ball>
<mIsPeg>true</mIsPeg>
<mCollidesWithOtherBalls>true</mCollidesWithOtherBalls>
<mx>465.000000</mx>
<my>330.000000</my>
<mRadius>10.000000</mRadius>
</ball>
</ent>
<ent>
<class>5</class>
<mCollidable>true</mCollidable>
<mMoving>true</mMoving>
<pegInfo>
<mVariable>true</mVariable>
</pegInfo>
<ball>
<mIsPeg>true</mIsPeg>
<mCollidesWithOtherBalls>true</mCollidesWithOtherBalls>
<mx>485.000000</mx>
<my>360.000000</my>
<mRadius>10.000000</mRadius>
</ball>
</ent>
<ent>
<class>5</class>
<mCollidable>true</mCollidable>
<mMoving>true</mMoving>
<pegInfo>
<mVariable>true</mVariable>
</pegInfo>
<ball>
<mIsPeg>true</mIsPeg>
<mCollidesWithOtherBalls>true</mCollidesWithOtherBalls>
<mx>525.000000</mx>
<my>290.000000</my>
<mRadius>10.000000</mRadius>
</ball>
</ent>
<ent>
<class>5</class>
<mCollidable>true</mCollidable>
<mMoving>true</mMoving>
<pegInfo>
<mVariable>true</mVariable>
</pegInfo>
<ball>
<mIsPeg>true</mIsPeg>
<mCollidesWithOtherBalls>true</mCollidesWithOtherBalls>
<mx>565.000000</mx>
<my>290.000000</my>
<mRadius>10.000000</mRadius>
</ball>
</ent>
<ent>
<class>5</class>
<mCollidable>true</mCollidable>
<mMoving>true</mMoving>
<pegInfo>
<mVariable>true</mVariable>
</pegInfo>
<ball>
<mIsPeg>true</mIsPeg>
<mCollidesWithOtherBalls>true</mCollidesWithOtherBalls>
<mx>585.000000</mx>
<my>320.000000</my>
<mRadius>10.000000</mRadius>
</ball>
</ent>
<ent>
<class>5</class>
<mCollidable>true</mCollidable>
<mMoving>true</mMoving>
<pegInfo>
<mVariable>true</mVariable>
</pegInfo>
<ball>
<mIsPeg>true</mIsPeg>
<mCollidesWithOtherBalls>true</mCollidesWithOtherBalls>
<mx>565.000000</mx>
<my>350.000000</my>
<mRadius>10.000000</mRadius>
</ball>
</ent>
<ent>
<class>5</class>
<mCollidable>true</mCollidable>
<mMoving>true</mMoving>
<pegInfo>
<mVariable>true</mVariable>
</pegInfo>
<ball>
<mIsPeg>true</mIsPeg>
<mCollidesWithOtherBalls>true</mCollidesWithOtherBalls>
<mx>545.000000</mx>
<my>320.000000</my>
<mRadius>10.000000</mRadius>
</ball>
</ent>
<ent>
<class>5</class>
<mCollidable>true</mCollidable>
<mMoving>true</mMoving>
<pegInfo>
<mVariable>true</mVariable>
</pegInfo>
<ball>
<mIsPeg>true</mIsPeg>
<mCollidesWithOtherBalls>true</mCollidesWithOtherBalls>
<mx>505.000000</mx>
<my>390.000000</my>
<mRadius>10.000000</mRadius>
</ball>
</ent>
<ent>
<class>5</class>
<mCollidable>true</mCollidable>
<mMoving>true</mMoving>
<pegInfo>
<mVariable>true</mVariable>
</pegInfo>
<ball>
<mIsPeg>true</mIsPeg>
<mCollidesWithOtherBalls>true</mCollidesWithOtherBalls>
<mx>345.000000</mx>
<my>240.000000</my>
<mRadius>10.000000</mRadius>
</ball>
</ent>
<ent>
<class>5</class>
<mCollidable>true</mCollidable>
<mMoving>true</mMoving>
<pegInfo>
<mVariable>true</mVariable>
</pegInfo>
<ball>
<mIsPeg>true</mIsPeg>
<mCollidesWithOtherBalls>true</mCollidesWithOtherBalls>
<mx>325.000000</mx>
<my>200.000000</my>
<mRadius>10.000000</mRadius>
</ball>
</ent>
</level>
